==============================================================
 安眠科技 · 会聊天的哄睡设备 —— 主循环（HAL 接入版）
 核心是 Agent 语音对话；入睡判定供输入、呼吸光引导做输出
==============================================================
[22:05:00] 设备就绪，等待睡前时刻
[link] ↑ 上报入睡判定：清醒 置信=  0%  呼吸= 0次/分
[ui] 界面状态 → 表盘待机  灯=  0%  音量=  0%  已过=0s  夜醒=0
  22:05:05  [清醒] 规律度=0.00 呼吸率=  0.0/分 体动=0.000  音量=0% 灯=0%
  22:05:10  [清醒] 规律度=0.00 呼吸率=  0.0/分 体动=0.000  音量=0% 灯=0%
  22:05:15  [清醒] 规律度=0.00 呼吸率=  0.0/分 体动=0.000  音量=0% 灯=0%
  22:05:20  [清醒] 规律度=0.00 呼吸率=  0.0/分 体动=0.000  音量=0% 灯=0%
  22:05:25  [清醒] 规律度=0.00 呼吸率=  0.0/分 体动=0.000  音量=0% 灯=0%
  22:05:30  [清醒] 规律度=0.09 呼吸率=  0.0/分 体动=0.000  音量=0% 灯=0%
  22:05:35  [清醒] 规律度=0.07 呼吸率=  0.0/分 体动=0.000  音量=0% 灯=0%
  22:05:40  [清醒] 规律度=0.10 呼吸率=  0.0/分 体动=0.000  音量=0% 灯=0%
  22:05:45  [清醒] 规律度=0.10 呼吸率=  0.0/分 体动=0.000  音量=0% 灯=0%
  22:05:50  [清醒] 规律度=0.12 呼吸率=  0.0/分 体动=0.000  音量=0% 灯=0%
  22:05:55  [清醒] 规律度=0.11 呼吸率=  0.0/分 体动=0.000  音量=0% 灯=0%
  22:06:00  [清醒] 规律度=0.11 呼吸率=  0.0/分 体动=0.000  音量=0% 灯=0%
  22:06:05  [清醒] 规律度=0.09 呼吸率=  0.0/分 体动=0.000  音量=0% 灯=0%
  22:06:10  [清醒] 规律度=0.14 呼吸率=  0.0/分 体动=0.000  音量=0% 灯=0%
  22:06:15  [清醒] 规律度=0.16 呼吸率=  0.0/分 体动=0.000  音量=0% 灯=0%
  22:06:20  [清醒] 规律度=0.13 呼吸率=  0.0/分 体动=0.000  音量=0% 灯=0%
  22:06:25  [清醒] 规律度=0.13 呼吸率=  0.0/分 体动=0.000  音量=0% 灯=0%
  22:06:30  [清醒] 规律度=0.13 呼吸率=  0.0/分 体动=0.000  音量=0% 灯=0%
  22:06:35  [清醒] 规律度=0.12 呼吸率=  0.0/分 体动=0.000  音量=0% 灯=0%
  22:06:40  [清醒] 规律度=0.09 呼吸率=  0.0/分 体动=0.000  音量=0% 灯=0%
  22:06:45  [清醒] 规律度=0.11 呼吸率=  0.0/分 体动=0.000  音量=0% 灯=0%
  22:06:50  [清醒] 规律度=0.15 呼吸率=  0.0/分 体动=0.000  音量=0% 灯=0%
  22:06:55  [清醒] 规律度=0.13 呼吸率=  0.0/分 体动=0.000  音量=0% 灯=0%
  22:07:00  [清醒] 规律度=0.12 呼吸率=  0.0/分 体动=0.000  音量=0% 灯=0%
  22:07:05  [清醒] 规律度=0.14 呼吸率=  0.0/分 体动=0.000  音量=0% 灯=0%
  22:07:10  [清醒] 规律度=0.13 呼吸率=  0.0/分 体动=0.000  音量=0% 灯=0%
  22:07:15  [清醒] 规律度=0.14 呼吸率=  0.0/分 体动=0.000  音量=0% 灯=0%
  22:07:20  [清醒] 规律度=0.12 呼吸率=  0.0/分 体动=0.000  音量=0% 灯=0%
  22:07:25  [清醒] 规律度=0.09 呼吸率=  0.0/分 体动=0.000  音量=0% 灯=0%
  22:07:30  [清醒] 规律度=0.10 呼吸率=  0.0/分 体动=0.000  音量=0% 灯=0%
  22:07:35  [清醒] 规律度=0.09 呼吸率=  0.0/分 体动=0.000  音量=0% 灯=0%
  22:07:40  [清醒] 规律度=0.13 呼吸率=  0.0/分 体动=0.000  音量=0% 灯=0%
  22:07:45  [清醒] 规律度=0.12 呼吸率=  0.0/分 体动=0.000  音量=0% 灯=0%
  22:07:50  [清醒] 规律度=0.12 呼吸率=  0.0/分 体动=0.000  音量=0% 灯=0%
  22:07:55  [清醒] 规律度=0.13 呼吸率=  0.0/分 体动=0.000  音量=0% 灯=0%
  22:08:00  [清醒] 规律度=0.12 呼吸率=  0.0/分 体动=0.000  音量=0% 灯=0%
  22:08:05  [清醒] 规律度=0.14 呼吸率=  0.0/分 体动=0.000  音量=0% 灯=0%
  22:08:10  [清醒] 规律度=0.12 呼吸率=  0.0/分 体动=0.000  音量=0% 灯=0%
  22:08:15  [清醒] 规律度=0.10 呼吸率=  0.0/分 体动=0.000  音量=0% 灯=0%
  22:08:20  [清醒] 规律度=0.10 呼吸率=  0.0/分 体动=0.000  音量=0% 灯=0%
  22:08:25  [清醒] 规律度=0.08 呼吸率=  0.0/分 体动=0.000  音量=0% 灯=0%
  22:08:30  [清醒] 规律度=0.12 呼吸率=  0.0/分 体动=0.000  音量=0% 灯=0%
  22:08:35  [清醒] 规律度=0.09 呼吸率=  0.0/分 体动=0.000  音量=0% 灯=0%
  22:08:40  [清醒] 规律度=0.12 呼吸率=  0.0/分 体动=0.000  音量=0% 灯=0%
  22:08:45  [清醒] 规律度=0.09 呼吸率=  0.0/分 体动=0.000  音量=0% 灯=0%
  22:08:50  [清醒] 规律度=0.11 呼吸率=  0.0/分 体动=0.000  音量=0% 灯=0%
  22:08:55  [清醒] 规律度=0.11 呼吸率=  0.0/分 体动=0.000  音量=0% 灯=0%
  22:09:00  [清醒] 规律度=0.11 呼吸率=  0.0/分 体动=0.000  音量=0% 灯=0%
  22:09:05  [清醒] 规律度=0.11 呼吸率=  0.0/分 体动=0.000  音量=0% 灯=0%
  22:09:10  [清醒] 规律度=0.11 呼吸率=  0.0/分 体动=0.000  音量=0% 灯=0%
  22:09:15  [清醒] 规律度=0.09 呼吸率=  0.0/分 体动=0.000  音量=0% 灯=0%
  22:09:20  [清醒] 规律度=0.09 呼吸率=  0.0/分 体动=0.000  音量=0% 灯=0%
  22:09:25  [清醒] 规律度=0.11 呼吸率=  0.0/分 体动=0.000  音量=0% 灯=0%
  22:09:30  [清醒] 规律度=0.15 呼吸率=  0.0/分 体动=0.000  音量=0% 灯=0%
  22:09:35  [清醒] 规律度=0.14 呼吸率=  0.0/分 体动=0.000  音量=0% 灯=0%
  22:09:40  [清醒] 规律度=0.12 呼吸率=  0.0/分 体动=0.000  音量=0% 灯=0%
  22:09:45  [清醒] 规律度=0.13 呼吸率=  0.0/分 体动=0.000  音量=0% 灯=0%
  22:09:50  [清醒] 规律度=0.11 呼吸率=  0.0/分 体动=0.000  音量=0% 灯=0%
  22:09:55  [清醒] 规律度=0.15 呼吸率=  0.0/分 体动=0.000  音量=0% 灯=0%
  22:10:00  [清醒] 规律度=0.09 呼吸率=  0.0/分 体动=0.000  音量=0% 灯=0%
[link] ↑ 上报入睡判定：清醒 置信=  0%  呼吸= 0次/分
  22:10:05  [清醒] 规律度=0.13 呼吸率=  0.0/分 体动=0.000  音量=0% 灯=0%
  22:10:10  [清醒] 规律度=0.12 呼吸率=  0.0/分 体动=0.000  音量=0% 灯=0%
  22:10:15  [清醒] 规律度=0.12 呼吸率=  0.0/分 体动=0.000  音量=0% 灯=0%
  22:10:20  [清醒] 规律度=0.18 呼吸率=  0.0/分 体动=0.000  音量=0% 灯=0%
  22:10:25  [清醒] 规律度=0.11 呼吸率=  0.0/分 体动=0.000  音量=0% 灯=0%
  22:10:30  [清醒] 规律度=0.07 呼吸率=  0.0/分 体动=0.000  音量=0% 灯=0%
  22:10:35  [清醒] 规律度=0.12 呼吸率=  0.0/分 体动=0.000  音量=0% 灯=0%
  22:10:40  [清醒] 规律度=0.12 呼吸率=  0.0/分 体动=0.000  音量=0% 灯=0%
  22:10:45  [清醒] 规律度=0.12 呼吸率=  0.0/分 体动=0.000  音量=0% 灯=0%
  22:10:50  [清醒] 规律度=0.13 呼吸率=  0.0/分 体动=0.000  音量=0% 灯=0%
  22:10:55  [清醒] 规律度=0.11 呼吸率=  0.0/分 体动=0.000  音量=0% 灯=0%
  22:11:00  [清醒] 规律度=0.09 呼吸率=  0.0/分 体动=0.000  音量=0% 灯=0%
  22:11:05  [清醒] 规律度=0.08 呼吸率=  0.0/分 体动=0.000  音量=0% 灯=0%
  22:11:10  [清醒] 规律度=0.08 呼吸率=  0.0/分 体动=0.000  音量=0% 灯=0%
  22:11:15  [清醒] 规律度=0.13 呼吸率=  0.0/分 体动=0.000  音量=0% 灯=0%
  22:11:20  [清醒] 规律度=0.10 呼吸率=  0.0/分 体动=0.000  音量=0% 灯=0%
  22:11:25  [清醒] 规律度=0.12 呼吸率=  0.0/分 体动=0.000  音量=0% 灯=0%
  22:11:30  [清醒] 规律度=0.13 呼吸率=  0.0/分 体动=0.000  音量=0% 灯=0%
  22:11:35  [清醒] 规律度=0.11 呼吸率=  0.0/分 体动=0.000  音量=0% 灯=0%
  22:11:40  [清醒] 规律度=0.12 呼吸率=  0.0/分 体动=0.000  音量=0% 灯=0%
  22:11:45  [清醒] 规律度=0.11 呼吸率=  0.0/分 体动=0.000  音量=0% 灯=0%
  22:11:50  [清醒] 规律度=0.15 呼吸率=  0.0/分 体动=0.000  音量=0% 灯=0%
  22:11:55  [清醒] 规律度=0.16 呼吸率=  0.0/分 体动=0.000  音量=0% 灯=0%
[22:12:00] ← Agent 改呼吸节拍：吸 4000 / 屏 2000 / 呼 6000 ms，峰值 35%
  22:12:00  [清醒] 规律度=0.13 呼吸率=  0.0/分 体动=0.000  音量=0% 灯=0%
  22:12:05  [清醒] 规律度=0.14 呼吸率=  0.0/分 体动=0.000  音量=0% 灯=0%
  22:12:10  [清醒] 规律度=0.12 呼吸率=  0.0/分 体动=0.000  音量=0% 灯=0%
  22:12:15  [清醒] 规律度=0.12 呼吸率=  0.0/分 体动=0.000  音量=0% 灯=0%
  22:12:20  [清醒] 规律度=0.11 呼吸率=  0.0/分 体动=0.000  音量=0% 灯=0%
  22:12:25  [清醒] 规律度=0.11 呼吸率=  0.0/分 体动=0.000  音量=0% 灯=0%
  22:12:30  [清醒] 规律度=0.12 呼吸率=  0.0/分 体动=0.000  音量=0% 灯=0%
  22:12:35  [清醒] 规律度=0.11 呼吸率=  0.0/分 体动=0.000  音量=0% 灯=0%
  22:12:40  [清醒] 规律度=0.11 呼吸率=  0.0/分 体动=0.000  音量=0% 灯=0%
  22:12:45  [清醒] 规律度=0.14 呼吸率=  0.0/分 体动=0.000  音量=0% 灯=0%
  22:12:50  [清醒] 规律度=0.12 呼吸率=  0.0/分 体动=0.000  音量=0% 灯=0%
  22:12:55  [清醒] 规律度=0.15 呼吸率=  0.0/分 体动=0.000  音量=0% 灯=0%
  22:13:00  [清醒] 规律度=0.14 呼吸率=  0.0/分 体动=0.000  音量=0% 灯=0%
  22:13:05  [清醒] 规律度=0.17 呼吸率=  0.0/分 体动=0.000  音量=0% 灯=0%
  22:13:10  [清醒] 规律度=0.14 呼吸率=  0.0/分 体动=0.000  音量=0% 灯=0%
  22:13:15  [清醒] 规律度=0.10 呼吸率=  0.0/分 体动=0.000  音量=0% 灯=0%
  22:13:20  [清醒] 规律度=0.13 呼吸率=  0.0/分 体动=0.000  音量=0% 灯=0%
  22:13:25  [清醒] 规律度=0.13 呼吸率=  0.0/分 体动=0.000  音量=0% 灯=0%
  22:13:30  [清醒] 规律度=0.12 呼吸率=  0.0/分 体动=0.000  音量=0% 灯=0%
  22:13:35  [清醒] 规律度=0.12 呼吸率=  0.0/分 体动=0.000  音量=0% 灯=0%
  22:13:40  [清醒] 规律度=0.12 呼吸率=  0.0/分 体动=0.000  音量=0% 灯=0%
  22:13:45  [清醒] 规律度=0.13 呼吸率=  0.0/分 体动=0.000  音量=0% 灯=0%
  22:13:50  [清醒] 规律度=0.10 呼吸率=  0.0/分 体动=0.000  音量=0% 灯=0%
  22:13:55  [清醒] 规律度=0.10 呼吸率=  0.0/分 体动=0.000  音量=0% 灯=0%
  22:14:00  [清醒] 规律度=0.12 呼吸率=  0.0/分 体动=0.000  音量=0% 灯=0%
  22:14:05  [清醒] 规律度=0.10 呼吸率=  0.0/分 体动=0.000  音量=0% 灯=0%
  22:14:10  [清醒] 规律度=0.08 呼吸率=  0.0/分 体动=0.000  音量=0% 灯=0%
  22:14:15  [清醒] 规律度=0.11 呼吸率=  0.0/分 体动=0.000  音量=0% 灯=0%
  22:14:20  [清醒] 规律度=0.09 呼吸率=  0.0/分 体动=0.000  音量=0% 灯=0%
  22:14:25  [清醒] 规律度=0.07 呼吸率=  0.0/分 体动=0.000  音量=0% 灯=0%
  22:14:30  [清醒] 规律度=0.08 呼吸率=  0.0/分 体动=0.000  音量=0% 灯=0%
  22:14:35  [清醒] 规律度=0.08 呼吸率=  0.0/分 体动=0.000  音量=0% 灯=0%
  22:14:40  [清醒] 规律度=0.12 呼吸率=  0.0/分 体动=0.000  音量=0% 灯=0%
  22:14:45  [清醒] 规律度=0.12 呼吸率=  0.0/分 体动=0.000  音量=0% 灯=0%
  22:14:50  [清醒] 规律度=0.13 呼吸率=  0.0/分 体动=0.000  音量=0% 灯=0%
  22:14:55  [清醒] 规律度=0.11 呼吸率=  0.0/分 体动=0.000  音量=0% 灯=0%
  22:15:00  [清醒] 规律度=0.11 呼吸率=  0.0/分 体动=0.000  音量=0% 灯=0%
[link] ↑ 上报入睡判定：清醒 置信=  0%  呼吸= 0次/分
  22:15:05  [清醒] 规律度=0.10 呼吸率=  0.0/分 体动=0.000  音量=0% 灯=0%
  22:15:10  [清醒] 规律度=0.10 呼吸率=  0.0/分 体动=0.000  音量=0% 灯=0%
  22:15:15  [清醒] 规律度=0.11 呼吸率=  0.0/分 体动=0.000  音量=0% 灯=0%
  22:15:20  [清醒] 规律度=0.10 呼吸率=  0.0/分 体动=0.000  音量=0% 灯=0%
  22:15:25  [清醒] 规律度=0.10 呼吸率=  0.0/分 体动=0.000  音量=0% 灯=0%
  22:15:30  [清醒] 规律度=0.12 呼吸率=  0.0/分 体动=0.000  音量=0% 灯=0%
  22:15:35  [清醒] 规律度=0.11 呼吸率=  0.0/分 体动=0.000  音量=0% 灯=0%
  22:15:40  [清醒] 规律度=0.12 呼吸率=  0.0/分 体动=0.000  音量=0% 灯=0%
  22:15:45  [清醒] 规律度=0.11 呼吸率=  0.0/分 体动=0.000  音量=0% 灯=0%
  22:15:50  [清醒] 规律度=0.10 呼吸率=  0.0/分 体动=0.000  音量=0% 灯=0%
  22:15:55  [清醒] 规律度=0.11 呼吸率=  0.0/分 体动=0.000  音量=0% 灯=0%
  22:16:00  [清醒] 规律度=0.11 呼吸率=  0.0/分 体动=0.000  音量=0% 灯=0%
  22:16:05  [清醒] 规律度=0.14 呼吸率=  0.0/分 体动=0.000  音量=0% 灯=0%
  22:16:10  [清醒] 规律度=0.14 呼吸率=  0.0/分 体动=0.000  音量=0% 灯=0%
  22:16:15  [清醒] 规律度=0.14 呼吸率=  0.0/分 体动=0.000  音量=0% 灯=0%
  22:16:20  [清醒] 规律度=0.10 呼吸率=  0.0/分 体动=0.000  音量=0% 灯=0%
  22:16:25  [清醒] 规律度=0.10 呼吸率=  0.0/分 体动=0.000  音量=0% 灯=0%
  22:16:30  [清醒] 规律度=0.12 呼吸率=  0.0/分 体动=0.000  音量=0% 灯=0%
  22:16:35  [清醒] 规律度=0.11 呼吸率=  0.0/分 体动=0.000  音量=0% 灯=0%
  22:16:40  [清醒] 规律度=0.18 呼吸率=  0.0/分 体动=0.000  音量=0% 灯=0%
  22:16:45  [清醒] 规律度=0.17 呼吸率=  0.0/分 体动=0.000  音量=0% 灯=0%
  22:16:50  [清醒] 规律度=0.15 呼吸率=  0.0/分 体动=0.000  音量=0% 灯=0%
  22:16:55  [清醒] 规律度=0.16 呼吸率=  0.0/分 体动=0.000  音量=0% 灯=0%
  22:17:00  [清醒] 规律度=0.12 呼吸率=  0.0/分 体动=0.000  音量=0% 灯=0%
  22:17:05  [清醒] 规律度=0.13 呼吸率=  0.0/分 体动=0.000  音量=0% 灯=0%
  22:17:10  [清醒] 规律度=0.14 呼吸率=  0.0/分 体动=0.000  音量=0% 灯=0%
  22:17:15  [清醒] 规律度=0.10 呼吸率=  0.0/分 体动=0.000  音量=0% 灯=0%
  22:17:20  [清醒] 规律度=0.10 呼吸率=  0.0/分 体动=0.000  音量=0% 灯=0%
  22:17:25  [清醒] 规律度=0.12 呼吸率=  0.0/分 体动=0.000  音量=0% 灯=0%
  22:17:30  [清醒] 规律度=0.13 呼吸率=  0.0/分 体动=0.000  音量=0% 灯=0%
  22:17:35  [清醒] 规律度=0.14 呼吸率=  0.0/分 体动=0.000  音量=0% 灯=0%
  22:17:40  [清醒] 规律度=0.14 呼吸率=  0.0/分 体动=0.000  音量=0% 灯=0%
  22:17:45  [清醒] 规律度=0.11 呼吸率=  0.0/分 体动=0.000  音量=0% 灯=0%
  22:17:50  [清醒] 规律度=0.11 呼吸率=  0.0/分 体动=0.000  音量=0% 灯=0%
  22:17:55  [清醒] 规律度=0.07 呼吸率=  0.0/分 体动=0.000  音量=0% 灯=0%
  22:18:00  [清醒] 规律度=0.10 呼吸率=  0.0/分 体动=0.000  音量=0% 灯=0%
  22:18:05  [清醒] 规律度=0.08 呼吸率=  0.0/分 体动=0.000  音量=0% 灯=0%
  22:18:10  [清醒] 规律度=0.10 呼吸率=  0.0/分 体动=0.000  音量=0% 灯=0%
  22:18:15  [清醒] 规律度=0.11 呼吸率=  0.0/分 体动=0.000  音量=0% 灯=0%
  22:18:20  [清醒] 规律度=0.09 呼吸率=  0.0/分 体动=0.000  音量=0% 灯=0%
  22:18:25  [清醒] 规律度=0.11 呼吸率=  0.0/分 体动=0.000  音量=0% 灯=0%
  22:18:30  [清醒] 规律度=0.12 呼吸率=  0.0/分 体动=0.000  音量=0% 灯=0%
  22:18:35  [清醒] 规律度=0.11 呼吸率=  0.0/分 体动=0.000  音量=0% 灯=0%
  22:18:40  [清醒] 规律度=0.10 呼吸率=  0.0/分 体动=0.000  音量=0% 灯=0%
  22:18:45  [清醒] 规律度=0.10 呼吸率=  0.0/分 体动=0.000  音量=0% 灯=0%
  22:18:50  [清醒] 规律度=0.11 呼吸率=  0.0/分 体动=0.000  音量=0% 灯=0%
  22:18:55  [清醒] 规律度=0.12 呼吸率=  0.0/分 体动=0.000  音量=0% 灯=0%
  22:19:00  [清醒] 规律度=0.15 呼吸率=  0.0/分 体动=0.000  音量=0% 灯=0%
  22:19:05  [清醒] 规律度=0.19 呼吸率=  0.0/分 体动=0.000  音量=0% 灯=0%
  22:19:10  [清醒] 规律度=0.11 呼吸率=  0.0/分 体动=0.000  音量=0% 灯=0%
  22:19:15  [清醒] 规律度=0.14 呼吸率=  0.0/分 体动=0.000  音量=0% 灯=0%
  22:19:20  [清醒] 规律度=0.13 呼吸率=  0.0/分 体动=0.000  音量=0% 灯=0%
  22:19:25  [清醒] 规律度=0.13 呼吸率=  0.0/分 体动=0.000  音量=0% 灯=0%
  22:19:30  [清醒] 规律度=0.09 呼吸率=  0.0/分 体动=0.000  音量=0% 灯=0%
  22:19:35  [清醒] 规律度=0.09 呼吸率=  0.0/分 体动=0.000  音量=0% 灯=0%
  22:19:40  [清醒] 规律度=0.15 呼吸率=  0.0/分 体动=0.000  音量=0% 灯=0%
  22:19:45  [清醒] 规律度=0.09 呼吸率=  0.0/分 体动=0.000  音量=0% 灯=0%
  22:19:50  [清醒] 规律度=0.09 呼吸率=  0.0/分 体动=0.000  音量=0% 灯=0%
  22:19:55  [清醒] 规律度=0.09 呼吸率=  0.0/分 体动=0.000  音量=0% 灯=0%
[22:20:00] ← Agent 改光晕峰值：60%
  22:20:00  [清醒] 规律度=0.09 呼吸率=  0.0/分 体动=0.000  音量=0% 灯=0%
[link] ↑ 上报入睡判定：清醒 置信=  0%  呼吸= 0次/分
  22:20:05  [清醒] 规律度=0.08 呼吸率=  0.0/分 体动=0.000  音量=0% 灯=0%
  22:20:10  [清醒] 规律度=0.13 呼吸率=  0.0/分 体动=0.000  音量=0% 灯=0%
  22:20:15  [清醒] 规律度=0.14 呼吸率=  0.0/分 体动=0.000  音量=0% 灯=0%
  22:20:20  [清醒] 规律度=0.14 呼吸率=  0.0/分 体动=0.000  音量=0% 灯=0%
  22:20:25  [清醒] 规律度=0.12 呼吸率=  0.0/分 体动=0.000  音量=0% 灯=0%
  22:20:30  [清醒] 规律度=0.10 呼吸率=  0.0/分 体动=0.000  音量=0% 灯=0%
  22:20:35  [清醒] 规律度=0.13 呼吸率=  0.0/分 体动=0.000  音量=0% 灯=0%
  22:20:40  [清醒] 规律度=0.08 呼吸率=  0.0/分 体动=0.000  音量=0% 灯=0%
  22:20:45  [清醒] 规律度=0.08 呼吸率=  0.0/分 体动=0.000  音量=0% 灯=0%
  22:20:50  [清醒] 规律度=0.10 呼吸率=  0.0/分 体动=0.000  音量=0% 灯=0%
  22:20:55  [清醒] 规律度=0.11 呼吸率=  0.0/分 体动=0.000  音量=0% 灯=0%
  22:21:00  [清醒] 规律度=0.09 呼吸率=  0.0/分 体动=0.000  音量=0% 灯=0%
  22:21:05  [清醒] 规律度=0.13 呼吸率=  0.0/分 体动=0.000  音量=0% 灯=0%
  22:21:10  [清醒] 规律度=0.14 呼吸率=  0.0/分 体动=0.000  音量=0% 灯=0%
  22:21:15  [清醒] 规律度=0.16 呼吸率=  0.0/分 体动=0.000  音量=0% 灯=0%
  22:21:20  [清醒] 规律度=0.16 呼吸率=  0.0/分 体动=0.000  音量=0% 灯=0%
  22:21:25  [清醒] 规律度=0.16 呼吸率=  0.0/分 体动=0.000  音量=0% 灯=0%
  22:21:30  [清醒] 规律度=0.19 呼吸率=  0.0/分 体动=0.000  音量=0% 灯=0%
  22:21:35  [清醒] 规律度=0.17 呼吸率=  0.0/分 体动=0.000  音量=0% 灯=0%
  22:21:40  [清醒] 规律度=0.17 呼吸率=  0.0/分 体动=0.000  音量=0% 灯=0%
  22:21:45  [清醒] 规律度=0.14 呼吸率=  0.0/分 体动=0.000  音量=0% 灯=0%
  22:21:50  [清醒] 规律度=0.11 呼吸率=  0.0/分 体动=0.000  音量=0% 灯=0%
  22:21:55  [清醒] 规律度=0.13 呼吸率=  0.0/分 体动=0.000  音量=0% 灯=0%
  22:22:00  [清醒] 规律度=0.12 呼吸率=  0.0/分 体动=0.000  音量=0% 灯=0%
  22:22:05  [清醒] 规律度=0.12 呼吸率=  0.0/分 体动=0.000  音量=0% 灯=0%
  22:22:10  [清醒] 规律度=0.15 呼吸率=  0.0/分 体动=0.000  音量=0% 灯=0%
  22:22:15  [清醒] 规律度=0.15 呼吸率=  0.0/分 体动=0.000  音量=0% 灯=0%
  22:22:20  [清醒] 规律度=0.16 呼吸率=  0.0/分 体动=0.000  音量=0% 灯=0%
  22:22:25  [清醒] 规律度=0.15 呼吸率=  0.0/分 体动=0.000  音量=0% 灯=0%
  22:22:30  [清醒] 规律度=0.12 呼吸率=  0.0/分 体动=0.000  音量=0% 灯=0%
  22:22:35  [清醒] 规律度=0.10 呼吸率=  0.0/分 体动=0.000  音量=0% 灯=0%
  22:22:40  [清醒] 规律度=0.11 呼吸率=  0.0/分 体动=0.000  音量=0% 灯=0%
  22:22:45  [清醒] 规律度=0.12 呼吸率=  0.0/分 体动=0.000  音量=0% 灯=0%
  22:22:50  [清醒] 规律度=0.16 呼吸率=  0.0/分 体动=0.000  音量=0% 灯=0%
  22:22:55  [清醒] 规律度=0.15 呼吸率=  0.0/分 体动=0.000  音量=0% 灯=0%
  22:23:00  [清醒] 规律度=0.13 呼吸率=  0.0/分 体动=0.000  音量=0% 灯=0%
  22:23:05  [清醒] 规律度=0.12 呼吸率=  0.0/分 体动=0.000  音量=0% 灯=0%
  22:23:10  [清醒] 规律度=0.11 呼吸率=  0.0/分 体动=0.000  音量=0% 灯=0%
  22:23:15  [清醒] 规律度=0.11 呼吸率=  0.0/分 体动=0.000  音量=0% 灯=0%
  22:23:20  [清醒] 规律度=0.12 呼吸率=  0.0/分 体动=0.000  音量=0% 灯=0%
  22:23:25  [清醒] 规律度=0.15 呼吸率=  0.0/分 体动=0.000  音量=0% 灯=0%
  22:23:30  [清醒] 规律度=0.15 呼吸率=  0.0/分 体动=0.000  音量=0% 灯=0%
  22:23:35  [清醒] 规律度=0.13 呼吸率=  0.0/分 体动=0.000  音量=0% 灯=0%
  22:23:40  [清醒] 规律度=0.14 呼吸率=  0.0/分 体动=0.000  音量=0% 灯=0%
  22:23:45  [清醒] 规律度=0.11 呼吸率=  0.0/分 体动=0.000  音量=0% 灯=0%
  22:23:50  [清醒] 规律度=0.11 呼吸率=  0.0/分 体动=0.000  音量=0% 灯=0%
  22:23:55  [清醒] 规律度=0.11 呼吸率=  0.0/分 体动=0.000  音量=0% 灯=0%
  22:24:00  [清醒] 规律度=0.10 呼吸率=  0.0/分 体动=0.000  音量=0% 灯=0%
  22:24:05  [清醒] 规律度=0.13 呼吸率=  0.0/分 体动=0.000  音量=0% 灯=0%
  22:24:10  [清醒] 规律度=0.13 呼吸率=  0.0/分 体动=0.000  音量=0% 灯=0%
  22:24:15  [清醒] 规律度=0.14 呼吸率=  0.0/分 体动=0.000  音量=0% 灯=0%
  22:24:20  [清醒] 规律度=0.18 呼吸率=  0.0/分 体动=0.000  音量=0% 灯=0%
  22:24:25  [清醒] 规律度=0.16 呼吸率=  0.0/分 体动=0.000  音量=0% 灯=0%
  22:24:30  [清醒] 规律度=0.15 呼吸率=  0.0/分 体动=0.000  音量=0% 灯=0%
  22:24:35  [清醒] 规律度=0.16 呼吸率=  0.0/分 体动=0.000  音量=0% 灯=0%
  22:24:40  [清醒] 规律度=0.16 呼吸率=  0.0/分 体动=0.000  音量=0% 灯=0%
  22:24:45  [清醒] 规律度=0.12 呼吸率=  0.0/分 体动=0.000  音量=0% 灯=0%
  22:24:50  [清醒] 规律度=0.15 呼吸率=  0.0/分 体动=0.000  音量=0% 灯=0%
  22:24:55  [清醒] 规律度=0.14 呼吸率=  0.0/分 体动=0.000  音量=0% 灯=0%
  22:25:00  [清醒] 规律度=0.11 呼吸率=  0.0/分 体动=0.000  音量=0% 灯=0%
[link] ↑ 上报入睡判定：清醒 置信=  0%  呼吸= 0次/分
  22:25:05  [清醒] 规律度=0.11 呼吸率=  0.0/分 体动=0.000  音量=0% 灯=0%
  22:25:10  [清醒] 规律度=0.12 呼吸率=  0.0/分 体动=0.000  音量=0% 灯=0%
  22:25:15  [清醒] 规律度=0.11 呼吸率=  0.0/分 体动=0.000  音量=0% 灯=0%
  22:25:20  [清醒] 规律度=0.10 呼吸率=  0.0/分 体动=0.000  音量=0% 灯=0%
  22:25:25  [清醒] 规律度=0.12 呼吸率=  0.0/分 体动=0.000  音量=0% 灯=0%
  22:25:30  [清醒] 规律度=0.16 呼吸率=  0.0/分 体动=0.000  音量=0% 灯=0%
  22:25:35  [清醒] 规律度=0.12 呼吸率=  0.0/分 体动=0.000  音量=0% 灯=0%
  22:25:40  [清醒] 规律度=0.10 呼吸率=  0.0/分 体动=0.000  音量=0% 灯=0%
  22:25:45  [清醒] 规律度=0.11 呼吸率=  0.0/分 体动=0.000  音量=0% 灯=0%
  22:25:50  [清醒] 规律度=0.11 呼吸率=  0.0/分 体动=0.000  音量=0% 灯=0%
  22:25:55  [清醒] 规律度=0.14 呼吸率=  0.0/分 体动=0.000  音量=0% 灯=0%
  22:26:00  [清醒] 规律度=0.15 呼吸率=  0.0/分 体动=0.000  音量=0% 灯=0%
  22:26:05  [清醒] 规律度=0.17 呼吸率=  0.0/分 体动=0.000  音量=0% 灯=0%
  22:26:10  [清醒] 规律度=0.12 呼吸率=  0.0/分 体动=0.000  音量=0% 灯=0%
  22:26:15  [清醒] 规律度=0.12 呼吸率=  0.0/分 体动=0.000  音量=0% 灯=0%
  22:26:20  [清醒] 规律度=0.11 呼吸率=  0.0/分 体动=0.000  音量=0% 灯=0%
  22:26:25  [清醒] 规律度=0.10 呼吸率=  0.0/分 体动=0.000  音量=0% 灯=0%
  22:26:30  [清醒] 规律度=0.14 呼吸率=  0.0/分 体动=0.000  音量=0% 灯=0%
  22:26:35  [清醒] 规律度=0.11 呼吸率=  0.0/分 体动=0.000  音量=0% 灯=0%
  22:26:40  [清醒] 规律度=0.12 呼吸率=  0.0/分 体动=0.000  音量=0% 灯=0%
  22:26:45  [清醒] 规律度=0.09 呼吸率=  0.0/分 体动=0.000  音量=0% 灯=0%
  22:26:50  [清醒] 规律度=0.12 呼吸率=  0.0/分 体动=0.000  音量=0% 灯=0%
  22:26:55  [清醒] 规律度=0.11 呼吸率=  0.0/分 体动=0.000  音量=0% 灯=0%
  22:27:00  [清醒] 规律度=0.11 呼吸率=  0.0/分 体动=0.000  音量=0% 灯=0%
  22:27:05  [清醒] 规律度=0.11 呼吸率=  0.0/分 体动=0.000  音量=0% 灯=0%
  22:27:10  [清醒] 规律度=0.14 呼吸率=  0.0/分 体动=0.000  音量=0% 灯=0%
  22:27:15  [清醒] 规律度=0.13 呼吸率=  0.0/分 体动=0.000  音量=0% 灯=0%
  22:27:20  [清醒] 规律度=0.14 呼吸率=  0.0/分 体动=0.000  音量=0% 灯=0%
  22:27:25  [清醒] 规律度=0.16 呼吸率=  0.0/分 体动=0.000  音量=0% 灯=0%
  22:27:30  [清醒] 规律度=0.14 呼吸率=  0.0/分 体动=0.000  音量=0% 灯=0%
  22:27:35  [清醒] 规律度=0.12 呼吸率=  0.0/分 体动=0.000  音量=0% 灯=0%
  22:27:40  [清醒] 规律度=0.12 呼吸率=  0.0/分 体动=0.000  音量=0% 灯=0%
  22:27:45  [清醒] 规律度=0.12 呼吸率=  0.0/分 体动=0.000  音量=0% 灯=0%
  22:27:50  [清醒] 规律度=0.09 呼吸率=  0.0/分 体动=0.000  音量=0% 灯=0%
  22:27:55  [清醒] 规律度=0.11 呼吸率=  0.0/分 体动=0.000  音量=0% 灯=0%
  22:28:00  [清醒] 规律度=0.10 呼吸率=  0.0/分 体动=0.000  音量=0% 灯=0%
  22:28:05  [清醒] 规律度=0.11 呼吸率=  0.0/分 体动=0.000  音量=0% 灯=0%
  22:28:10  [清醒] 规律度=0.11 呼吸率=  0.0/分 体动=0.000  音量=0% 灯=0%
  22:28:15  [清醒] 规律度=0.10 呼吸率=  0.0/分 体动=0.000  音量=0% 灯=0%
  22:28:20  [清醒] 规律度=0.09 呼吸率=  0.0/分 体动=0.000  音量=0% 灯=0%
  22:28:25  [清醒] 规律度=0.12 呼吸率=  0.0/分 体动=0.000  音量=0% 灯=0%
  22:28:30  [清醒] 规律度=0.11 呼吸率=  0.0/分 体动=0.000  音量=0% 灯=0%
  22:28:35  [清醒] 规律度=0.11 呼吸率=  0.0/分 体动=0.000  音量=0% 灯=0%
  22:28:40  [清醒] 规律度=0.11 呼吸率=  0.0/分 体动=0.000  音量=0% 灯=0%
  22:28:45  [清醒] 规律度=0.12 呼吸率=  0.0/分 体动=0.000  音量=0% 灯=0%
  22:28:50  [清醒] 规律度=0.10 呼吸率=  0.0/分 体动=0.000  音量=0% 灯=0%
  22:28:55  [清醒] 规律度=0.11 呼吸率=  0.0/分 体动=0.000  音量=0% 灯=0%
  22:29:00  [清醒] 规律度=0.13 呼吸率=  0.0/分 体动=0.000  音量=0% 灯=0%
  22:29:05  [清醒] 规律度=0.13 呼吸率=  0.0/分 体动=0.000  音量=0% 灯=0%
  22:29:10  [清醒] 规律度=0.11 呼吸率=  0.0/分 体动=0.000  音量=0% 灯=0%
  22:29:15  [清醒] 规律度=0.11 呼吸率=  0.0/分 体动=0.000  音量=0% 灯=0%
  22:29:20  [清醒] 规律度=0.12 呼吸率=  0.0/分 体动=0.000  音量=0% 灯=0%
  22:29:25  [清醒] 规律度=0.12 呼吸率=  0.0/分 体动=0.000  音量=0% 灯=0%
  22:29:30  [清醒] 规律度=0.13 呼吸率=  0.0/分 体动=0.000  音量=0% 灯=0%
  22:29:35  [清醒] 规律度=0.12 呼吸率=  0.0/分 体动=0.000  音量=0% 灯=0%
  22:29:40  [清醒] 规律度=0.13 呼吸率=  0.0/分 体动=0.000  音量=0% 灯=0%
  22:29:45  [清醒] 规律度=0.14 呼吸率=  0.0/分 体动=0.000  音量=0% 灯=0%
  22:29:50  [清醒] 规律度=0.18 呼吸率=  0.0/分 体动=0.000  音量=0% 灯=0%
  22:29:55  [清醒] 规律度=0.13 呼吸率=  0.0/分 体动=0.000  音量=0% 灯=0%
[22:30:00] 睡前流程启动（cron 到点）：棕噪 70% 淡入 + 呼吸引导灯
[ui] 界面状态 → 引导中  灯=  4%  音量= 70%  已过=0s  夜醒=0
  22:30:00  [清醒] 规律度=0.00 呼吸率=  0.0/分 体动=0.000  音量=1% 灯=4%
[link] ↑ 上报入睡判定：清醒 置信=  0%  呼吸= 0次/分
  22:30:05  [清醒] 规律度=0.00 呼吸率=  0.0/分 体动=0.000  音量=70% 灯=60%
  22:30:10  [清醒] 规律度=0.00 呼吸率=  0.0/分 体动=0.000  音量=70% 灯=17%
  22:30:15  [清醒] 规律度=0.00 呼吸率=  0.0/分 体动=0.000  音量=70% 灯=53%
  22:30:20  [清醒] 规律度=0.00 呼吸率=  0.0/分 体动=0.000  音量=70% 灯=44%
  22:30:25  [清醒] 规律度=0.00 呼吸率=  0.0/分 体动=0.000  音量=70% 灯=14%
  22:30:30  [清醒] 规律度=0.87 呼吸率= 16.2/分 体动=0.000  音量=70% 灯=60%
[link] ↑ 上报入睡判定：困倦 置信=100%  呼吸=16次/分
[ui] 界面状态 → 判定中  灯= 45%  音量= 70%  已过=32s  夜醒=0
[22:30:33] 入睡（潜伏 34 秒）→ 20s 淡出 + 灯灭
[link] ↑ 上报入睡判定：已入睡 置信=100%  呼吸=16次/分
[ui] 界面状态 → 已睡着  灯=  0%  音量= 70%  已过=34s  夜醒=0
  22:30:35  [入睡] 规律度=0.87 呼吸率= 16.2/分 体动=0.000  音量=44% 灯=0%
  22:30:40  [入睡] 规律度=0.87 呼吸率= 16.2/分 体动=0.000  音量=6% 灯=0%
  22:30:45  [入睡] 规律度=0.87 呼吸率= 16.2/分 体动=0.000  音量=1% 灯=0%
  22:30:50  [入睡] 规律度=0.87 呼吸率= 16.2/分 体动=0.000  音量=0% 灯=0%
  22:30:55  [入睡] 规律度=0.87 呼吸率= 16.2/分 体动=0.000  音量=0% 灯=0%
  22:31:00  [入睡] 规律度=0.87 呼吸率= 16.2/分 体动=0.000  音量=0% 灯=0%
  22:31:05  [入睡] 规律度=0.87 呼吸率= 16.2/分 体动=0.000  音量=0% 灯=0%
  22:31:10  [入睡] 规律度=0.87 呼吸率= 16.2/分 体动=0.000  音量=0% 灯=0%
  22:31:15  [入睡] 规律度=0.87 呼吸率= 16.2/分 体动=0.000  音量=0% 灯=0%
  22:31:20  [入睡] 规律度=0.87 呼吸率= 16.2/分 体动=0.000  音量=0% 灯=0%
  22:31:25  [入睡] 规律度=0.87 呼吸率= 16.2/分 体动=0.000  音量=0% 灯=0%
  22:31:30  [入睡] 规律度=0.87 呼吸率= 15.8/分 体动=0.000  音量=0% 灯=0%
  22:31:35  [入睡] 规律度=0.87 呼吸率= 16.2/分 体动=0.000  音量=0% 灯=0%
  22:31:40  [入睡] 规律度=0.87 呼吸率= 16.2/分 体动=0.000  音量=0% 灯=0%
  22:31:45  [入睡] 规律度=0.87 呼吸率= 16.2/分 体动=0.000  音量=0% 灯=0%
  22:31:50  [入睡] 规律度=0.87 呼吸率= 16.2/分 体动=0.000  音量=0% 灯=0%
  22:31:55  [入睡] 规律度=0.87 呼吸率= 16.2/分 体动=0.000  音量=0% 灯=0%
  22:32:00  [入睡] 规律度=0.87 呼吸率= 15.8/分 体动=0.000  音量=0% 灯=0%
  22:32:05  [入睡] 规律度=0.87 呼吸率= 16.2/分 体动=0.000  音量=0% 灯=0%
  22:32:10  [入睡] 规律度=0.87 呼吸率= 16.2/分 体动=0.000  音量=0% 灯=0%
  22:32:15  [入睡] 规律度=0.87 呼吸率= 16.2/分 体动=0.000  音量=0% 灯=0%
  22:32:20  [入睡] 规律度=0.87 呼吸率= 16.2/分 体动=0.000  音量=0% 灯=0%
  22:32:25  [入睡] 规律度=0.87 呼吸率= 16.2/分 体动=0.000  音量=0% 灯=0%
  22:32:30  [入睡] 规律度=0.87 呼吸率= 15.8/分 体动=0.000  音量=0% 灯=0%
  22:32:35  [入睡] 规律度=0.87 呼吸率= 16.2/分 体动=0.000  音量=0% 灯=0%
  22:32:40  [入睡] 规律度=0.87 呼吸率= 16.2/分 体动=0.000  音量=0% 灯=0%
  22:32:45  [入睡] 规律度=0.87 呼吸率= 16.2/分 体动=0.000  音量=0% 灯=0%
  22:32:50  [入睡] 规律度=0.87 呼吸率= 16.2/分 体动=0.000  音量=0% 灯=0%
  22:32:55  [入睡] 规律度=0.87 呼吸率= 16.2/分 体动=0.000  音量=0% 灯=0%
  22:33:00  [入睡] 规律度=0.87 呼吸率= 16.2/分 体动=0.000  音量=0% 灯=0%
  22:33:05  [入睡] 规律度=0.87 呼吸率= 16.2/分 体动=0.000  音量=0% 灯=0%
  22:33:10  [入睡] 规律度=0.87 呼吸率= 16.2/分 体动=0.000  音量=0% 灯=0%
  22:33:15  [入睡] 规律度=0.87 呼吸率= 16.2/分 体动=0.000  音量=0% 灯=0%
  22:33:20  [入睡] 规律度=0.87 呼吸率= 16.2/分 体动=0.000  音量=0% 灯=0%
  22:33:25  [入睡] 规律度=0.87 呼吸率= 16.2/分 体动=0.000  音量=0% 灯=0%
  22:33:30  [入睡] 规律度=0.87 呼吸率= 16.2/分 体动=0.000  音量=0% 灯=0%
  22:33:35  [入睡] 规律度=0.87 呼吸率= 16.2/分 体动=0.000  音量=0% 灯=0%
  22:33:40  [入睡] 规律度=0.87 呼吸率= 16.2/分 体动=0.000  音量=0% 灯=0%
  22:33:45  [入睡] 规律度=0.88 呼吸率= 16.2/分 体动=0.000  音量=0% 灯=0%
  22:33:50  [入睡] 规律度=0.87 呼吸率= 16.2/分 体动=0.000  音量=0% 灯=0%
  22:33:55  [入睡] 规律度=0.87 呼吸率= 16.2/分 体动=0.000  音量=0% 灯=0%
  22:34:00  [入睡] 规律度=0.87 呼吸率= 15.8/分 体动=0.000  音量=0% 灯=0%
  22:34:05  [入睡] 规律度=0.87 呼吸率= 16.2/分 体动=0.000  音量=0% 灯=0%
  22:34:10  [入睡] 规律度=0.87 呼吸率= 16.2/分 体动=0.000  音量=0% 灯=0%
  22:34:15  [入睡] 规律度=0.87 呼吸率= 16.2/分 体动=0.000  音量=0% 灯=0%
  22:34:20  [入睡] 规律度=0.87 呼吸率= 16.2/分 体动=0.000  音量=0% 灯=0%
  22:34:25  [入睡] 规律度=0.87 呼吸率= 16.2/分 体动=0.000  音量=0% 灯=0%
  22:34:30  [入睡] 规律度=0.87 呼吸率= 15.8/分 体动=0.000  音量=0% 灯=0%
  22:34:35  [入睡] 规律度=0.87 呼吸率= 16.2/分 体动=0.000  音量=0% 灯=0%
  22:34:40  [入睡] 规律度=0.87 呼吸率= 16.2/分 体动=0.000  音量=0% 灯=0%
  22:34:45  [入睡] 规律度=0.87 呼吸率= 16.2/分 体动=0.000  音量=0% 灯=0%
  22:34:50  [入睡] 规律度=0.87 呼吸率= 16.2/分 体动=0.000  音量=0% 灯=0%
  22:34:55  [入睡] 规律度=0.87 呼吸率= 16.2/分 体动=0.000  音量=0% 灯=0%
  22:35:00  [入睡] 规律度=0.87 呼吸率= 16.2/分 体动=0.000  音量=0% 灯=0%
  22:35:05  [入睡] 规律度=0.87 呼吸率= 16.2/分 体动=0.000  音量=0% 灯=0%
  22:35:10  [入睡] 规律度=0.87 呼吸率= 16.2/分 体动=0.000  音量=0% 灯=0%
  22:35:15  [入睡] 规律度=0.87 呼吸率= 16.2/分 体动=0.000  音量=0% 灯=0%
  22:35:20  [入睡] 规律度=0.87 呼吸率= 16.2/分 体动=0.000  音量=0% 灯=0%
  22:35:25  [入睡] 规律度=0.87 呼吸率= 16.2/分 体动=0.000  音量=0% 灯=0%
  22:35:30  [入睡] 规律度=0.87 呼吸率= 16.2/分 体动=0.000  音量=0% 灯=0%
[link] ↑ 上报入睡判定：已入睡 置信=100%  呼吸=16次/分
  22:35:35  [入睡] 规律度=0.87 呼吸率= 16.2/分 体动=0.000  音量=0% 灯=0%
  22:35:40  [入睡] 规律度=0.87 呼吸率= 16.2/分 体动=0.000  音量=0% 灯=0%
  22:35:45  [入睡] 规律度=0.87 呼吸率= 16.2/分 体动=0.000  音量=0% 灯=0%
  22:35:50  [入睡] 规律度=0.87 呼吸率= 16.2/分 体动=0.000  音量=0% 灯=0%
  22:35:55  [入睡] 规律度=0.87 呼吸率= 16.2/分 体动=0.000  音量=0% 灯=0%
  22:36:00  [入睡] 规律度=0.87 呼吸率= 15.8/分 体动=0.000  音量=0% 灯=0%
  22:36:05  [入睡] 规律度=0.87 呼吸率= 16.2/分 体动=0.000  音量=0% 灯=0%
  22:36:10  [入睡] 规律度=0.87 呼吸率= 16.2/分 体动=0.000  音量=0% 灯=0%
  22:36:15  [入睡] 规律度=0.88 呼吸率= 16.2/分 体动=0.000  音量=0% 灯=0%
  22:36:20  [入睡] 规律度=0.87 呼吸率= 16.2/分 体动=0.000  音量=0% 灯=0%
  22:36:25  [入睡] 规律度=0.87 呼吸率= 16.2/分 体动=0.000  音量=0% 灯=0%
  22:36:30  [入睡] 规律度=0.87 呼吸率= 16.2/分 体动=0.000  音量=0% 灯=0%
  22:36:35  [入睡] 规律度=0.87 呼吸率= 16.2/分 体动=0.000  音量=0% 灯=0%
  22:36:40  [入睡] 规律度=0.87 呼吸率= 16.2/分 体动=0.000  音量=0% 灯=0%
  22:36:45  [入睡] 规律度=0.87 呼吸率= 16.2/分 体动=0.000  音量=0% 灯=0%
  22:36:50  [入睡] 规律度=0.87 呼吸率= 16.2/分 体动=0.000  音量=0% 灯=0%
  22:36:55  [入睡] 规律度=0.87 呼吸率= 16.2/分 体动=0.000  音量=0% 灯=0%
  22:37:00  [入睡] 规律度=0.87 呼吸率= 16.2/分 体动=0.000  音量=0% 灯=0%
  22:37:05  [入睡] 规律度=0.87 呼吸率= 16.2/分 体动=0.000  音量=0% 灯=0%
  22:37:10  [入睡] 规律度=0.87 呼吸率= 16.2/分 体动=0.000  音量=0% 灯=0%
  22:37:15  [入睡] 规律度=0.88 呼吸率= 16.2/分 体动=0.000  音量=0% 灯=0%
  22:37:20  [入睡] 规律度=0.87 呼吸率= 16.2/分 体动=0.000  音量=0% 灯=0%
  22:37:25  [入睡] 规律度=0.87 呼吸率= 16.2/分 体动=0.000  音量=0% 灯=0%
  22:37:30  [入睡] 规律度=0.87 呼吸率= 16.2/分 体动=0.000  音量=0% 灯=0%
  22:37:35  [入睡] 规律度=0.87 呼吸率= 16.2/分 体动=0.000  音量=0% 灯=0%
  22:37:40  [入睡] 规律度=0.87 呼吸率= 16.2/分 体动=0.000  音量=0% 灯=0%
  22:37:45  [入睡] 规律度=0.87 呼吸率= 16.2/分 体动=0.000  音量=0% 灯=0%
  22:37:50  [入睡] 规律度=0.87 呼吸率= 16.2/分 体动=0.000  音量=0% 灯=0%
  22:37:55  [入睡] 规律度=0.87 呼吸率= 16.2/分 体动=0.000  音量=0% 灯=0%
  22:38:00  [入睡] 规律度=0.87 呼吸率= 16.2/分 体动=0.000  音量=0% 灯=0%
  22:38:05  [入睡] 规律度=0.87 呼吸率= 16.2/分 体动=0.000  音量=0% 灯=0%
  22:38:10  [入睡] 规律度=0.87 呼吸率= 16.2/分 体动=0.000  音量=0% 灯=0%
  22:38:15  [入睡] 规律度=0.87 呼吸率= 16.2/分 体动=0.000  音量=0% 灯=0%
  22:38:20  [入睡] 规律度=0.87 呼吸率= 16.2/分 体动=0.000  音量=0% 灯=0%
  22:38:25  [入睡] 规律度=0.87 呼吸率= 16.2/分 体动=0.000  音量=0% 灯=0%
  22:38:30  [入睡] 规律度=0.87 呼吸率= 15.8/分 体动=0.000  音量=0% 灯=0%
  22:38:35  [入睡] 规律度=0.87 呼吸率= 16.2/分 体动=0.000  音量=0% 灯=0%
  22:38:40  [入睡] 规律度=0.87 呼吸率= 16.2/分 体动=0.000  音量=0% 灯=0%
  22:38:45  [入睡] 规律度=0.87 呼吸率= 16.2/分 体动=0.000  音量=0% 灯=0%
  22:38:50  [入睡] 规律度=0.87 呼吸率= 16.2/分 体动=0.000  音量=0% 灯=0%
  22:38:55  [入睡] 规律度=0.87 呼吸率= 16.2/分 体动=0.000  音量=0% 灯=0%
  22:39:00  [入睡] 规律度=0.87 呼吸率= 16.2/分 体动=0.000  音量=0% 灯=0%
  22:39:05  [入睡] 规律度=0.87 呼吸率= 16.2/分 体动=0.000  音量=0% 灯=0%
  22:39:10  [入睡] 规律度=0.87 呼吸率= 16.2/分 体动=0.000  音量=0% 灯=0%
  22:39:15  [入睡] 规律度=0.87 呼吸率= 16.2/分 体动=0.000  音量=0% 灯=0%
  22:39:20  [入睡] 规律度=0.87 呼吸率= 16.2/分 体动=0.000  音量=0% 灯=0%
  22:39:25  [入睡] 规律度=0.87 呼吸率= 16.2/分 体动=0.000  音量=0% 灯=0%
  22:39:30  [入睡] 规律度=0.87 呼吸率= 16.2/分 体动=0.000  音量=0% 灯=0%
  22:39:35  [入睡] 规律度=0.87 呼吸率= 16.2/分 体动=0.000  音量=0% 灯=0%
  22:39:40  [入睡] 规律度=0.87 呼吸率= 16.2/分 体动=0.000  音量=0% 灯=0%
  22:39:45  [入睡] 规律度=0.87 呼吸率= 16.2/分 体动=0.000  音量=0% 灯=0%
  22:39:50  [入睡] 规律度=0.87 呼吸率= 16.2/分 体动=0.000  音量=0% 灯=0%
  22:39:55  [入睡] 规律度=0.87 呼吸率= 16.2/分 体动=0.000  音量=0% 灯=0%
[22:40:00] ← Agent 开灯
  22:40:00  [入睡] 规律度=0.87 呼吸率= 15.8/分 体动=0.000  音量=0% 灯=4%
  22:40:05  [入睡] 规律度=0.87 呼吸率= 16.2/分 体动=0.000  音量=0% 灯=60%
  22:40:10  [入睡] 规律度=0.88 呼吸率= 16.2/分 体动=0.000  音量=0% 灯=17%
  22:40:15  [入睡] 规律度=0.88 呼吸率= 16.2/分 体动=0.000  音量=0% 灯=53%
  22:40:20  [入睡] 规律度=0.87 呼吸率= 16.2/分 体动=0.000  音量=0% 灯=44%
  22:40:25  [入睡] 规律度=0.87 呼吸率= 16.2/分 体动=0.000  音量=0% 灯=14%
  22:40:30  [入睡] 规律度=0.87 呼吸率= 15.8/分 体动=0.000  音量=0% 灯=60%
[link] ↑ 上报入睡判定：已入睡 置信=100%  呼吸=16次/分
  22:40:35  [入睡] 规律度=0.87 呼吸率= 16.2/分 体动=0.000  音量=0% 灯=7%
  22:40:40  [入睡] 规律度=0.87 呼吸率= 16.2/分 体动=0.000  音量=0% 灯=60%
  22:40:45  [入睡] 规律度=0.87 呼吸率= 16.2/分 体动=0.000  音量=0% 灯=31%
  22:40:50  [入睡] 规律度=0.87 呼吸率= 16.2/分 体动=0.000  音量=0% 灯=34%
  22:40:55  [入睡] 规律度=0.87 呼吸率= 16.2/分 体动=0.000  音量=0% 灯=55%
  22:41:00  [入睡] 规律度=0.87 呼吸率= 15.8/分 体动=0.000  音量=0% 灯=4%
  22:41:05  [入睡] 规律度=0.87 呼吸率= 16.2/分 体动=0.000  音量=0% 灯=60%
  22:41:10  [入睡] 规律度=0.87 呼吸率= 16.2/分 体动=0.000  音量=0% 灯=17%
  22:41:15  [入睡] 规律度=0.87 呼吸率= 16.2/分 体动=0.000  音量=0% 灯=53%
  22:41:20  [入睡] 规律度=0.87 呼吸率= 16.2/分 体动=0.000  音量=0% 灯=44%
  22:41:25  [入睡] 规律度=0.87 呼吸率= 16.2/分 体动=0.000  音量=0% 灯=14%
  22:41:30  [入睡] 规律度=0.87 呼吸率= 15.8/分 体动=0.000  音量=0% 灯=60%
  22:41:35  [入睡] 规律度=0.87 呼吸率= 16.2/分 体动=0.000  音量=0% 灯=7%
  22:41:40  [入睡] 规律度=0.87 呼吸率= 16.2/分 体动=0.000  音量=0% 灯=60%
  22:41:45  [入睡] 规律度=0.88 呼吸率= 16.2/分 体动=0.000  音量=0% 灯=31%
  22:41:50  [入睡] 规律度=0.87 呼吸率= 16.2/分 体动=0.000  音量=0% 灯=34%
  22:41:55  [入睡] 规律度=0.87 呼吸率= 16.2/分 体动=0.000  音量=0% 灯=55%
  22:42:00  [入睡] 规律度=0.87 呼吸率= 16.2/分 体动=0.000  音量=0% 灯=4%
  22:42:05  [入睡] 规律度=0.87 呼吸率= 16.2/分 体动=0.000  音量=0% 灯=60%
  22:42:10  [入睡] 规律度=0.87 呼吸率= 16.2/分 体动=0.000  音量=0% 灯=17%
  22:42:15  [入睡] 规律度=0.87 呼吸率= 16.2/分 体动=0.000  音量=0% 灯=53%
  22:42:20  [入睡] 规律度=0.87 呼吸率= 16.2/分 体动=0.000  音量=0% 灯=44%
  22:42:25  [入睡] 规律度=0.87 呼吸率= 16.2/分 体动=0.000  音量=0% 灯=14%
  22:42:30  [入睡] 规律度=0.87 呼吸率= 16.2/分 体动=0.000  音量=0% 灯=60%
  22:42:35  [入睡] 规律度=0.87 呼吸率= 16.2/分 体动=0.000  音量=0% 灯=7%
  22:42:40  [入睡] 规律度=0.87 呼吸率= 16.2/分 体动=0.000  音量=0% 灯=60%
  22:42:45  [入睡] 规律度=0.87 呼吸率= 16.2/分 体动=0.000  音量=0% 灯=31%
  22:42:50  [入睡] 规律度=0.87 呼吸率= 16.2/分 体动=0.000  音量=0% 灯=34%
  22:42:55  [入睡] 规律度=0.87 呼吸率= 16.2/分 体动=0.000  音量=0% 灯=55%
  22:43:00  [入睡] 规律度=0.87 呼吸率= 15.8/分 体动=0.000  音量=0% 灯=4%
  22:43:05  [入睡] 规律度=0.87 呼吸率= 16.2/分 体动=0.000  音量=0% 灯=60%
  22:43:10  [入睡] 规律度=0.87 呼吸率= 16.2/分 体动=0.000  音量=0% 灯=17%
  22:43:15  [入睡] 规律度=0.87 呼吸率= 16.2/分 体动=0.000  音量=0% 灯=53%
  22:43:20  [入睡] 规律度=0.87 呼吸率= 16.2/分 体动=0.000  音量=0% 灯=44%
  22:43:25  [入睡] 规律度=0.87 呼吸率= 16.2/分 体动=0.000  音量=0% 灯=14%
  22:43:30  [入睡] 规律度=0.87 呼吸率= 15.8/分 体动=0.000  音量=0% 灯=60%
  22:43:35  [入睡] 规律度=0.87 呼吸率= 16.2/分 体动=0.000  音量=0% 灯=7%
  22:43:40  [入睡] 规律度=0.87 呼吸率= 16.2/分 体动=0.000  音量=0% 灯=60%
  22:43:45  [入睡] 规律度=0.87 呼吸率= 16.2/分 体动=0.000  音量=0% 灯=31%
  22:43:50  [入睡] 规律度=0.87 呼吸率= 16.2/分 体动=0.000  音量=0% 灯=34%
  22:43:55  [入睡] 规律度=0.87 呼吸率= 16.2/分 体动=0.000  音量=0% 灯=55%
  22:44:00  [入睡] 规律度=0.87 呼吸率= 16.2/分 体动=0.000  音量=0% 灯=4%
  22:44:05  [入睡] 规律度=0.87 呼吸率= 16.2/分 体动=0.000  音量=0% 灯=60%
  22:44:10  [入睡] 规律度=0.87 呼吸率= 16.2/分 体动=0.000  音量=0% 灯=17%
  22:44:15  [入睡] 规律度=0.87 呼吸率= 16.2/分 体动=0.000  音量=0% 灯=53%
  22:44:20  [入睡] 规律度=0.87 呼吸率= 16.2/分 体动=0.000  音量=0% 灯=44%
  22:44:25  [入睡] 规律度=0.87 呼吸率= 16.2/分 体动=0.000  音量=0% 灯=14%
  22:44:30  [入睡] 规律度=0.87 呼吸率= 15.8/分 体动=0.000  音量=0% 灯=60%
  22:44:35  [入睡] 规律度=0.87 呼吸率= 16.2/分 体动=0.000  音量=0% 灯=7%
  22:44:40  [入睡] 规律度=0.87 呼吸率= 16.2/分 体动=0.000  音量=0% 灯=60%
  22:44:45  [入睡] 规律度=0.87 呼吸率= 16.2/分 体动=0.000  音量=0% 灯=31%
  22:44:50  [入睡] 规律度=0.87 呼吸率= 16.2/分 体动=0.000  音量=0% 灯=34%
  22:44:55  [入睡] 规律度=0.87 呼吸率= 16.2/分 体动=0.000  音量=0% 灯=55%
  22:45:00  [入睡] 规律度=0.87 呼吸率= 16.2/分 体动=0.000  音量=0% 灯=4%
  22:45:05  [入睡] 规律度=0.87 呼吸率= 16.2/分 体动=0.000  音量=0% 灯=60%
  22:45:10  [入睡] 规律度=0.87 呼吸率= 16.2/分 体动=0.000  音量=0% 灯=17%
  22:45:15  [入睡] 规律度=0.87 呼吸率= 16.2/分 体动=0.000  音量=0% 灯=53%
  22:45:20  [入睡] 规律度=0.87 呼吸率= 16.2/分 体动=0.000  音量=0% 灯=44%
  22:45:25  [入睡] 规律度=0.87 呼吸率= 16.2/分 体动=0.000  音量=0% 灯=14%
  22:45:30  [入睡] 规律度=0.87 呼吸率= 16.2/分 体动=0.000  音量=0% 灯=60%
[link] ↑ 上报入睡判定：已入睡 置信=100%  呼吸=16次/分
  22:45:35  [入睡] 规律度=0.87 呼吸率= 16.2/分 体动=0.000  音量=0% 灯=7%
  22:45:40  [入睡] 规律度=0.87 呼吸率= 16.2/分 体动=0.000  音量=0% 灯=60%
  22:45:45  [入睡] 规律度=0.88 呼吸率= 16.2/分 体动=0.000  音量=0% 灯=31%
  22:45:50  [入睡] 规律度=0.87 呼吸率= 16.2/分 体动=0.000  音量=0% 灯=34%
  22:45:55  [入睡] 规律度=0.87 呼吸率= 16.2/分 体动=0.000  音量=0% 灯=55%
  22:46:00  [入睡] 规律度=0.87 呼吸率= 15.8/分 体动=0.000  音量=0% 灯=4%
  22:46:05  [入睡] 规律度=0.85 呼吸率= 15.8/分 体动=0.000  音量=0% 灯=60%
  22:46:10  [入睡] 规律度=0.82 呼吸率= 15.4/分 体动=0.000  音量=0% 灯=17%
  22:46:15  [入睡] 规律度=0.80 呼吸率= 15.4/分 体动=0.000  音量=0% 灯=53%
  22:46:20  [入睡] 规律度=0.80 呼吸率= 14.6/分 体动=0.000  音量=0% 灯=44%
  22:46:25  [入睡] 规律度=0.83 呼吸率= 14.3/分 体动=0.000  音量=0% 灯=14%
  22:46:30  [入睡] 规律度=0.86 呼吸率= 14.0/分 体动=0.000  音量=0% 灯=60%
  22:46:35  [入睡] 规律度=0.85 呼吸率= 14.0/分 体动=0.000  音量=0% 灯=7%
  22:46:40  [入睡] 规律度=0.86 呼吸率= 14.0/分 体动=0.000  音量=0% 灯=60%
  22:46:45  [入睡] 规律度=0.85 呼吸率= 14.0/分 体动=0.000  音量=0% 灯=31%
  22:46:50  [入睡] 规律度=0.86 呼吸率= 14.0/分 体动=0.000  音量=0% 灯=34%
  22:46:55  [入睡] 规律度=0.86 呼吸率= 14.0/分 体动=0.000  音量=0% 灯=55%
  22:47:00  [入睡] 规律度=0.85 呼吸率= 14.0/分 体动=0.000  音量=0% 灯=4%
  22:47:05  [入睡] 规律度=0.86 呼吸率= 14.0/分 体动=0.000  音量=0% 灯=60%
  22:47:10  [入睡] 规律度=0.85 呼吸率= 14.0/分 体动=0.000  音量=0% 灯=17%
  22:47:15  [入睡] 规律度=0.86 呼吸率= 14.3/分 体动=0.000  音量=0% 灯=53%
  22:47:20  [入睡] 规律度=0.86 呼吸率= 14.0/分 体动=0.000  音量=0% 灯=44%
  22:47:25  [入睡] 规律度=0.86 呼吸率= 14.0/分 体动=0.000  音量=0% 灯=14%
  22:47:30  [入睡] 规律度=0.86 呼吸率= 14.0/分 体动=0.000  音量=0% 灯=60%
  22:47:35  [入睡] 规律度=0.86 呼吸率= 14.0/分 体动=0.000  音量=0% 灯=7%
  22:47:40  [入睡] 规律度=0.86 呼吸率= 14.0/分 体动=0.000  音量=0% 灯=60%
  22:47:45  [入睡] 规律度=0.86 呼吸率= 14.0/分 体动=0.000  音量=0% 灯=31%
  22:47:50  [入睡] 规律度=0.86 呼吸率= 14.0/分 体动=0.000  音量=0% 灯=34%
  22:47:55  [入睡] 规律度=0.86 呼吸率= 14.0/分 体动=0.000  音量=0% 灯=55%
  22:48:00  [入睡] 规律度=0.85 呼吸率= 14.0/分 体动=0.000  音量=0% 灯=4%
  22:48:05  [入睡] 规律度=0.86 呼吸率= 14.0/分 体动=0.000  音量=0% 灯=60%
  22:48:10  [入睡] 规律度=0.86 呼吸率= 14.0/分 体动=0.000  音量=0% 灯=17%
  22:48:15  [入睡] 规律度=0.86 呼吸率= 14.3/分 体动=0.000  音量=0% 灯=53%
  22:48:20  [入睡] 规律度=0.86 呼吸率= 14.0/分 体动=0.000  音量=0% 灯=44%
  22:48:25  [入睡] 规律度=0.85 呼吸率= 14.0/分 体动=0.000  音量=0% 灯=14%
  22:48:30  [入睡] 规律度=0.86 呼吸率= 14.0/分 体动=0.000  音量=0% 灯=60%
  22:48:35  [入睡] 规律度=0.86 呼吸率= 14.0/分 体动=0.000  音量=0% 灯=7%
  22:48:40  [入睡] 规律度=0.85 呼吸率= 14.0/分 体动=0.000  音量=0% 灯=60%
  22:48:45  [入睡] 规律度=0.85 呼吸率= 14.3/分 体动=0.000  音量=0% 灯=31%
  22:48:50  [入睡] 规律度=0.85 呼吸率= 14.0/分 体动=0.000  音量=0% 灯=34%
  22:48:55  [入睡] 规律度=0.86 呼吸率= 14.0/分 体动=0.000  音量=0% 灯=55%
  22:49:00  [入睡] 规律度=0.86 呼吸率= 14.0/分 体动=0.000  音量=0% 灯=4%
  22:49:05  [入睡] 规律度=0.86 呼吸率= 14.0/分 体动=0.000  音量=0% 灯=60%
  22:49:10  [入睡] 规律度=0.86 呼吸率= 14.0/分 体动=0.000  音量=0% 灯=17%
  22:49:15  [入睡] 规律度=0.86 呼吸率= 14.3/分 体动=0.000  音量=0% 灯=53%
  22:49:20  [入睡] 规律度=0.85 呼吸率= 14.0/分 体动=0.000  音量=0% 灯=44%
  22:49:25  [入睡] 规律度=0.86 呼吸率= 14.0/分 体动=0.000  音量=0% 灯=14%
  22:49:30  [入睡] 规律度=0.86 呼吸率= 14.0/分 体动=0.000  音量=0% 灯=60%
  22:49:35  [入睡] 规律度=0.86 呼吸率= 14.0/分 体动=0.000  音量=0% 灯=7%
  22:49:40  [入睡] 规律度=0.86 呼吸率= 14.0/分 体动=0.000  音量=0% 灯=60%
  22:49:45  [入睡] 规律度=0.85 呼吸率= 14.3/分 体动=0.000  音量=0% 灯=31%
  22:49:50  [入睡] 规律度=0.86 呼吸率= 14.0/分 体动=0.000  音量=0% 灯=34%
  22:49:55  [入睡] 规律度=0.86 呼吸率= 14.0/分 体动=0.000  音量=0% 灯=55%
  22:50:00  [入睡] 规律度=0.86 呼吸率= 14.0/分 体动=0.000  音量=0% 灯=4%
  22:50:05  [入睡] 规律度=0.86 呼吸率= 14.0/分 体动=0.000  音量=0% 灯=60%
  22:50:10  [入睡] 规律度=0.85 呼吸率= 14.0/分 体动=0.000  音量=0% 灯=17%
  22:50:15  [入睡] 规律度=0.86 呼吸率= 14.0/分 体动=0.000  音量=0% 灯=53%
  22:50:20  [入睡] 规律度=0.86 呼吸率= 14.0/分 体动=0.000  音量=0% 灯=44%
  22:50:25  [入睡] 规律度=0.86 呼吸率= 14.0/分 体动=0.000  音量=0% 灯=14%
  22:50:30  [入睡] 规律度=0.86 呼吸率= 14.0/分 体动=0.000  音量=0% 灯=60%
[link] ↑ 上报入睡判定：已入睡 置信=100%  呼吸=14次/分
  22:50:35  [入睡] 规律度=0.86 呼吸率= 14.0/分 体动=0.000  音量=0% 灯=7%
  22:50:40  [入睡] 规律度=0.85 呼吸率= 14.0/分 体动=0.000  音量=0% 灯=60%
  22:50:45  [入睡] 规律度=0.85 呼吸率= 14.0/分 体动=0.000  音量=0% 灯=31%
  22:50:50  [入睡] 规律度=0.85 呼吸率= 14.0/分 体动=0.000  音量=0% 灯=34%
  22:50:55  [入睡] 规律度=0.86 呼吸率= 14.0/分 体动=0.000  音量=0% 灯=55%
  22:51:00  [入睡] 规律度=0.86 呼吸率= 14.0/分 体动=0.000  音量=0% 灯=4%
  22:51:05  [入睡] 规律度=0.86 呼吸率= 14.0/分 体动=0.000  音量=0% 灯=60%
  22:51:10  [入睡] 规律度=0.86 呼吸率= 14.0/分 体动=0.000  音量=0% 灯=17%
  22:51:15  [入睡] 规律度=0.85 呼吸率= 14.0/分 体动=0.000  音量=0% 灯=53%
  22:51:20  [入睡] 规律度=0.85 呼吸率= 14.0/分 体动=0.000  音量=0% 灯=44%
  22:51:25  [入睡] 规律度=0.86 呼吸率= 14.0/分 体动=0.000  音量=0% 灯=14%
  22:51:30  [入睡] 规律度=0.86 呼吸率= 14.0/分 体动=0.000  音量=0% 灯=60%
  22:51:35  [入睡] 规律度=0.86 呼吸率= 14.0/分 体动=0.000  音量=0% 灯=7%
  22:51:40  [入睡] 规律度=0.86 呼吸率= 14.0/分 体动=0.000  音量=0% 灯=60%
  22:51:45  [入睡] 规律度=0.85 呼吸率= 14.3/分 体动=0.000  音量=0% 灯=31%
  22:51:50  [入睡] 规律度=0.86 呼吸率= 14.0/分 体动=0.000  音量=0% 灯=34%
  22:51:55  [入睡] 规律度=0.85 呼吸率= 14.0/分 体动=0.000  音量=0% 灯=55%
  22:52:00  [入睡] 规律度=0.86 呼吸率= 14.0/分 体动=0.000  音量=0% 灯=4%
  22:52:05  [入睡] 规律度=0.86 呼吸率= 14.0/分 体动=0.000  音量=0% 灯=60%
  22:52:10  [入睡] 规律度=0.86 呼吸率= 14.0/分 体动=0.000  音量=0% 灯=17%
  22:52:15  [入睡] 规律度=0.85 呼吸率= 14.3/分 体动=0.000  音量=0% 灯=53%
  22:52:20  [入睡] 规律度=0.86 呼吸率= 14.0/分 体动=0.000  音量=0% 灯=44%
  22:52:25  [入睡] 规律度=0.85 呼吸率= 14.0/分 体动=0.000  音量=0% 灯=14%
  22:52:30  [入睡] 规律度=0.86 呼吸率= 14.0/分 体动=0.000  音量=0% 灯=60%
  22:52:35  [入睡] 规律度=0.86 呼吸率= 14.0/分 体动=0.000  音量=0% 灯=7%
  22:52:40  [入睡] 规律度=0.86 呼吸率= 14.0/分 体动=0.000  音量=0% 灯=60%
  22:52:45  [入睡] 规律度=0.86 呼吸率= 14.0/分 体动=0.000  音量=0% 灯=31%
  22:52:50  [入睡] 规律度=0.86 呼吸率= 14.0/分 体动=0.000  音量=0% 灯=34%
  22:52:55  [入睡] 规律度=0.86 呼吸率= 14.0/分 体动=0.000  音量=0% 灯=55%
  22:53:00  [入睡] 规律度=0.85 呼吸率= 14.0/分 体动=0.000  音量=0% 灯=4%
  22:53:05  [入睡] 规律度=0.86 呼吸率= 14.0/分 体动=0.000  音量=0% 灯=60%
  22:53:10  [入睡] 规律度=0.86 呼吸率= 14.0/分 体动=0.000  音量=0% 灯=17%
  22:53:15  [入睡] 规律度=0.86 呼吸率= 14.0/分 体动=0.000  音量=0% 灯=53%
  22:53:20  [入睡] 规律度=0.86 呼吸率= 14.0/分 体动=0.000  音量=0% 灯=44%
  22:53:25  [入睡] 规律度=0.85 呼吸率= 14.0/分 体动=0.000  音量=0% 灯=14%
  22:53:30  [入睡] 规律度=0.86 呼吸率= 14.0/分 体动=0.000  音量=0% 灯=60%
  22:53:35  [入睡] 规律度=0.86 呼吸率= 14.0/分 体动=0.000  音量=0% 灯=7%
  22:53:40  [入睡] 规律度=0.86 呼吸率= 14.0/分 体动=0.000  音量=0% 灯=60%
  22:53:45  [入睡] 规律度=0.86 呼吸率= 14.0/分 体动=0.000  音量=0% 灯=31%
  22:53:50  [入睡] 规律度=0.86 呼吸率= 14.0/分 体动=0.000  音量=0% 灯=34%
  22:53:55  [入睡] 规律度=0.86 呼吸率= 14.0/分 体动=0.000  音量=0% 灯=55%
  22:54:00  [入睡] 规律度=0.86 呼吸率= 14.0/分 体动=0.000  音量=0% 灯=4%
  22:54:05  [入睡] 规律度=0.86 呼吸率= 14.0/分 体动=0.000  音量=0% 灯=60%
  22:54:10  [入睡] 规律度=0.86 呼吸率= 14.0/分 体动=0.000  音量=0% 灯=17%
  22:54:15  [入睡] 规律度=0.86 呼吸率= 14.3/分 体动=0.000  音量=0% 灯=53%
  22:54:20  [入睡] 规律度=0.86 呼吸率= 14.0/分 体动=0.000  音量=0% 灯=44%
  22:54:25  [入睡] 规律度=0.86 呼吸率= 14.0/分 体动=0.000  音量=0% 灯=14%
  22:54:30  [入睡] 规律度=0.86 呼吸率= 14.0/分 体动=0.000  音量=0% 灯=60%
  22:54:35  [入睡] 规律度=0.85 呼吸率= 14.0/分 体动=0.000  音量=0% 灯=7%
  22:54:40  [入睡] 规律度=0.86 呼吸率= 14.0/分 体动=0.000  音量=0% 灯=60%
  22:54:45  [入睡] 规律度=0.85 呼吸率= 14.0/分 体动=0.000  音量=0% 灯=31%
  22:54:50  [入睡] 规律度=0.86 呼吸率= 14.0/分 体动=0.000  音量=0% 灯=34%
  22:54:55  [入睡] 规律度=0.86 呼吸率= 14.0/分 体动=0.000  音量=0% 灯=55%
  22:55:00  [入睡] 规律度=0.86 呼吸率= 14.0/分 体动=0.000  音量=0% 灯=4%
  22:55:05  [入睡] 规律度=0.85 呼吸率= 14.0/分 体动=0.000  音量=0% 灯=60%
  22:55:10  [入睡] 规律度=0.86 呼吸率= 14.0/分 体动=0.000  音量=0% 灯=17%
  22:55:15  [入睡] 规律度=0.86 呼吸率= 14.0/分 体动=0.000  音量=0% 灯=53%
  22:55:20  [入睡] 规律度=0.85 呼吸率= 14.0/分 体动=0.000  音量=0% 灯=44%
  22:55:25  [入睡] 规律度=0.86 呼吸率= 14.0/分 体动=0.000  音量=0% 灯=14%
  22:55:30  [入睡] 规律度=0.86 呼吸率= 14.0/分 体动=0.000  音量=0% 灯=60%
[link] ↑ 上报入睡判定：已入睡 置信=100%  呼吸=14次/分
  22:55:35  [入睡] 规律度=0.85 呼吸率= 14.0/分 体动=0.000  音量=0% 灯=7%
  22:55:40  [入睡] 规律度=0.86 呼吸率= 14.0/分 体动=0.000  音量=0% 灯=60%
  22:55:45  [入睡] 规律度=0.85 呼吸率= 14.0/分 体动=0.000  音量=0% 灯=31%
  22:55:50  [入睡] 规律度=0.86 呼吸率= 14.0/分 体动=0.000  音量=0% 灯=34%
  22:55:55  [入睡] 规律度=0.86 呼吸率= 14.0/分 体动=0.000  音量=0% 灯=55%
  22:56:00  [入睡] 规律度=0.86 呼吸率= 14.0/分 体动=0.000  音量=0% 灯=4%
  22:56:05  [入睡] 规律度=0.86 呼吸率= 14.0/分 体动=0.000  音量=0% 灯=60%
  22:56:10  [入睡] 规律度=0.85 呼吸率= 14.0/分 体动=0.000  音量=0% 灯=17%
  22:56:15  [入睡] 规律度=0.86 呼吸率= 14.0/分 体动=0.000  音量=0% 灯=53%
  22:56:20  [入睡] 规律度=0.86 呼吸率= 14.0/分 体动=0.000  音量=0% 灯=44%
  22:56:25  [入睡] 规律度=0.85 呼吸率= 14.0/分 体动=0.000  音量=0% 灯=14%
  22:56:30  [入睡] 规律度=0.86 呼吸率= 14.0/分 体动=0.000  音量=0% 灯=60%
  22:56:35  [入睡] 规律度=0.85 呼吸率= 14.0/分 体动=0.000  音量=0% 灯=7%
  22:56:40  [入睡] 规律度=0.86 呼吸率= 14.0/分 体动=0.000  音量=0% 灯=60%
  22:56:45  [入睡] 规律度=0.86 呼吸率= 14.3/分 体动=0.000  音量=0% 灯=31%
  22:56:50  [入睡] 规律度=0.85 呼吸率= 14.0/分 体动=0.000  音量=0% 灯=34%
  22:56:55  [入睡] 规律度=0.86 呼吸率= 14.0/分 体动=0.000  音量=0% 灯=55%
  22:57:00  [入睡] 规律度=0.85 呼吸率= 14.0/分 体动=0.000  音量=0% 灯=4%
  22:57:05  [入睡] 规律度=0.86 呼吸率= 14.0/分 体动=0.000  音量=0% 灯=60%
  22:57:10  [入睡] 规律度=0.86 呼吸率= 14.0/分 体动=0.000  音量=0% 灯=17%
  22:57:15  [入睡] 规律度=0.86 呼吸率= 14.3/分 体动=0.000  音量=0% 灯=53%
  22:57:20  [入睡] 规律度=0.85 呼吸率= 14.0/分 体动=0.000  音量=0% 灯=44%
  22:57:25  [入睡] 规律度=0.86 呼吸率= 14.0/分 体动=0.000  音量=0% 灯=14%
  22:57:30  [入睡] 规律度=0.85 呼吸率= 14.0/分 体动=0.000  音量=0% 灯=60%
  22:57:35  [入睡] 规律度=0.86 呼吸率= 14.0/分 体动=0.000  音量=0% 灯=7%
  22:57:40  [入睡] 规律度=0.86 呼吸率= 14.0/分 体动=0.000  音量=0% 灯=60%
  22:57:45  [入睡] 规律度=0.85 呼吸率= 14.0/分 体动=0.000  音量=0% 灯=31%
  22:57:50  [入睡] 规律度=0.86 呼吸率= 14.0/分 体动=0.000  音量=0% 灯=34%
  22:57:55  [入睡] 规律度=0.86 呼吸率= 14.0/分 体动=0.000  音量=0% 灯=55%
  22:58:00  [入睡] 规律度=0.85 呼吸率= 14.0/分 体动=0.000  音量=0% 灯=4%
  22:58:05  [入睡] 规律度=0.86 呼吸率= 14.0/分 体动=0.000  音量=0% 灯=60%
  22:58:10  [入睡] 规律度=0.85 呼吸率= 14.0/分 体动=0.000  音量=0% 灯=17%
  22:58:15  [入睡] 规律度=0.85 呼吸率= 14.3/分 体动=0.000  音量=0% 灯=53%
  22:58:20  [入睡] 规律度=0.86 呼吸率= 14.0/分 体动=0.000  音量=0% 灯=44%
  22:58:25  [入睡] 规律度=0.85 呼吸率= 14.0/分 体动=0.000  音量=0% 灯=14%
  22:58:30  [入睡] 规律度=0.86 呼吸率= 14.0/分 体动=0.000  音量=0% 灯=60%
  22:58:35  [入睡] 规律度=0.86 呼吸率= 14.0/分 体动=0.000  音量=0% 灯=7%
  22:58:40  [入睡] 规律度=0.86 呼吸率= 14.0/分 体动=0.000  音量=0% 灯=60%
  22:58:45  [入睡] 规律度=0.86 呼吸率= 14.0/分 体动=0.000  音量=0% 灯=31%
  22:58:50  [入睡] 规律度=0.86 呼吸率= 14.0/分 体动=0.000  音量=0% 灯=34%
  22:58:55  [入睡] 规律度=0.85 呼吸率= 14.0/分 体动=0.000  音量=0% 灯=55%
  22:59:00  [入睡] 规律度=0.86 呼吸率= 14.0/分 体动=0.000  音量=0% 灯=4%
  22:59:05  [入睡] 规律度=0.85 呼吸率= 14.0/分 体动=0.000  音量=0% 灯=60%
  22:59:10  [入睡] 规律度=0.86 呼吸率= 14.0/分 体动=0.000  音量=0% 灯=17%
  22:59:15  [入睡] 规律度=0.85 呼吸率= 14.0/分 体动=0.000  音量=0% 灯=53%
  22:59:20  [入睡] 规律度=0.86 呼吸率= 14.0/分 体动=0.000  音量=0% 灯=44%
  22:59:25  [入睡] 规律度=0.86 呼吸率= 14.0/分 体动=0.000  音量=0% 灯=14%
  22:59:30  [入睡] 规律度=0.86 呼吸率= 14.0/分 体动=0.000  音量=0% 灯=60%
  22:59:35  [入睡] 规律度=0.86 呼吸率= 14.0/分 体动=0.000  音量=0% 灯=7%
  22:59:40  [入睡] 规律度=0.86 呼吸率= 14.0/分 体动=0.000  音量=0% 灯=60%
  22:59:45  [入睡] 规律度=0.86 呼吸率= 14.0/分 体动=0.000  音量=0% 灯=31%
  22:59:50  [入睡] 规律度=0.85 呼吸率= 14.0/分 体动=0.000  音量=0% 灯=34%
  22:59:55  [入睡] 规律度=0.86 呼吸率= 14.0/分 体动=0.000  音量=0% 灯=55%
  23:00:00  [入睡] 规律度=0.86 呼吸率= 14.0/分 体动=0.000  音量=0% 灯=4%
  23:00:05  [入睡] 规律度=0.86 呼吸率= 14.0/分 体动=0.000  音量=0% 灯=60%
  23:00:10  [入睡] 规律度=0.86 呼吸率= 14.0/分 体动=0.000  音量=0% 灯=17%
  23:00:15  [入睡] 规律度=0.85 呼吸率= 14.0/分 体动=0.000  音量=0% 灯=53%
  23:00:20  [入睡] 规律度=0.85 呼吸率= 14.0/分 体动=0.000  音量=0% 灯=44%
  23:00:25  [入睡] 规律度=0.86 呼吸率= 14.0/分 体动=0.000  音量=0% 灯=14%
  23:00:30  [入睡] 规律度=0.86 呼吸率= 14.0/分 体动=0.000  音量=0% 灯=60%
[link] ↑ 上报入睡判定：已入睡 置信=100%  呼吸=14次/分
  23:00:35  [入睡] 规律度=0.86 呼吸率= 14.0/分 体动=0.000  音量=0% 灯=7%
  23:00:40  [入睡] 规律度=0.86 呼吸率= 14.0/分 体动=0.000  音量=0% 灯=60%
  23:00:45  [入睡] 规律度=0.85 呼吸率= 14.0/分 体动=0.000  音量=0% 灯=31%
  23:00:50  [入睡] 规律度=0.86 呼吸率= 14.0/分 体动=0.000  音量=0% 灯=34%
  23:00:55  [入睡] 规律度=0.86 呼吸率= 14.0/分 体动=0.000  音量=0% 灯=55%
  23:01:00  [入睡] 规律度=0.85 呼吸率= 14.0/分 体动=0.000  音量=0% 灯=4%
  23:01:05  [入睡] 规律度=0.86 呼吸率= 14.0/分 体动=0.000  音量=0% 灯=60%
  23:01:10  [入睡] 规律度=0.86 呼吸率= 14.0/分 体动=0.000  音量=0% 灯=17%
  23:01:15  [入睡] 规律度=0.86 呼吸率= 14.0/分 体动=0.000  音量=0% 灯=53%
  23:01:20  [入睡] 规律度=0.85 呼吸率= 14.0/分 体动=0.000  音量=0% 灯=44%
  23:01:25  [入睡] 规律度=0.86 呼吸率= 14.0/分 体动=0.000  音量=0% 灯=14%
  23:01:30  [入睡] 规律度=0.86 呼吸率= 14.0/分 体动=0.000  音量=0% 灯=60%
  23:01:35  [入睡] 规律度=0.86 呼吸率= 14.0/分 体动=0.000  音量=0% 灯=7%
  23:01:40  [入睡] 规律度=0.86 呼吸率= 14.0/分 体动=0.000  音量=0% 灯=60%
  23:01:45  [入睡] 规律度=0.85 呼吸率= 14.0/分 体动=0.000  音量=0% 灯=31%
  23:01:50  [入睡] 规律度=0.86 呼吸率= 14.0/分 体动=0.000  音量=0% 灯=34%
  23:01:55  [入睡] 规律度=0.86 呼吸率= 14.0/分 体动=0.000  音量=0% 灯=55%
  23:02:00  [入睡] 规律度=0.86 呼吸率= 14.0/分 体动=0.000  音量=0% 灯=4%
  23:02:05  [入睡] 规律度=0.86 呼吸率= 14.0/分 体动=0.000  音量=0% 灯=60%
  23:02:10  [入睡] 规律度=0.86 呼吸率= 14.0/分 体动=0.000  音量=0% 灯=17%
  23:02:15  [入睡] 规律度=0.85 呼吸率= 14.0/分 体动=0.000  音量=0% 灯=53%
  23:02:20  [入睡] 规律度=0.86 呼吸率= 14.0/分 体动=0.000  音量=0% 灯=44%
  23:02:25  [入睡] 规律度=0.86 呼吸率= 14.0/分 体动=0.000  音量=0% 灯=14%
  23:02:30  [入睡] 规律度=0.86 呼吸率= 14.0/分 体动=0.000  音量=0% 灯=60%
  23:02:35  [入睡] 规律度=0.86 呼吸率= 14.0/分 体动=0.000  音量=0% 灯=7%
  23:02:40  [入睡] 规律度=0.85 呼吸率= 14.0/分 体动=0.000  音量=0% 灯=60%
  23:02:45  [入睡] 规律度=0.85 呼吸率= 14.3/分 体动=0.000  音量=0% 灯=31%
  23:02:50  [入睡] 规律度=0.86 呼吸率= 14.0/分 体动=0.000  音量=0% 灯=34%
  23:02:55  [入睡] 规律度=0.86 呼吸率= 14.0/分 体动=0.000  音量=0% 灯=55%
  23:03:00  [入睡] 规律度=0.86 呼吸率= 14.0/分 体动=0.000  音量=0% 灯=4%
  23:03:05  [入睡] 规律度=0.86 呼吸率= 14.0/分 体动=0.000  音量=0% 灯=60%
  23:03:10  [入睡] 规律度=0.85 呼吸率= 14.0/分 体动=0.000  音量=0% 灯=17%
  23:03:15  [入睡] 规律度=0.85 呼吸率= 14.0/分 体动=0.000  音量=0% 灯=53%
  23:03:20  [入睡] 规律度=0.86 呼吸率= 14.0/分 体动=0.000  音量=0% 灯=44%
  23:03:25  [入睡] 规律度=0.86 呼吸率= 14.0/分 体动=0.000  音量=0% 灯=14%
  23:03:30  [入睡] 规律度=0.86 呼吸率= 14.0/分 体动=0.000  音量=0% 灯=60%
  23:03:35  [入睡] 规律度=0.86 呼吸率= 14.0/分 体动=0.000  音量=0% 灯=7%
  23:03:40  [入睡] 规律度=0.86 呼吸率= 14.0/分 体动=0.000  音量=0% 灯=60%
  23:03:45  [入睡] 规律度=0.85 呼吸率= 14.3/分 体动=0.000  音量=0% 灯=31%
  23:03:50  [入睡] 规律度=0.86 呼吸率= 14.0/分 体动=0.000  音量=0% 灯=34%
  23:03:55  [入睡] 规律度=0.86 呼吸率= 14.0/分 体动=0.000  音量=0% 灯=55%
  23:04:00  [入睡] 规律度=0.86 呼吸率= 14.0/分 体动=0.000  音量=0% 灯=4%
  23:04:05  [入睡] 规律度=0.86 呼吸率= 14.0/分 体动=0.000  音量=0% 灯=60%
  23:04:10  [入睡] 规律度=0.85 呼吸率= 14.0/分 体动=0.000  音量=0% 灯=17%
  23:04:15  [入睡] 规律度=0.86 呼吸率= 14.3/分 体动=0.000  音量=0% 灯=53%
  23:04:20  [入睡] 规律度=0.85 呼吸率= 14.0/分 体动=0.000  音量=0% 灯=44%
  23:04:25  [入睡] 规律度=0.86 呼吸率= 14.0/分 体动=0.000  音量=0% 灯=14%
  23:04:30  [入睡] 规律度=0.86 呼吸率= 14.0/分 体动=0.000  音量=0% 灯=60%
  23:04:35  [入睡] 规律度=0.86 呼吸率= 14.0/分 体动=0.000  音量=0% 灯=7%
  23:04:40  [入睡] 规律度=0.86 呼吸率= 14.0/分 体动=0.000  音量=0% 灯=60%
  23:04:45  [入睡] 规律度=0.86 呼吸率= 14.3/分 体动=0.000  音量=0% 灯=31%
  23:04:50  [入睡] 规律度=0.85 呼吸率= 14.0/分 体动=0.000  音量=0% 灯=34%
  23:04:55  [入睡] 规律度=0.86 呼吸率= 14.0/分 体动=0.000  音量=0% 灯=55%
  23:05:00  [入睡] 规律度=0.86 呼吸率= 14.0/分 体动=0.000  音量=0% 灯=4%
  23:05:05  [入睡] 规律度=0.86 呼吸率= 14.0/分 体动=0.000  音量=0% 灯=60%
  23:05:10  [入睡] 规律度=0.86 呼吸率= 14.0/分 体动=0.000  音量=0% 灯=17%
  23:05:15  [入睡] 规律度=0.85 呼吸率= 14.3/分 体动=0.000  音量=0% 灯=53%
  23:05:20  [入睡] 规律度=0.86 呼吸率= 14.0/分 体动=0.000  音量=0% 灯=44%
  23:05:25  [入睡] 规律度=0.85 呼吸率= 14.0/分 体动=0.000  音量=0% 灯=14%
  23:05:30  [入睡] 规律度=0.86 呼吸率= 14.0/分 体动=0.000  音量=0% 灯=60%
[link] ↑ 上报入睡判定：已入睡 置信=100%  呼吸=14次/分
  23:05:35  [入睡] 规律度=0.86 呼吸率= 14.0/分 体动=0.000  音量=0% 灯=7%
  23:05:40  [入睡] 规律度=0.85 呼吸率= 14.0/分 体动=0.000  音量=0% 灯=60%
  23:05:45  [入睡] 规律度=0.86 呼吸率= 14.0/分 体动=0.000  音量=0% 灯=31%
  23:05:50  [入睡] 规律度=0.85 呼吸率= 14.0/分 体动=0.000  音量=0% 灯=34%
  23:05:55  [入睡] 规律度=0.86 呼吸率= 14.0/分 体动=0.000  音量=0% 灯=55%
  23:06:00  [入睡] 规律度=0.86 呼吸率= 14.0/分 体动=0.000  音量=0% 灯=4%
  23:06:05  [入睡] 规律度=0.85 呼吸率= 14.0/分 体动=0.000  音量=0% 灯=60%
  23:06:10  [入睡] 规律度=0.86 呼吸率= 14.0/分 体动=0.000  音量=0% 灯=17%
  23:06:15  [入睡] 规律度=0.86 呼吸率= 14.3/分 体动=0.000  音量=0% 灯=53%
  23:06:20  [入睡] 规律度=0.86 呼吸率= 14.0/分 体动=0.000  音量=0% 灯=44%
  23:06:25  [入睡] 规律度=0.85 呼吸率= 14.0/分 体动=0.000  音量=0% 灯=14%
  23:06:30  [入睡] 规律度=0.86 呼吸率= 14.0/分 体动=0.000  音量=0% 灯=60%
  23:06:35  [入睡] 规律度=0.86 呼吸率= 14.0/分 体动=0.000  音量=0% 灯=7%
  23:06:40  [入睡] 规律度=0.86 呼吸率= 14.0/分 体动=0.000  音量=0% 灯=60%
  23:06:45  [入睡] 规律度=0.85 呼吸率= 14.3/分 体动=0.000  音量=0% 灯=31%
  23:06:50  [入睡] 规律度=0.86 呼吸率= 14.0/分 体动=0.000  音量=0% 灯=34%
  23:06:55  [入睡] 规律度=0.86 呼吸率= 14.0/分 体动=0.000  音量=0% 灯=55%
  23:07:00  [入睡] 规律度=0.86 呼吸率= 14.0/分 体动=0.000  音量=0% 灯=4%
  23:07:05  [入睡] 规律度=0.86 呼吸率= 14.0/分 体动=0.000  音量=0% 灯=60%
  23:07:10  [入睡] 规律度=0.86 呼吸率= 14.0/分 体动=0.000  音量=0% 灯=17%
  23:07:15  [入睡] 规律度=0.85 呼吸率= 14.0/分 体动=0.000  音量=0% 灯=53%
  23:07:20  [入睡] 规律度=0.86 呼吸率= 14.0/分 体动=0.000  音量=0% 灯=44%
  23:07:25  [入睡] 规律度=0.85 呼吸率= 14.0/分 体动=0.000  音量=0% 灯=14%
  23:07:30  [入睡] 规律度=0.86 呼吸率= 14.0/分 体动=0.000  音量=0% 灯=60%
  23:07:35  [入睡] 规律度=0.85 呼吸率= 14.0/分 体动=0.000  音量=0% 灯=7%
  23:07:40  [入睡] 规律度=0.86 呼吸率= 14.0/分 体动=0.000  音量=0% 灯=60%
  23:07:45  [入睡] 规律度=0.86 呼吸率= 14.0/分 体动=0.000  音量=0% 灯=31%
  23:07:50  [入睡] 规律度=0.86 呼吸率= 14.0/分 体动=0.000  音量=0% 灯=34%
  23:07:55  [入睡] 规律度=0.86 呼吸率= 14.0/分 体动=0.000  音量=0% 灯=55%
  23:08:00  [入睡] 规律度=0.86 呼吸率= 14.0/分 体动=0.000  音量=0% 灯=4%
  23:08:05  [入睡] 规律度=0.85 呼吸率= 14.0/分 体动=0.000  音量=0% 灯=60%
  23:08:10  [入睡] 规律度=0.86 呼吸率= 14.0/分 体动=0.000  音量=0% 灯=17%
  23:08:15  [入睡] 规律度=0.85 呼吸率= 14.0/分 体动=0.000  音量=0% 灯=53%
  23:08:20  [入睡] 规律度=0.86 呼吸率= 14.0/分 体动=0.000  音量=0% 灯=44%
  23:08:25  [入睡] 规律度=0.86 呼吸率= 14.0/分 体动=0.000  音量=0% 灯=14%
  23:08:30  [入睡] 规律度=0.86 呼吸率= 14.0/分 体动=0.000  音量=0% 灯=60%
  23:08:35  [入睡] 规律度=0.86 呼吸率= 14.0/分 体动=0.000  音量=0% 灯=7%
  23:08:40  [入睡] 规律度=0.86 呼吸率= 14.0/分 体动=0.000  音量=0% 灯=60%
  23:08:45  [入睡] 规律度=0.86 呼吸率= 14.0/分 体动=0.000  音量=0% 灯=31%
  23:08:50  [入睡] 规律度=0.85 呼吸率= 14.0/分 体动=0.000  音量=0% 灯=34%
  23:08:55  [入睡] 规律度=0.86 呼吸率= 14.0/分 体动=0.000  音量=0% 灯=55%
  23:09:00  [入睡] 规律度=0.86 呼吸率= 14.0/分 体动=0.000  音量=0% 灯=4%
  23:09:05  [入睡] 规律度=0.86 呼吸率= 14.0/分 体动=0.000  音量=0% 灯=60%
  23:09:10  [入睡] 规律度=0.86 呼吸率= 14.0/分 体动=0.000  音量=0% 灯=17%
  23:09:15  [入睡] 规律度=0.85 呼吸率= 14.3/分 体动=0.000  音量=0% 灯=53%
  23:09:20  [入睡] 规律度=0.85 呼吸率= 14.0/分 体动=0.000  音量=0% 灯=44%
  23:09:25  [入睡] 规律度=0.86 呼吸率= 14.0/分 体动=0.000  音量=0% 灯=14%
  23:09:30  [入睡] 规律度=0.86 呼吸率= 14.0/分 体动=0.000  音量=0% 灯=60%
  23:09:35  [入睡] 规律度=0.86 呼吸率= 14.0/分 体动=0.000  音量=0% 灯=7%
  23:09:40  [入睡] 规律度=0.86 呼吸率= 14.0/分 体动=0.000  音量=0% 灯=60%
  23:09:45  [入睡] 规律度=0.85 呼吸率= 14.0/分 体动=0.000  音量=0% 灯=31%
  23:09:50  [入睡] 规律度=0.86 呼吸率= 14.0/分 体动=0.000  音量=0% 灯=34%
  23:09:55  [入睡] 规律度=0.86 呼吸率= 14.0/分 体动=0.000  音量=0% 灯=55%
[23:10:00] ← Agent 改光晕峰值：25%
  23:10:00  [入睡] 规律度=0.86 呼吸率= 14.0/分 体动=0.000  音量=0% 灯=4%
  23:10:05  [入睡] 规律度=0.86 呼吸率= 14.0/分 体动=0.000  音量=0% 灯=25%
  23:10:10  [入睡] 规律度=0.85 呼吸率= 14.0/分 体动=0.000  音量=0% 灯=9%
  23:10:15  [入睡] 规律度=0.85 呼吸率= 14.0/分 体动=0.000  音量=0% 灯=22%
  23:10:20  [入睡] 规律度=0.86 呼吸率= 14.0/分 体动=0.000  音量=0% 灯=19%
  23:10:25  [入睡] 规律度=0.86 呼吸率= 14.0/分 体动=0.000  音量=0% 灯=8%
  23:10:30  [入睡] 规律度=0.85 呼吸率= 14.0/分 体动=0.000  音量=0% 灯=25%
[link] ↑ 上报入睡判定：已入睡 置信=100%  呼吸=14次/分
  23:10:35  [入睡] 规律度=0.86 呼吸率= 14.0/分 体动=0.000  音量=0% 灯=5%
  23:10:40  [入睡] 规律度=0.85 呼吸率= 14.0/分 体动=0.000  音量=0% 灯=25%
  23:10:45  [入睡] 规律度=0.86 呼吸率= 14.0/分 体动=0.000  音量=0% 灯=14%
  23:10:50  [入睡] 规律度=0.86 呼吸率= 14.0/分 体动=0.000  音量=0% 灯=15%
  23:10:55  [入睡] 规律度=0.85 呼吸率= 14.0/分 体动=0.000  音量=0% 灯=23%
  23:11:00  [入睡] 规律度=0.86 呼吸率= 14.0/分 体动=0.000  音量=0% 灯=4%
  23:11:05  [入睡] 规律度=0.86 呼吸率= 14.0/分 体动=0.000  音量=0% 灯=25%
  23:11:10  [入睡] 规律度=0.85 呼吸率= 14.0/分 体动=0.000  音量=0% 灯=9%
  23:11:15  [入睡] 规律度=0.86 呼吸率= 14.3/分 体动=0.000  音量=0% 灯=22%
  23:11:20  [入睡] 规律度=0.85 呼吸率= 14.0/分 体动=0.000  音量=0% 灯=19%
  23:11:25  [入睡] 规律度=0.86 呼吸率= 14.0/分 体动=0.000  音量=0% 灯=8%
  23:11:30  [入睡] 规律度=0.86 呼吸率= 14.0/分 体动=0.000  音量=0% 灯=25%
  23:11:35  [入睡] 规律度=0.86 呼吸率= 14.0/分 体动=0.000  音量=0% 灯=5%
  23:11:40  [入睡] 规律度=0.86 呼吸率= 14.0/分 体动=0.000  音量=0% 灯=25%
  23:11:45  [入睡] 规律度=0.86 呼吸率= 14.0/分 体动=0.000  音量=0% 灯=14%
  23:11:50  [入睡] 规律度=0.85 呼吸率= 14.0/分 体动=0.000  音量=0% 灯=15%
  23:11:55  [入睡] 规律度=0.85 呼吸率= 14.0/分 体动=0.000  音量=0% 灯=23%
  23:12:00  [入睡] 规律度=0.86 呼吸率= 14.0/分 体动=0.000  音量=0% 灯=4%
  23:12:05  [入睡] 规律度=0.86 呼吸率= 14.0/分 体动=0.000  音量=0% 灯=25%
  23:12:10  [入睡] 规律度=0.86 呼吸率= 14.0/分 体动=0.000  音量=0% 灯=9%
  23:12:15  [入睡] 规律度=0.85 呼吸率= 14.3/分 体动=0.000  音量=0% 灯=22%
  23:12:20  [入睡] 规律度=0.86 呼吸率= 14.0/分 体动=0.000  音量=0% 灯=19%
  23:12:25  [入睡] 规律度=0.86 呼吸率= 14.0/分 体动=0.000  音量=0% 灯=8%
  23:12:30  [入睡] 规律度=0.86 呼吸率= 14.0/分 体动=0.000  音量=0% 灯=25%
  23:12:35  [入睡] 规律度=0.86 呼吸率= 14.0/分 体动=0.000  音量=0% 灯=5%
  23:12:40  [入睡] 规律度=0.86 呼吸率= 14.0/分 体动=0.000  音量=0% 灯=25%
  23:12:45  [入睡] 规律度=0.85 呼吸率= 14.0/分 体动=0.000  音量=0% 灯=14%
  23:12:50  [入睡] 规律度=0.86 呼吸率= 14.0/分 体动=0.000  音量=0% 灯=15%
  23:12:55  [入睡] 规律度=0.86 呼吸率= 14.0/分 体动=0.000  音量=0% 灯=23%
  23:13:00  [入睡] 规律度=0.86 呼吸率= 14.0/分 体动=0.000  音量=0% 灯=4%
  23:13:05  [入睡] 规律度=0.86 呼吸率= 14.0/分 体动=0.000  音量=0% 灯=25%
  23:13:10  [入睡] 规律度=0.86 呼吸率= 14.0/分 体动=0.000  音量=0% 灯=9%
  23:13:15  [入睡] 规律度=0.86 呼吸率= 14.0/分 体动=0.000  音量=0% 灯=22%
  23:13:20  [入睡] 规律度=0.85 呼吸率= 14.0/分 体动=0.000  音量=0% 灯=19%
  23:13:25  [入睡] 规律度=0.86 呼吸率= 14.0/分 体动=0.000  音量=0% 灯=8%
  23:13:30  [入睡] 规律度=0.86 呼吸率= 14.0/分 体动=0.000  音量=0% 灯=25%
  23:13:35  [入睡] 规律度=0.86 呼吸率= 14.0/分 体动=0.000  音量=0% 灯=5%
  23:13:40  [入睡] 规律度=0.85 呼吸率= 14.0/分 体动=0.000  音量=0% 灯=25%
  23:13:45  [入睡] 规律度=0.86 呼吸率= 14.3/分 体动=0.000  音量=0% 灯=14%
  23:13:50  [入睡] 规律度=0.86 呼吸率= 14.0/分 体动=0.000  音量=0% 灯=15%
  23:13:55  [入睡] 规律度=0.86 呼吸率= 14.0/分 体动=0.000  音量=0% 灯=23%
  23:14:00  [入睡] 规律度=0.86 呼吸率= 14.0/分 体动=0.000  音量=0% 灯=4%
  23:14:05  [入睡] 规律度=0.86 呼吸率= 14.0/分 体动=0.000  音量=0% 灯=25%
  23:14:10  [入睡] 规律度=0.86 呼吸率= 14.0/分 体动=0.000  音量=0% 灯=9%
  23:14:15  [入睡] 规律度=0.85 呼吸率= 14.3/分 体动=0.000  音量=0% 灯=22%
  23:14:20  [入睡] 规律度=0.86 呼吸率= 14.0/分 体动=0.000  音量=0% 灯=19%
  23:14:25  [入睡] 规律度=0.85 呼吸率= 14.0/分 体动=0.000  音量=0% 灯=8%
  23:14:30  [入睡] 规律度=0.86 呼吸率= 14.0/分 体动=0.000  音量=0% 灯=25%
  23:14:35  [入睡] 规律度=0.86 呼吸率= 14.0/分 体动=0.000  音量=0% 灯=5%
  23:14:40  [入睡] 规律度=0.85 呼吸率= 14.0/分 体动=0.000  音量=0% 灯=25%
  23:14:45  [入睡] 规律度=0.86 呼吸率= 14.0/分 体动=0.000  音量=0% 灯=14%
  23:14:50  [入睡] 规律度=0.85 呼吸率= 14.0/分 体动=0.000  音量=0% 灯=15%
  23:14:55  [入睡] 规律度=0.86 呼吸率= 14.0/分 体动=0.000  音量=0% 灯=23%
  23:15:00  [入睡] 规律度=0.85 呼吸率= 14.0/分 体动=0.000  音量=0% 灯=4%
  23:15:05  [入睡] 规律度=0.86 呼吸率= 14.0/分 体动=0.000  音量=0% 灯=25%
  23:15:10  [入睡] 规律度=0.85 呼吸率= 14.0/分 体动=0.000  音量=0% 灯=9%
  23:15:15  [入睡] 规律度=0.86 呼吸率= 14.3/分 体动=0.000  音量=0% 灯=22%
  23:15:20  [入睡] 规律度=0.85 呼吸率= 14.0/分 体动=0.000  音量=0% 灯=19%
  23:15:25  [入睡] 规律度=0.86 呼吸率= 14.0/分 体动=0.000  音量=0% 灯=8%
  23:15:30  [入睡] 规律度=0.86 呼吸率= 14.0/分 体动=0.000  音量=0% 灯=25%
[link] ↑ 上报入睡判定：已入睡 置信=100%  呼吸=14次/分
  23:15:35  [入睡] 规律度=0.86 呼吸率= 14.0/分 体动=0.000  音量=0% 灯=5%
  23:15:40  [入睡] 规律度=0.86 呼吸率= 14.0/分 体动=0.000  音量=0% 灯=25%
  23:15:45  [入睡] 规律度=0.85 呼吸率= 14.0/分 体动=0.000  音量=0% 灯=14%
  23:15:50  [入睡] 规律度=0.86 呼吸率= 14.0/分 体动=0.000  音量=0% 灯=15%
  23:15:55  [入睡] 规律度=0.86 呼吸率= 14.0/分 体动=0.000  音量=0% 灯=23%
  23:16:00  [入睡] 规律度=0.86 呼吸率= 14.0/分 体动=0.000  音量=0% 灯=4%
  23:16:05  [入睡] 规律度=0.86 呼吸率= 14.0/分 体动=0.000  音量=0% 灯=25%
  23:16:10  [入睡] 规律度=0.85 呼吸率= 14.0/分 体动=0.000  音量=0% 灯=9%
  23:16:15  [入睡] 规律度=0.85 呼吸率= 14.0/分 体动=0.000  音量=0% 灯=22%
  23:16:20  [入睡] 规律度=0.85 呼吸率= 14.0/分 体动=0.000  音量=0% 灯=19%
  23:16:25  [入睡] 规律度=0.86 呼吸率= 14.0/分 体动=0.000  音量=0% 灯=8%
  23:16:30  [入睡] 规律度=0.86 呼吸率= 14.0/分 体动=0.000  音量=0% 灯=25%
  23:16:35  [入睡] 规律度=0.86 呼吸率= 14.0/分 体动=0.000  音量=0% 灯=5%
  23:16:40  [入睡] 规律度=0.85 呼吸率= 14.0/分 体动=0.000  音量=0% 灯=25%
  23:16:45  [入睡] 规律度=0.86 呼吸率= 14.0/分 体动=0.000  音量=0% 灯=14%
  23:16:50  [入睡] 规律度=0.86 呼吸率= 14.0/分 体动=0.000  音量=0% 灯=15%
  23:16:55  [入睡] 规律度=0.86 呼吸率= 14.0/分 体动=0.000  音量=0% 灯=23%
  23:17:00  [入睡] 规律度=0.86 呼吸率= 14.0/分 体动=0.000  音量=0% 灯=4%
  23:17:05  [入睡] 规律度=0.85 呼吸率= 14.0/分 体动=0.000  音量=0% 灯=25%
  23:17:10  [入睡] 规律度=0.86 呼吸率= 14.0/分 体动=0.000  音量=0% 灯=9%
  23:17:15  [入睡] 规律度=0.86 呼吸率= 14.3/分 体动=0.000  音量=0% 灯=22%
  23:17:20  [入睡] 规律度=0.85 呼吸率= 14.0/分 体动=0.000  音量=0% 灯=19%
  23:17:25  [入睡] 规律度=0.85 呼吸率= 14.0/分 体动=0.000  音量=0% 灯=8%
  23:17:30  [入睡] 规律度=0.86 呼吸率= 14.0/分 体动=0.000  音量=0% 灯=25%
  23:17:35  [入睡] 规律度=0.86 呼吸率= 14.0/分 体动=0.000  音量=0% 灯=5%
  23:17:40  [入睡] 规律度=0.86 呼吸率= 14.0/分 体动=0.000  音量=0% 灯=25%
  23:17:45  [入睡] 规律度=0.86 呼吸率= 14.0/分 体动=0.000  音量=0% 灯=14%
  23:17:50  [入睡] 规律度=0.85 呼吸率= 14.0/分 体动=0.000  音量=0% 灯=15%
  23:17:55  [入睡] 规律度=0.86 呼吸率= 14.0/分 体动=0.000  音量=0% 灯=23%
  23:18:00  [入睡] 规律度=0.86 呼吸率= 14.0/分 体动=0.000  音量=0% 灯=4%
  23:18:05  [入睡] 规律度=0.85 呼吸率= 14.0/分 体动=0.000  音量=0% 灯=25%
  23:18:10  [入睡] 规律度=0.86 呼吸率= 14.0/分 体动=0.000  音量=0% 灯=9%
  23:18:15  [入睡] 规律度=0.85 呼吸率= 14.3/分 体动=0.000  音量=0% 灯=22%
  23:18:20  [入睡] 规律度=0.85 呼吸率= 14.0/分 体动=0.000  音量=0% 灯=19%
  23:18:25  [入睡] 规律度=0.86 呼吸率= 14.0/分 体动=0.000  音量=0% 灯=8%
  23:18:30  [入睡] 规律度=0.86 呼吸率= 14.0/分 体动=0.000  音量=0% 灯=25%
  23:18:35  [入睡] 规律度=0.86 呼吸率= 14.0/分 体动=0.000  音量=0% 灯=5%
  23:18:40  [入睡] 规律度=0.86 呼吸率= 14.0/分 体动=0.000  音量=0% 灯=25%
  23:18:45  [入睡] 规律度=0.86 呼吸率= 14.0/分 体动=0.000  音量=0% 灯=14%
  23:18:50  [入睡] 规律度=0.86 呼吸率= 14.0/分 体动=0.000  音量=0% 灯=15%
  23:18:55  [入睡] 规律度=0.85 呼吸率= 14.0/分 体动=0.000  音量=0% 灯=23%
  23:19:00  [入睡] 规律度=0.86 呼吸率= 14.0/分 体动=0.000  音量=0% 灯=4%
  23:19:05  [入睡] 规律度=0.85 呼吸率= 14.0/分 体动=0.000  音量=0% 灯=25%
  23:19:10  [入睡] 规律度=0.86 呼吸率= 14.0/分 体动=0.000  音量=0% 灯=9%
  23:19:15  [入睡] 规律度=0.85 呼吸率= 14.0/分 体动=0.000  音量=0% 灯=22%
  23:19:20  [入睡] 规律度=0.86 呼吸率= 14.0/分 体动=0.000  音量=0% 灯=19%
  23:19:25  [入睡] 规律度=0.86 呼吸率= 14.0/分 体动=0.000  音量=0% 灯=8%
  23:19:30  [入睡] 规律度=0.85 呼吸率= 14.0/分 体动=0.000  音量=0% 灯=25%
  23:19:35  [入睡] 规律度=0.86 呼吸率= 14.0/分 体动=0.000  音量=0% 灯=5%
  23:19:40  [入睡] 规律度=0.85 呼吸率= 14.0/分 体动=0.000  音量=0% 灯=25%
  23:19:45  [入睡] 规律度=0.86 呼吸率= 14.3/分 体动=0.000  音量=0% 灯=14%
  23:19:50  [入睡] 规律度=0.86 呼吸率= 14.0/分 体动=0.000  音量=0% 灯=15%
  23:19:55  [入睡] 规律度=0.85 呼吸率= 14.0/分 体动=0.000  音量=0% 灯=23%
  23:20:00  [入睡] 规律度=0.86 呼吸率= 14.0/分 体动=0.000  音量=0% 灯=4%
  23:20:05  [入睡] 规律度=0.86 呼吸率= 14.0/分 体动=0.000  音量=0% 灯=25%
  23:20:10  [入睡] 规律度=0.86 呼吸率= 14.0/分 体动=0.000  音量=0% 灯=9%
  23:20:15  [入睡] 规律度=0.86 呼吸率= 14.3/分 体动=0.000  音量=0% 灯=22%
  23:20:20  [入睡] 规律度=0.85 呼吸率= 14.0/分 体动=0.000  音量=0% 灯=19%
  23:20:25  [入睡] 规律度=0.86 呼吸率= 14.0/分 体动=0.000  音量=0% 灯=8%
  23:20:30  [入睡] 规律度=0.86 呼吸率= 14.0/分 体动=0.000  音量=0% 灯=25%
[link] ↑ 上报入睡判定：已入睡 置信=100%  呼吸=14次/分
  23:20:35  [入睡] 规律度=0.86 呼吸率= 14.0/分 体动=0.000  音量=0% 灯=5%
  23:20:40  [入睡] 规律度=0.85 呼吸率= 14.0/分 体动=0.000  音量=0% 灯=25%
  23:20:45  [入睡] 规律度=0.86 呼吸率= 14.0/分 体动=0.000  音量=0% 灯=14%
  23:20:50  [入睡] 规律度=0.85 呼吸率= 14.0/分 体动=0.000  音量=0% 灯=15%
  23:20:55  [入睡] 规律度=0.86 呼吸率= 14.0/分 体动=0.000  音量=0% 灯=23%
  23:21:00  [入睡] 规律度=0.86 呼吸率= 14.0/分 体动=0.000  音量=0% 灯=4%
  23:21:05  [入睡] 规律度=0.86 呼吸率= 14.0/分 体动=0.000  音量=0% 灯=25%
  23:21:10  [入睡] 规律度=0.86 呼吸率= 14.0/分 体动=0.000  音量=0% 灯=9%
  23:21:15  [入睡] 规律度=0.85 呼吸率= 14.0/分 体动=0.000  音量=0% 灯=22%
  23:21:20  [入睡] 规律度=0.85 呼吸率= 14.0/分 体动=0.000  音量=0% 灯=19%
  23:21:25  [入睡] 规律度=0.86 呼吸率= 14.0/分 体动=0.000  音量=0% 灯=8%
  23:21:30  [入睡] 规律度=0.86 呼吸率= 14.0/分 体动=0.000  音量=0% 灯=25%
  23:21:35  [入睡] 规律度=0.86 呼吸率= 14.0/分 体动=0.000  音量=0% 灯=5%
  23:21:40  [入睡] 规律度=0.85 呼吸率= 14.0/分 体动=0.000  音量=0% 灯=25%
  23:21:45  [入睡] 规律度=0.85 呼吸率= 14.3/分 体动=0.000  音量=0% 灯=14%
  23:21:50  [入睡] 规律度=0.86 呼吸率= 14.0/分 体动=0.000  音量=0% 灯=15%
  23:21:55  [入睡] 规律度=0.86 呼吸率= 14.0/分 体动=0.000  音量=0% 灯=23%
  23:22:00  [入睡] 规律度=0.85 呼吸率= 14.0/分 体动=0.000  音量=0% 灯=4%
  23:22:05  [入睡] 规律度=0.86 呼吸率= 14.0/分 体动=0.000  音量=0% 灯=25%
  23:22:10  [入睡] 规律度=0.85 呼吸率= 14.0/分 体动=0.000  音量=0% 灯=9%
  23:22:15  [入睡] 规律度=0.85 呼吸率= 14.3/分 体动=0.000  音量=0% 灯=22%
  23:22:20  [入睡] 规律度=0.86 呼吸率= 14.0/分 体动=0.000  音量=0% 灯=19%
  23:22:25  [入睡] 规律度=0.85 呼吸率= 14.0/分 体动=0.000  音量=0% 灯=8%
  23:22:30  [入睡] 规律度=0.86 呼吸率= 14.0/分 体动=0.000  音量=0% 灯=25%
  23:22:35  [入睡] 规律度=0.86 呼吸率= 14.0/分 体动=0.000  音量=0% 灯=5%
  23:22:40  [入睡] 规律度=0.85 呼吸率= 14.0/分 体动=0.000  音量=0% 灯=25%
  23:22:45  [入睡] 规律度=0.85 呼吸率= 14.3/分 体动=0.000  音量=0% 灯=14%
  23:22:50  [入睡] 规律度=0.86 呼吸率= 14.0/分 体动=0.000  音量=0% 灯=15%
  23:22:55  [入睡] 规律度=0.86 呼吸率= 14.0/分 体动=0.000  音量=0% 灯=23%
  23:23:00  [入睡] 规律度=0.86 呼吸率= 14.0/分 体动=0.000  音量=0% 灯=4%
  23:23:05  [入睡] 规律度=0.86 呼吸率= 14.0/分 体动=0.000  音量=0% 灯=25%
  23:23:10  [入睡] 规律度=0.86 呼吸率= 14.0/分 体动=0.000  音量=0% 灯=9%
  23:23:15  [入睡] 规律度=0.85 呼吸率= 14.0/分 体动=0.000  音量=0% 灯=22%
  23:23:20  [入睡] 规律度=0.86 呼吸率= 14.0/分 体动=0.000  音量=0% 灯=19%
  23:23:25  [入睡] 规律度=0.86 呼吸率= 14.0/分 体动=0.000  音量=0% 灯=8%
  23:23:30  [入睡] 规律度=0.86 呼吸率= 14.0/分 体动=0.000  音量=0% 灯=25%
  23:23:35  [入睡] 规律度=0.86 呼吸率= 14.0/分 体动=0.000  音量=0% 灯=5%
  23:23:40  [入睡] 规律度=0.86 呼吸率= 14.0/分 体动=0.000  音量=0% 灯=25%
  23:23:45  [入睡] 规律度=0.86 呼吸率= 14.0/分 体动=0.000  音量=0% 灯=14%
  23:23:50  [入睡] 规律度=0.85 呼吸率= 14.0/分 体动=0.000  音量=0% 灯=15%
  23:23:55  [入睡] 规律度=0.86 呼吸率= 14.0/分 体动=0.000  音量=0% 灯=23%
  23:24:00  [入睡] 规律度=0.86 呼吸率= 14.0/分 体动=0.000  音量=0% 灯=4%
  23:24:05  [入睡] 规律度=0.86 呼吸率= 14.0/分 体动=0.000  音量=0% 灯=25%
  23:24:10  [入睡] 规律度=0.86 呼吸率= 14.0/分 体动=0.000  音量=0% 灯=9%
  23:24:15  [入睡] 规律度=0.85 呼吸率= 14.3/分 体动=0.000  音量=0% 灯=22%
  23:24:20  [入睡] 规律度=0.85 呼吸率= 14.0/分 体动=0.000  音量=0% 灯=19%
  23:24:25  [入睡] 规律度=0.86 呼吸率= 14.0/分 体动=0.000  音量=0% 灯=8%
  23:24:30  [入睡] 规律度=0.85 呼吸率= 14.0/分 体动=0.000  音量=0% 灯=25%
  23:24:35  [入睡] 规律度=0.86 呼吸率= 14.0/分 体动=0.000  音量=0% 灯=5%
  23:24:40  [入睡] 规律度=0.85 呼吸率= 14.0/分 体动=0.000  音量=0% 灯=25%
  23:24:45  [入睡] 规律度=0.85 呼吸率= 14.0/分 体动=0.000  音量=0% 灯=14%
  23:24:50  [入睡] 规律度=0.86 呼吸率= 14.0/分 体动=0.000  音量=0% 灯=15%
  23:24:55  [入睡] 规律度=0.86 呼吸率= 14.0/分 体动=0.000  音量=0% 灯=23%
  23:25:00  [入睡] 规律度=0.86 呼吸率= 14.0/分 体动=0.000  音量=0% 灯=4%
  23:25:05  [入睡] 规律度=0.86 呼吸率= 14.0/分 体动=0.000  音量=0% 灯=25%
  23:25:10  [入睡] 规律度=0.85 呼吸率= 14.0/分 体动=0.000  音量=0% 灯=9%
  23:25:15  [入睡] 规律度=0.86 呼吸率= 14.3/分 体动=0.000  音量=0% 灯=22%
  23:25:20  [入睡] 规律度=0.85 呼吸率= 14.0/分 体动=0.000  音量=0% 灯=19%
  23:25:25  [入睡] 规律度=0.85 呼吸率= 14.0/分 体动=0.000  音量=0% 灯=8%
  23:25:30  [入睡] 规律度=0.86 呼吸率= 14.0/分 体动=0.000  音量=0% 灯=25%
[link] ↑ 上报入睡判定：已入睡 置信=100%  呼吸=14次/分
  23:25:35  [入睡] 规律度=0.86 呼吸率= 14.0/分 体动=0.000  音量=0% 灯=5%
  23:25:40  [入睡] 规律度=0.86 呼吸率= 14.0/分 体动=0.000  音量=0% 灯=25%
  23:25:45  [入睡] 规律度=0.86 呼吸率= 14.0/分 体动=0.000  音量=0% 灯=14%
  23:25:50  [入睡] 规律度=0.85 呼吸率= 14.0/分 体动=0.000  音量=0% 灯=15%
  23:25:55  [入睡] 规律度=0.86 呼吸率= 14.0/分 体动=0.000  音量=0% 灯=23%
  23:26:00  [入睡] 规律度=0.86 呼吸率= 14.0/分 体动=0.000  音量=0% 灯=4%
  23:26:05  [入睡] 规律度=0.86 呼吸率= 14.0/分 体动=0.000  音量=0% 灯=25%
  23:26:10  [入睡] 规律度=0.86 呼吸率= 14.0/分 体动=0.000  音量=0% 灯=9%
  23:26:15  [入睡] 规律度=0.86 呼吸率= 14.3/分 体动=0.000  音量=0% 灯=22%
  23:26:20  [入睡] 规律度=0.85 呼吸率= 14.0/分 体动=0.000  音量=0% 灯=19%
  23:26:25  [入睡] 规律度=0.86 呼吸率= 14.0/分 体动=0.000  音量=0% 灯=8%
  23:26:30  [入睡] 规律度=0.86 呼吸率= 14.0/分 体动=0.000  音量=0% 灯=25%
  23:26:35  [入睡] 规律度=0.86 呼吸率= 14.0/分 体动=0.000  音量=0% 灯=5%
  23:26:40  [入睡] 规律度=0.86 呼吸率= 14.0/分 体动=0.000  音量=0% 灯=25%
  23:26:45  [入睡] 规律度=0.85 呼吸率= 14.3/分 体动=0.000  音量=0% 灯=14%
  23:26:50  [入睡] 规律度=0.86 呼吸率= 14.0/分 体动=0.000  音量=0% 灯=15%
  23:26:55  [入睡] 规律度=0.86 呼吸率= 14.0/分 体动=0.000  音量=0% 灯=23%
  23:27:00  [入睡] 规律度=0.86 呼吸率= 14.0/分 体动=0.000  音量=0% 灯=4%
  23:27:05  [入睡] 规律度=0.85 呼吸率= 14.0/分 体动=0.000  音量=0% 灯=25%
  23:27:10  [入睡] 规律度=0.86 呼吸率= 14.0/分 体动=0.000  音量=0% 灯=9%
  23:27:15  [入睡] 规律度=0.85 呼吸率= 14.3/分 体动=0.000  音量=0% 灯=22%
  23:27:20  [入睡] 规律度=0.85 呼吸率= 14.0/分 体动=0.000  音量=0% 灯=19%
  23:27:25  [入睡] 规律度=0.86 呼吸率= 14.0/分 体动=0.000  音量=0% 灯=8%
  23:27:30  [入睡] 规律度=0.86 呼吸率= 14.0/分 体动=0.000  音量=0% 灯=25%
  23:27:35  [入睡] 规律度=0.86 呼吸率= 14.0/分 体动=0.000  音量=0% 灯=5%
  23:27:40  [入睡] 规律度=0.85 呼吸率= 14.0/分 体动=0.000  音量=0% 灯=25%
  23:27:45  [入睡] 规律度=0.86 呼吸率= 14.0/分 体动=0.000  音量=0% 灯=14%
  23:27:50  [入睡] 规律度=0.85 呼吸率= 14.0/分 体动=0.000  音量=0% 灯=15%
  23:27:55  [入睡] 规律度=0.86 呼吸率= 14.0/分 体动=0.000  音量=0% 灯=23%
  23:28:00  [入睡] 规律度=0.86 呼吸率= 14.0/分 体动=0.000  音量=0% 灯=4%
  23:28:05  [入睡] 规律度=0.86 呼吸率= 14.0/分 体动=0.000  音量=0% 灯=25%
  23:28:10  [入睡] 规律度=0.86 呼吸率= 14.0/分 体动=0.000  音量=0% 灯=9%
  23:28:15  [入睡] 规律度=0.86 呼吸率= 14.3/分 体动=0.000  音量=0% 灯=22%
  23:28:20  [入睡] 规律度=0.85 呼吸率= 14.0/分 体动=0.000  音量=0% 灯=19%
  23:28:25  [入睡] 规律度=0.86 呼吸率= 14.0/分 体动=0.000  音量=0% 灯=8%
  23:28:30  [入睡] 规律度=0.86 呼吸率= 14.0/分 体动=0.000  音量=0% 灯=25%
  23:28:35  [入睡] 规律度=0.86 呼吸率= 14.0/分 体动=0.000  音量=0% 灯=5%
  23:28:40  [入睡] 规律度=0.86 呼吸率= 14.0/分 体动=0.000  音量=0% 灯=25%
  23:28:45  [入睡] 规律度=0.85 呼吸率= 14.0/分 体动=0.000  音量=0% 灯=14%
  23:28:50  [入睡] 规律度=0.85 呼吸率= 14.0/分 体动=0.000  音量=0% 灯=15%
  23:28:55  [入睡] 规律度=0.86 呼吸率= 14.0/分 体动=0.000  音量=0% 灯=23%
  23:29:00  [入睡] 规律度=0.86 呼吸率= 14.0/分 体动=0.000  音量=0% 灯=4%
  23:29:05  [入睡] 规律度=0.85 呼吸率= 14.0/分 体动=0.000  音量=0% 灯=25%
  23:29:10  [入睡] 规律度=0.86 呼吸率= 14.0/分 体动=0.000  音量=0% 灯=9%
  23:29:15  [入睡] 规律度=0.86 呼吸率= 14.0/分 体动=0.000  音量=0% 灯=22%
  23:29:20  [入睡] 规律度=0.86 呼吸率= 14.0/分 体动=0.000  音量=0% 灯=19%
  23:29:25  [入睡] 规律度=0.86 呼吸率= 14.0/分 体动=0.000  音量=0% 灯=8%
  23:29:30  [入睡] 规律度=0.86 呼吸率= 14.0/分 体动=0.000  音量=0% 灯=25%
  23:29:35  [入睡] 规律度=0.86 呼吸率= 14.0/分 体动=0.000  音量=0% 灯=5%
  23:29:40  [入睡] 规律度=0.85 呼吸率= 14.0/分 体动=0.000  音量=0% 灯=25%
  23:29:45  [入睡] 规律度=0.85 呼吸率= 14.3/分 体动=0.000  音量=0% 灯=14%
  23:29:50  [入睡] 规律度=0.86 呼吸率= 14.0/分 体动=0.000  音量=0% 灯=15%
  23:29:55  [入睡] 规律度=0.85 呼吸率= 14.0/分 体动=0.000  音量=0% 灯=23%
  23:30:00  [入睡] 规律度=0.86 呼吸率= 14.0/分 体动=0.000  音量=0% 灯=4%
  23:30:05  [入睡] 规律度=0.86 呼吸率= 14.0/分 体动=0.000  音量=0% 灯=25%
  23:30:10  [入睡] 规律度=0.85 呼吸率= 14.0/分 体动=0.000  音量=0% 灯=9%
  23:30:15  [入睡] 规律度=0.86 呼吸率= 14.3/分 体动=0.000  音量=0% 灯=22%
  23:30:20  [入睡] 规律度=0.85 呼吸率= 14.0/分 体动=0.000  音量=0% 灯=19%
  23:30:25  [入睡] 规律度=0.85 呼吸率= 14.0/分 体动=0.000  音量=0% 灯=8%
  23:30:30  [入睡] 规律度=0.86 呼吸率= 14.0/分 体动=0.000  音量=0% 灯=25%
[link] ↑ 上报入睡判定：已入睡 置信=100%  呼吸=14次/分
  23:30:35  [入睡] 规律度=0.86 呼吸率= 14.0/分 体动=0.000  音量=0% 灯=5%
  23:30:40  [入睡] 规律度=0.86 呼吸率= 14.0/分 体动=0.000  音量=0% 灯=25%
  23:30:45  [入睡] 规律度=0.86 呼吸率= 14.3/分 体动=0.000  音量=0% 灯=14%
  23:30:50  [入睡] 规律度=0.85 呼吸率= 14.0/分 体动=0.000  音量=0% 灯=15%
  23:30:55  [入睡] 规律度=0.86 呼吸率= 14.0/分 体动=0.000  音量=0% 灯=23%
  23:31:00  [入睡] 规律度=0.86 呼吸率= 14.0/分 体动=0.000  音量=0% 灯=4%
  23:31:05  [入睡] 规律度=0.86 呼吸率= 14.0/分 体动=0.000  音量=0% 灯=25%
  23:31:10  [入睡] 规律度=0.86 呼吸率= 14.0/分 体动=0.000  音量=0% 灯=9%
  23:31:15  [入睡] 规律度=0.85 呼吸率= 14.3/分 体动=0.000  音量=0% 灯=22%
  23:31:20  [入睡] 规律度=0.86 呼吸率= 14.0/分 体动=0.000  音量=0% 灯=19%
  23:31:25  [入睡] 规律度=0.86 呼吸率= 14.0/分 体动=0.000  音量=0% 灯=8%
  23:31:30  [入睡] 规律度=0.86 呼吸率= 14.0/分 体动=0.000  音量=0% 灯=25%
  23:31:35  [入睡] 规律度=0.86 呼吸率= 14.0/分 体动=0.000  音量=0% 灯=5%
  23:31:40  [入睡] 规律度=0.85 呼吸率= 14.0/分 体动=0.000  音量=0% 灯=25%
  23:31:45  [入睡] 规律度=0.85 呼吸率= 14.3/分 体动=0.000  音量=0% 灯=14%
  23:31:50  [入睡] 规律度=0.86 呼吸率= 14.0/分 体动=0.000  音量=0% 灯=15%
  23:31:55  [入睡] 规律度=0.86 呼吸率= 14.0/分 体动=0.000  音量=0% 灯=23%
  23:32:00  [入睡] 规律度=0.86 呼吸率= 14.0/分 体动=0.000  音量=0% 灯=4%
  23:32:05  [入睡] 规律度=0.86 呼吸率= 14.0/分 体动=0.000  音量=0% 灯=25%
  23:32:10  [入睡] 规律度=0.86 呼吸率= 14.0/分 体动=0.000  音量=0% 灯=9%
  23:32:15  [入睡] 规律度=0.85 呼吸率= 14.0/分 体动=0.000  音量=0% 灯=22%
  23:32:20  [入睡] 规律度=0.86 呼吸率= 14.0/分 体动=0.000  音量=0% 灯=19%
  23:32:25  [入睡] 规律度=0.86 呼吸率= 14.0/分 体动=0.000  音量=0% 灯=8%
  23:32:30  [入睡] 规律度=0.86 呼吸率= 14.0/分 体动=0.000  音量=0% 灯=25%
  23:32:35  [入睡] 规律度=0.86 呼吸率= 14.0/分 体动=0.000  音量=0% 灯=5%
  23:32:40  [入睡] 规律度=0.85 呼吸率= 14.0/分 体动=0.000  音量=0% 灯=25%
  23:32:45  [入睡] 规律度=0.86 呼吸率= 14.3/分 体动=0.000  音量=0% 灯=14%
  23:32:50  [入睡] 规律度=0.86 呼吸率= 14.0/分 体动=0.000  音量=0% 灯=15%
  23:32:55  [入睡] 规律度=0.86 呼吸率= 14.0/分 体动=0.000  音量=0% 灯=23%
  23:33:00  [入睡] 规律度=0.85 呼吸率= 14.0/分 体动=0.000  音量=0% 灯=4%
  23:33:05  [入睡] 规律度=0.86 呼吸率= 14.0/分 体动=0.000  音量=0% 灯=25%
  23:33:10  [入睡] 规律度=0.86 呼吸率= 14.0/分 体动=0.000  音量=0% 灯=9%
  23:33:15  [入睡] 规律度=0.86 呼吸率= 14.0/分 体动=0.000  音量=0% 灯=22%
  23:33:20  [入睡] 规律度=0.86 呼吸率= 14.0/分 体动=0.000  音量=0% 灯=19%
  23:33:25  [入睡] 规律度=0.86 呼吸率= 14.0/分 体动=0.000  音量=0% 灯=8%
  23:33:30  [入睡] 规律度=0.86 呼吸率= 14.0/分 体动=0.000  音量=0% 灯=25%
  23:33:35  [入睡] 规律度=0.86 呼吸率= 14.0/分 体动=0.000  音量=0% 灯=5%
  23:33:40  [入睡] 规律度=0.86 呼吸率= 14.0/分 体动=0.000  音量=0% 灯=25%
  23:33:45  [入睡] 规律度=0.85 呼吸率= 14.0/分 体动=0.000  音量=0% 灯=14%
  23:33:50  [入睡] 规律度=0.86 呼吸率= 14.0/分 体动=0.000  音量=0% 灯=15%
  23:33:55  [入睡] 规律度=0.86 呼吸率= 14.0/分 体动=0.000  音量=0% 灯=23%
  23:34:00  [入睡] 规律度=0.85 呼吸率= 14.0/分 体动=0.000  音量=0% 灯=4%
  23:34:05  [入睡] 规律度=0.86 呼吸率= 14.0/分 体动=0.000  音量=0% 灯=25%
  23:34:10  [入睡] 规律度=0.85 呼吸率= 14.0/分 体动=0.000  音量=0% 灯=9%
  23:34:15  [入睡] 规律度=0.85 呼吸率= 14.0/分 体动=0.000  音量=0% 灯=22%
  23:34:20  [入睡] 规律度=0.86 呼吸率= 14.0/分 体动=0.000  音量=0% 灯=19%
  23:34:25  [入睡] 规律度=0.86 呼吸率= 14.0/分 体动=0.000  音量=0% 灯=8%
  23:34:30  [入睡] 规律度=0.86 呼吸率= 14.0/分 体动=0.000  音量=0% 灯=25%
  23:34:35  [入睡] 规律度=0.86 呼吸率= 14.0/分 体动=0.000  音量=0% 灯=5%
  23:34:40  [入睡] 规律度=0.85 呼吸率= 14.0/分 体动=0.000  音量=0% 灯=25%
  23:34:45  [入睡] 规律度=0.86 呼吸率= 14.3/分 体动=0.000  音量=0% 灯=14%
  23:34:50  [入睡] 规律度=0.86 呼吸率= 14.0/分 体动=0.000  音量=0% 灯=15%
  23:34:55  [入睡] 规律度=0.86 呼吸率= 14.0/分 体动=0.000  音量=0% 灯=23%
  23:35:00  [入睡] 规律度=0.86 呼吸率= 14.0/分 体动=0.000  音量=0% 灯=4%
  23:35:05  [入睡] 规律度=0.86 呼吸率= 14.0/分 体动=0.000  音量=0% 灯=25%
  23:35:10  [入睡] 规律度=0.85 呼吸率= 14.0/分 体动=0.000  音量=0% 灯=9%
  23:35:15  [入睡] 规律度=0.86 呼吸率= 14.0/分 体动=0.000  音量=0% 灯=22%
  23:35:20  [入睡] 规律度=0.86 呼吸率= 14.0/分 体动=0.000  音量=0% 灯=19%
  23:35:25  [入睡] 规律度=0.86 呼吸率= 14.0/分 体动=0.000  音量=0% 灯=8%
  23:35:30  [入睡] 规律度=0.86 呼吸率= 14.0/分 体动=0.000  音量=0% 灯=25%
[link] ↑ 上报入睡判定：已入睡 置信=100%  呼吸=14次/分
  23:35:35  [入睡] 规律度=0.86 呼吸率= 14.0/分 体动=0.000  音量=0% 灯=5%
  23:35:40  [入睡] 规律度=0.86 呼吸率= 14.0/分 体动=0.000  音量=0% 灯=25%
  23:35:45  [入睡] 规律度=0.86 呼吸率= 14.0/分 体动=0.000  音量=0% 灯=14%
  23:35:50  [入睡] 规律度=0.86 呼吸率= 14.0/分 体动=0.000  音量=0% 灯=15%
  23:35:55  [入睡] 规律度=0.85 呼吸率= 14.0/分 体动=0.000  音量=0% 灯=23%
  23:36:00  [入睡] 规律度=0.86 呼吸率= 14.0/分 体动=0.000  音量=0% 灯=4%
  23:36:05  [入睡] 规律度=0.86 呼吸率= 14.0/分 体动=0.000  音量=0% 灯=25%
  23:36:10  [入睡] 规律度=0.86 呼吸率= 14.0/分 体动=0.000  音量=0% 灯=9%
  23:36:15  [入睡] 规律度=0.86 呼吸率= 14.3/分 体动=0.000  音量=0% 灯=22%
  23:36:20  [入睡] 规律度=0.85 呼吸率= 14.0/分 体动=0.000  音量=0% 灯=19%
  23:36:25  [入睡] 规律度=0.86 呼吸率= 14.0/分 体动=0.000  音量=0% 灯=8%
  23:36:30  [入睡] 规律度=0.86 呼吸率= 14.0/分 体动=0.000  音量=0% 灯=25%
  23:36:35  [入睡] 规律度=0.86 呼吸率= 14.0/分 体动=0.000  音量=0% 灯=5%
  23:36:40  [入睡] 规律度=0.85 呼吸率= 14.0/分 体动=0.000  音量=0% 灯=25%
  23:36:45  [入睡] 规律度=0.85 呼吸率= 14.0/分 体动=0.000  音量=0% 灯=14%
  23:36:50  [入睡] 规律度=0.86 呼吸率= 14.0/分 体动=0.000  音量=0% 灯=15%
  23:36:55  [入睡] 规律度=0.86 呼吸率= 14.0/分 体动=0.000  音量=0% 灯=23%
  23:37:00  [入睡] 规律度=0.86 呼吸率= 14.0/分 体动=0.000  音量=0% 灯=4%
  23:37:05  [入睡] 规律度=0.86 呼吸率= 14.0/分 体动=0.000  音量=0% 灯=25%
  23:37:10  [入睡] 规律度=0.85 呼吸率= 14.0/分 体动=0.000  音量=0% 灯=9%
  23:37:15  [入睡] 规律度=0.85 呼吸率= 14.3/分 体动=0.000  音量=0% 灯=22%
  23:37:20  [入睡] 规律度=0.86 呼吸率= 14.0/分 体动=0.000  音量=0% 灯=19%
  23:37:25  [入睡] 规律度=0.86 呼吸率= 14.0/分 体动=0.000  音量=0% 灯=8%
  23:37:30  [入睡] 规律度=0.86 呼吸率= 14.0/分 体动=0.000  音量=0% 灯=25%
  23:37:35  [入睡] 规律度=0.86 呼吸率= 14.0/分 体动=0.000  音量=0% 灯=5%
  23:37:40  [入睡] 规律度=0.85 呼吸率= 14.0/分 体动=0.000  音量=0% 灯=25%
  23:37:45  [入睡] 规律度=0.85 呼吸率= 14.3/分 体动=0.000  音量=0% 灯=14%
  23:37:50  [入睡] 规律度=0.86 呼吸率= 14.0/分 体动=0.000  音量=0% 灯=15%
  23:37:55  [入睡] 规律度=0.85 呼吸率= 14.0/分 体动=0.000  音量=0% 灯=23%
  23:38:00  [入睡] 规律度=0.86 呼吸率= 14.0/分 体动=0.000  音量=0% 灯=4%
  23:38:05  [入睡] 规律度=0.86 呼吸率= 14.0/分 体动=0.000  音量=0% 灯=25%
  23:38:10  [入睡] 规律度=0.85 呼吸率= 14.0/分 体动=0.000  音量=0% 灯=9%
  23:38:15  [入睡] 规律度=0.86 呼吸率= 14.0/分 体动=0.000  音量=0% 灯=22%
  23:38:20  [入睡] 规律度=0.85 呼吸率= 14.0/分 体动=0.000  音量=0% 灯=19%
  23:38:25  [入睡] 规律度=0.85 呼吸率= 14.0/分 体动=0.000  音量=0% 灯=8%
  23:38:30  [入睡] 规律度=0.86 呼吸率= 14.0/分 体动=0.000  音量=0% 灯=25%
  23:38:35  [入睡] 规律度=0.86 呼吸率= 14.0/分 体动=0.000  音量=0% 灯=5%
  23:38:40  [入睡] 规律度=0.86 呼吸率= 14.0/分 体动=0.000  音量=0% 灯=25%
  23:38:45  [入睡] 规律度=0.85 呼吸率= 14.3/分 体动=0.000  音量=0% 灯=14%
  23:38:50  [入睡] 规律度=0.85 呼吸率= 14.0/分 体动=0.000  音量=0% 灯=15%
  23:38:55  [入睡] 规律度=0.86 呼吸率= 14.0/分 体动=0.000  音量=0% 灯=23%
  23:39:00  [入睡] 规律度=0.86 呼吸率= 14.0/分 体动=0.000  音量=0% 灯=4%
  23:39:05  [入睡] 规律度=0.86 呼吸率= 14.0/分 体动=0.000  音量=0% 灯=25%
  23:39:10  [入睡] 规律度=0.85 呼吸率= 14.0/分 体动=0.000  音量=0% 灯=9%
  23:39:15  [入睡] 规律度=0.86 呼吸率= 14.0/分 体动=0.000  音量=0% 灯=22%
  23:39:20  [入睡] 规律度=0.85 呼吸率= 14.0/分 体动=0.000  音量=0% 灯=19%
  23:39:25  [入睡] 规律度=0.85 呼吸率= 14.0/分 体动=0.000  音量=0% 灯=8%
  23:39:30  [入睡] 规律度=0.86 呼吸率= 14.0/分 体动=0.000  音量=0% 灯=25%
  23:39:35  [入睡] 规律度=0.86 呼吸率= 14.0/分 体动=0.000  音量=0% 灯=5%
  23:39:40  [入睡] 规律度=0.86 呼吸率= 14.0/分 体动=0.000  音量=0% 灯=25%
  23:39:45  [入睡] 规律度=0.85 呼吸率= 14.3/分 体动=0.000  音量=0% 灯=14%
  23:39:50  [入睡] 规律度=0.85 呼吸率= 14.0/分 体动=0.000  音量=0% 灯=15%
  23:39:55  [入睡] 规律度=0.86 呼吸率= 14.0/分 体动=0.000  音量=0% 灯=23%
  23:40:00  [入睡] 规律度=0.86 呼吸率= 14.0/分 体动=0.000  音量=0% 灯=4%
  23:40:05  [入睡] 规律度=0.86 呼吸率= 14.0/分 体动=0.000  音量=0% 灯=25%
  23:40:10  [入睡] 规律度=0.86 呼吸率= 14.0/分 体动=0.000  音量=0% 灯=9%
  23:40:15  [入睡] 规律度=0.85 呼吸率= 14.0/分 体动=0.000  音量=0% 灯=22%
  23:40:20  [入睡] 规律度=0.86 呼吸率= 14.0/分 体动=0.000  音量=0% 灯=19%
  23:40:25  [入睡] 规律度=0.86 呼吸率= 14.0/分 体动=0.000  音量=0% 灯=8%
  23:40:30  [入睡] 规律度=0.86 呼吸率= 14.0/分 体动=0.000  音量=0% 灯=25%
[link] ↑ 上报入睡判定：已入睡 置信=100%  呼吸=14次/分
  23:40:35  [入睡] 规律度=0.86 呼吸率= 14.0/分 体动=0.000  音量=0% 灯=5%
  23:40:40  [入睡] 规律度=0.85 呼吸率= 14.0/分 体动=0.000  音量=0% 灯=25%
  23:40:45  [入睡] 规律度=0.85 呼吸率= 14.0/分 体动=0.000  音量=0% 灯=14%
  23:40:50  [入睡] 规律度=0.85 呼吸率= 14.0/分 体动=0.000  音量=0% 灯=15%
  23:40:55  [入睡] 规律度=0.86 呼吸率= 14.0/分 体动=0.000  音量=0% 灯=23%
  23:41:00  [入睡] 规律度=0.86 呼吸率= 14.0/分 体动=0.000  音量=0% 灯=4%
  23:41:05  [入睡] 规律度=0.86 呼吸率= 14.0/分 体动=0.000  音量=0% 灯=25%
  23:41:10  [入睡] 规律度=0.86 呼吸率= 14.0/分 体动=0.000  音量=0% 灯=9%
  23:41:15  [入睡] 规律度=0.86 呼吸率= 14.3/分 体动=0.000  音量=0% 灯=22%
  23:41:20  [入睡] 规律度=0.86 呼吸率= 14.0/分 体动=0.000  音量=0% 灯=19%
  23:41:25  [入睡] 规律度=0.85 呼吸率= 14.0/分 体动=0.000  音量=0% 灯=8%
  23:41:30  [入睡] 规律度=0.86 呼吸率= 14.0/分 体动=0.000  音量=0% 灯=25%
  23:41:35  [入睡] 规律度=0.86 呼吸率= 14.0/分 体动=0.000  音量=0% 灯=5%
  23:41:40  [入睡] 规律度=0.85 呼吸率= 14.0/分 体动=0.000  音量=0% 灯=25%
  23:41:45  [入睡] 规律度=0.85 呼吸率= 14.3/分 体动=0.000  音量=0% 灯=14%
  23:41:50  [入睡] 规律度=0.86 呼吸率= 14.0/分 体动=0.000  音量=0% 灯=15%
  23:41:55  [入睡] 规律度=0.86 呼吸率= 14.0/分 体动=0.000  音量=0% 灯=23%
  23:42:00  [入睡] 规律度=0.86 呼吸率= 14.0/分 体动=0.000  音量=0% 灯=4%
  23:42:05  [入睡] 规律度=0.86 呼吸率= 14.0/分 体动=0.000  音量=0% 灯=25%
  23:42:10  [入睡] 规律度=0.85 呼吸率= 14.0/分 体动=0.000  音量=0% 灯=9%
  23:42:15  [入睡] 规律度=0.85 呼吸率= 14.3/分 体动=0.000  音量=0% 灯=22%
  23:42:20  [入睡] 规律度=0.86 呼吸率= 14.0/分 体动=0.000  音量=0% 灯=19%
  23:42:25  [入睡] 规律度=0.86 呼吸率= 14.0/分 体动=0.000  音量=0% 灯=8%
  23:42:30  [入睡] 规律度=0.86 呼吸率= 14.0/分 体动=0.000  音量=0% 灯=25%
  23:42:35  [入睡] 规律度=0.86 呼吸率= 14.0/分 体动=0.000  音量=0% 灯=5%
  23:42:40  [入睡] 规律度=0.85 呼吸率= 14.0/分 体动=0.000  音量=0% 灯=25%
  23:42:45  [入睡] 规律度=0.85 呼吸率= 14.3/分 体动=0.000  音量=0% 灯=14%
  23:42:50  [入睡] 规律度=0.86 呼吸率= 14.0/分 体动=0.000  音量=0% 灯=15%
  23:42:55  [入睡] 规律度=0.86 呼吸率= 14.0/分 体动=0.000  音量=0% 灯=23%
  23:43:00  [入睡] 规律度=0.86 呼吸率= 14.0/分 体动=0.000  音量=0% 灯=4%
  23:43:05  [入睡] 规律度=0.86 呼吸率= 14.0/分 体动=0.000  音量=0% 灯=25%
  23:43:10  [入睡] 规律度=0.86 呼吸率= 14.0/分 体动=0.000  音量=0% 灯=9%
  23:43:15  [入睡] 规律度=0.86 呼吸率= 14.0/分 体动=0.000  音量=0% 灯=22%
  23:43:20  [入睡] 规律度=0.86 呼吸率= 14.0/分 体动=0.000  音量=0% 灯=19%
  23:43:25  [入睡] 规律度=0.86 呼吸率= 14.0/分 体动=0.000  音量=0% 灯=8%
  23:43:30  [入睡] 规律度=0.86 呼吸率= 14.0/分 体动=0.000  音量=0% 灯=25%
  23:43:35  [入睡] 规律度=0.86 呼吸率= 14.0/分 体动=0.000  音量=0% 灯=5%
  23:43:40  [入睡] 规律度=0.85 呼吸率= 14.0/分 体动=0.000  音量=0% 灯=25%
  23:43:45  [入睡] 规律度=0.86 呼吸率= 14.3/分 体动=0.000  音量=0% 灯=14%
  23:43:50  [入睡] 规律度=0.85 呼吸率= 14.0/分 体动=0.000  音量=0% 灯=15%
  23:43:55  [入睡] 规律度=0.86 呼吸率= 14.0/分 体动=0.000  音量=0% 灯=23%
  23:44:00  [入睡] 规律度=0.86 呼吸率= 14.0/分 体动=0.000  音量=0% 灯=4%
  23:44:05  [入睡] 规律度=0.85 呼吸率= 14.0/分 体动=0.000  音量=0% 灯=25%
  23:44:10  [入睡] 规律度=0.86 呼吸率= 14.0/分 体动=0.000  音量=0% 灯=9%
  23:44:15  [入睡] 规律度=0.85 呼吸率= 14.0/分 体动=0.000  音量=0% 灯=22%
  23:44:20  [入睡] 规律度=0.85 呼吸率= 14.0/分 体动=0.000  音量=0% 灯=19%
  23:44:25  [入睡] 规律度=0.86 呼吸率= 14.0/分 体动=0.000  音量=0% 灯=8%
  23:44:30  [入睡] 规律度=0.86 呼吸率= 14.0/分 体动=0.000  音量=0% 灯=25%
  23:44:35  [入睡] 规律度=0.86 呼吸率= 14.0/分 体动=0.000  音量=0% 灯=5%
  23:44:40  [入睡] 规律度=0.85 呼吸率= 14.0/分 体动=0.000  音量=0% 灯=25%
  23:44:45  [入睡] 规律度=0.85 呼吸率= 14.3/分 体动=0.000  音量=0% 灯=14%
  23:44:50  [入睡] 规律度=0.85 呼吸率= 14.0/分 体动=0.000  音量=0% 灯=15%
  23:44:55  [入睡] 规律度=0.85 呼吸率= 14.0/分 体动=0.000  音量=0% 灯=23%
  23:45:00  [入睡] 规律度=0.86 呼吸率= 14.0/分 体动=0.000  音量=0% 灯=4%
  23:45:05  [入睡] 规律度=0.86 呼吸率= 14.0/分 体动=0.000  音量=0% 灯=25%
  23:45:10  [入睡] 规律度=0.85 呼吸率= 14.0/分 体动=0.000  音量=0% 灯=9%
  23:45:15  [入睡] 规律度=0.85 呼吸率= 14.3/分 体动=0.000  音量=0% 灯=22%
  23:45:20  [入睡] 规律度=0.85 呼吸率= 14.0/分 体动=0.000  音量=0% 灯=19%
  23:45:25  [入睡] 规律度=0.85 呼吸率= 14.0/分 体动=0.000  音量=0% 灯=8%
  23:45:30  [入睡] 规律度=0.86 呼吸率= 14.0/分 体动=0.000  音量=0% 灯=25%
[link] ↑ 上报入睡判定：已入睡 置信=100%  呼吸=14次/分
  23:45:35  [入睡] 规律度=0.85 呼吸率= 14.0/分 体动=0.000  音量=0% 灯=5%
  23:45:40  [入睡] 规律度=0.86 呼吸率= 14.0/分 体动=0.000  音量=0% 灯=25%
  23:45:45  [入睡] 规律度=0.86 呼吸率= 14.0/分 体动=0.000  音量=0% 灯=14%
  23:45:50  [入睡] 规律度=0.85 呼吸率= 14.0/分 体动=0.000  音量=0% 灯=15%
  23:45:55  [入睡] 规律度=0.86 呼吸率= 14.0/分 体动=0.000  音量=0% 灯=23%
  23:46:00  [入睡] 规律度=0.86 呼吸率= 14.0/分 体动=0.000  音量=0% 灯=4%
  23:46:05  [入睡] 规律度=0.85 呼吸率= 14.0/分 体动=0.000  音量=0% 灯=25%
  23:46:10  [入睡] 规律度=0.86 呼吸率= 14.0/分 体动=0.000  音量=0% 灯=9%
  23:46:15  [入睡] 规律度=0.86 呼吸率= 14.3/分 体动=0.000  音量=0% 灯=22%
  23:46:20  [入睡] 规律度=0.86 呼吸率= 14.0/分 体动=0.000  音量=0% 灯=19%
  23:46:25  [入睡] 规律度=0.86 呼吸率= 14.0/分 体动=0.000  音量=0% 灯=8%
  23:46:30  [入睡] 规律度=0.86 呼吸率= 14.0/分 体动=0.000  音量=0% 灯=25%
  23:46:35  [入睡] 规律度=0.86 呼吸率= 14.0/分 体动=0.000  音量=0% 灯=5%
  23:46:40  [入睡] 规律度=0.85 呼吸率= 14.0/分 体动=0.000  音量=0% 灯=25%
  23:46:45  [入睡] 规律度=0.85 呼吸率= 14.3/分 体动=0.000  音量=0% 灯=14%
  23:46:50  [入睡] 规律度=0.86 呼吸率= 14.0/分 体动=0.000  音量=0% 灯=15%
  23:46:55  [入睡] 规律度=0.86 呼吸率= 14.0/分 体动=0.000  音量=0% 灯=23%
  23:47:00  [入睡] 规律度=0.86 呼吸率= 14.0/分 体动=0.000  音量=0% 灯=4%
  23:47:05  [入睡] 规律度=0.86 呼吸率= 14.0/分 体动=0.000  音量=0% 灯=25%
  23:47:10  [入睡] 规律度=0.86 呼吸率= 14.0/分 体动=0.000  音量=0% 灯=9%
  23:47:15  [入睡] 规律度=0.85 呼吸率= 14.0/分 体动=0.000  音量=0% 灯=22%
  23:47:20  [入睡] 规律度=0.86 呼吸率= 14.0/分 体动=0.000  音量=0% 灯=19%
  23:47:25  [入睡] 规律度=0.86 呼吸率= 14.0/分 体动=0.000  音量=0% 灯=8%
  23:47:30  [入睡] 规律度=0.86 呼吸率= 14.0/分 体动=0.000  音量=0% 灯=25%
  23:47:35  [入睡] 规律度=0.86 呼吸率= 14.0/分 体动=0.000  音量=0% 灯=5%
  23:47:40  [入睡] 规律度=0.85 呼吸率= 14.0/分 体动=0.000  音量=0% 灯=25%
  23:47:45  [入睡] 规律度=0.86 呼吸率= 14.3/分 体动=0.000  音量=0% 灯=14%
  23:47:50  [入睡] 规律度=0.86 呼吸率= 14.0/分 体动=0.000  音量=0% 灯=15%
  23:47:55  [入睡] 规律度=0.86 呼吸率= 14.0/分 体动=0.000  音量=0% 灯=23%
  23:48:00  [入睡] 规律度=0.86 呼吸率= 14.0/分 体动=0.000  音量=0% 灯=4%
  23:48:05  [入睡] 规律度=0.86 呼吸率= 14.0/分 体动=0.000  音量=0% 灯=25%
  23:48:10  [入睡] 规律度=0.85 呼吸率= 14.0/分 体动=0.000  音量=0% 灯=9%
  23:48:15  [入睡] 规律度=0.86 呼吸率= 14.0/分 体动=0.000  音量=0% 灯=22%
  23:48:20  [入睡] 规律度=0.86 呼吸率= 14.0/分 体动=0.000  音量=0% 灯=19%
  23:48:25  [入睡] 规律度=0.86 呼吸率= 14.0/分 体动=0.000  音量=0% 灯=8%
  23:48:30  [入睡] 规律度=0.86 呼吸率= 14.0/分 体动=0.000  音量=0% 灯=25%
  23:48:35  [入睡] 规律度=0.85 呼吸率= 14.0/分 体动=0.000  音量=0% 灯=5%
  23:48:40  [入睡] 规律度=0.86 呼吸率= 14.0/分 体动=0.000  音量=0% 灯=25%
  23:48:45  [入睡] 规律度=0.85 呼吸率= 14.0/分 体动=0.000  音量=0% 灯=14%
  23:48:50  [入睡] 规律度=0.85 呼吸率= 14.0/分 体动=0.000  音量=0% 灯=15%
  23:48:55  [入睡] 规律度=0.86 呼吸率= 14.0/分 体动=0.000  音量=0% 灯=23%
  23:49:00  [入睡] 规律度=0.86 呼吸率= 14.0/分 体动=0.000  音量=0% 灯=4%
  23:49:05  [入睡] 规律度=0.86 呼吸率= 14.0/分 体动=0.000  音量=0% 灯=25%
  23:49:10  [入睡] 规律度=0.85 呼吸率= 14.0/分 体动=0.000  音量=0% 灯=9%
  23:49:15  [入睡] 规律度=0.85 呼吸率= 14.0/分 体动=0.000  音量=0% 灯=22%
  23:49:20  [入睡] 规律度=0.86 呼吸率= 14.0/分 体动=0.000  音量=0% 灯=19%
  23:49:25  [入睡] 规律度=0.86 呼吸率= 14.0/分 体动=0.000  音量=0% 灯=8%
  23:49:30  [入睡] 规律度=0.86 呼吸率= 14.0/分 体动=0.000  音量=0% 灯=25%
  23:49:35  [入睡] 规律度=0.86 呼吸率= 14.0/分 体动=0.000  音量=0% 灯=5%
  23:49:40  [入睡] 规律度=0.85 呼吸率= 14.0/分 体动=0.000  音量=0% 灯=25%
  23:49:45  [入睡] 规律度=0.86 呼吸率= 14.0/分 体动=0.000  音量=0% 灯=14%
  23:49:50  [入睡] 规律度=0.86 呼吸率= 14.0/分 体动=0.000  音量=0% 灯=15%
  23:49:55  [入睡] 规律度=0.85 呼吸率= 14.0/分 体动=0.000  音量=0% 灯=23%
  23:50:00  [入睡] 规律度=0.86 呼吸率= 14.0/分 体动=0.000  音量=0% 灯=4%
  23:50:05  [入睡] 规律度=0.86 呼吸率= 14.0/分 体动=0.000  音量=0% 灯=25%
  23:50:10  [入睡] 规律度=0.85 呼吸率= 14.0/分 体动=0.000  音量=0% 灯=9%
  23:50:15  [入睡] 规律度=0.86 呼吸率= 14.0/分 体动=0.000  音量=0% 灯=22%
  23:50:20  [入睡] 规律度=0.85 呼吸率= 14.0/分 体动=0.000  音量=0% 灯=19%
  23:50:25  [入睡] 规律度=0.86 呼吸率= 14.0/分 体动=0.000  音量=0% 灯=8%
  23:50:30  [入睡] 规律度=0.86 呼吸率= 14.0/分 体动=0.000  音量=0% 灯=25%
[link] ↑ 上报入睡判定：已入睡 置信=100%  呼吸=14次/分
  23:50:35  [入睡] 规律度=0.86 呼吸率= 14.0/分 体动=0.000  音量=0% 灯=5%
  23:50:40  [入睡] 规律度=0.86 呼吸率= 14.0/分 体动=0.000  音量=0% 灯=25%
  23:50:45  [入睡] 规律度=0.85 呼吸率= 14.3/分 体动=0.000  音量=0% 灯=14%
  23:50:50  [入睡] 规律度=0.86 呼吸率= 14.0/分 体动=0.000  音量=0% 灯=15%
  23:50:55  [入睡] 规律度=0.86 呼吸率= 14.0/分 体动=0.000  音量=0% 灯=23%
  23:51:00  [入睡] 规律度=0.86 呼吸率= 14.0/分 体动=0.000  音量=0% 灯=4%
  23:51:05  [入睡] 规律度=0.86 呼吸率= 14.0/分 体动=0.000  音量=0% 灯=25%
  23:51:10  [入睡] 规律度=0.85 呼吸率= 14.0/分 体动=0.000  音量=0% 灯=9%
  23:51:15  [入睡] 规律度=0.85 呼吸率= 14.3/分 体动=0.000  音量=0% 灯=22%
  23:51:20  [入睡] 规律度=0.85 呼吸率= 14.0/分 体动=0.000  音量=0% 灯=19%
  23:51:25  [入睡] 规律度=0.86 呼吸率= 14.0/分 体动=0.000  音量=0% 灯=8%
  23:51:30  [入睡] 规律度=0.86 呼吸率= 14.0/分 体动=0.000  音量=0% 灯=25%
  23:51:35  [入睡] 规律度=0.86 呼吸率= 14.0/分 体动=0.000  音量=0% 灯=5%
  23:51:40  [入睡] 规律度=0.85 呼吸率= 14.0/分 体动=0.000  音量=0% 灯=25%
  23:51:45  [入睡] 规律度=0.86 呼吸率= 14.3/分 体动=0.000  音量=0% 灯=14%
  23:51:50  [入睡] 规律度=0.86 呼吸率= 14.0/分 体动=0.000  音量=0% 灯=15%
  23:51:55  [入睡] 规律度=0.86 呼吸率= 14.0/分 体动=0.000  音量=0% 灯=23%
  23:52:00  [入睡] 规律度=0.86 呼吸率= 14.0/分 体动=0.000  音量=0% 灯=4%
  23:52:05  [入睡] 规律度=0.86 呼吸率= 14.0/分 体动=0.000  音量=0% 灯=25%
  23:52:10  [入睡] 规律度=0.86 呼吸率= 14.0/分 体动=0.000  音量=0% 灯=9%
  23:52:15  [入睡] 规律度=0.86 呼吸率= 14.3/分 体动=0.000  音量=0% 灯=22%
  23:52:20  [入睡] 规律度=0.86 呼吸率= 14.0/分 体动=0.000  音量=0% 灯=19%
  23:52:25  [入睡] 规律度=0.85 呼吸率= 14.0/分 体动=0.000  音量=0% 灯=8%
  23:52:30  [入睡] 规律度=0.86 呼吸率= 14.0/分 体动=0.000  音量=0% 灯=25%
  23:52:35  [入睡] 规律度=0.86 呼吸率= 14.0/分 体动=0.000  音量=0% 灯=5%
  23:52:40  [入睡] 规律度=0.85 呼吸率= 14.0/分 体动=0.000  音量=0% 灯=25%
  23:52:45  [入睡] 规律度=0.86 呼吸率= 14.3/分 体动=0.000  音量=0% 灯=14%
  23:52:50  [入睡] 规律度=0.86 呼吸率= 14.0/分 体动=0.000  音量=0% 灯=15%
  23:52:55  [入睡] 规律度=0.86 呼吸率= 14.0/分 体动=0.000  音量=0% 灯=23%
  23:53:00  [入睡] 规律度=0.86 呼吸率= 14.0/分 体动=0.000  音量=0% 灯=4%
  23:53:05  [入睡] 规律度=0.86 呼吸率= 14.0/分 体动=0.000  音量=0% 灯=25%
  23:53:10  [入睡] 规律度=0.85 呼吸率= 14.0/分 体动=0.000  音量=0% 灯=9%
  23:53:15  [入睡] 规律度=0.85 呼吸率= 14.0/分 体动=0.000  音量=0% 灯=22%
  23:53:20  [入睡] 规律度=0.86 呼吸率= 14.0/分 体动=0.000  音量=0% 灯=19%
  23:53:25  [入睡] 规律度=0.86 呼吸率= 14.0/分 体动=0.000  音量=0% 灯=8%
  23:53:30  [入睡] 规律度=0.86 呼吸率= 14.0/分 体动=0.000  音量=0% 灯=25%
  23:53:35  [入睡] 规律度=0.86 呼吸率= 14.0/分 体动=0.000  音量=0% 灯=5%
  23:53:40  [入睡] 规律度=0.86 呼吸率= 14.0/分 体动=0.000  音量=0% 灯=25%
  23:53:45  [入睡] 规律度=0.86 呼吸率= 14.3/分 体动=0.000  音量=0% 灯=14%
  23:53:50  [入睡] 规律度=0.85 呼吸率= 14.0/分 体动=0.000  音量=0% 灯=15%
  23:53:55  [入睡] 规律度=0.86 呼吸率= 14.0/分 体动=0.000  音量=0% 灯=23%
  23:54:00  [入睡] 规律度=0.86 呼吸率= 14.0/分 体动=0.000  音量=0% 灯=4%
  23:54:05  [入睡] 规律度=0.85 呼吸率= 14.0/分 体动=0.000  音量=0% 灯=25%
  23:54:10  [入睡] 规律度=0.86 呼吸率= 14.0/分 体动=0.000  音量=0% 灯=9%
  23:54:15  [入睡] 规律度=0.85 呼吸率= 14.3/分 体动=0.000  音量=0% 灯=22%
  23:54:20  [入睡] 规律度=0.86 呼吸率= 14.0/分 体动=0.000  音量=0% 灯=19%
  23:54:25  [入睡] 规律度=0.86 呼吸率= 14.0/分 体动=0.000  音量=0% 灯=8%
  23:54:30  [入睡] 规律度=0.86 呼吸率= 14.0/分 体动=0.000  音量=0% 灯=25%
  23:54:35  [入睡] 规律度=0.86 呼吸率= 14.0/分 体动=0.000  音量=0% 灯=5%
  23:54:40  [入睡] 规律度=0.85 呼吸率= 14.0/分 体动=0.000  音量=0% 灯=25%
  23:54:45  [入睡] 规律度=0.85 呼吸率= 14.0/分 体动=0.000  音量=0% 灯=14%
  23:54:50  [入睡] 规律度=0.86 呼吸率= 14.0/分 体动=0.000  音量=0% 灯=15%
  23:54:55  [入睡] 规律度=0.86 呼吸率= 14.0/分 体动=0.000  音量=0% 灯=23%
  23:55:00  [入睡] 规律度=0.86 呼吸率= 14.0/分 体动=0.000  音量=0% 灯=4%
  23:55:05  [入睡] 规律度=0.86 呼吸率= 14.0/分 体动=0.000  音量=0% 灯=25%
  23:55:10  [入睡] 规律度=0.85 呼吸率= 14.0/分 体动=0.000  音量=0% 灯=9%
  23:55:15  [入睡] 规律度=0.85 呼吸率= 14.0/分 体动=0.000  音量=0% 灯=22%
  23:55:20  [入睡] 规律度=0.86 呼吸率= 14.0/分 体动=0.000  音量=0% 灯=19%
  23:55:25  [入睡] 规律度=0.86 呼吸率= 14.0/分 体动=0.000  音量=0% 灯=8%
  23:55:30  [入睡] 规律度=0.86 呼吸率= 14.0/分 体动=0.000  音量=0% 灯=25%
[link] ↑ 上报入睡判定：已入睡 置信=100%  呼吸=14次/分
  23:55:35  [入睡] 规律度=0.86 呼吸率= 14.0/分 体动=0.000  音量=0% 灯=5%
  23:55:40  [入睡] 规律度=0.85 呼吸率= 14.0/分 体动=0.000  音量=0% 灯=25%
  23:55:45  [入睡] 规律度=0.85 呼吸率= 14.3/分 体动=0.000  音量=0% 灯=14%
  23:55:50  [入睡] 规律度=0.85 呼吸率= 14.0/分 体动=0.000  音量=0% 灯=15%
  23:55:55  [入睡] 规律度=0.86 呼吸率= 14.0/分 体动=0.000  音量=0% 灯=23%
  23:56:00  [入睡] 规律度=0.86 呼吸率= 14.0/分 体动=0.000  音量=0% 灯=4%
  23:56:05  [入睡] 规律度=0.85 呼吸率= 14.0/分 体动=0.000  音量=0% 灯=25%
  23:56:10  [入睡] 规律度=0.86 呼吸率= 14.0/分 体动=0.000  音量=0% 灯=9%
  23:56:15  [入睡] 规律度=0.86 呼吸率= 14.3/分 体动=0.000  音量=0% 灯=22%
  23:56:20  [入睡] 规律度=0.86 呼吸率= 14.0/分 体动=0.000  音量=0% 灯=19%
  23:56:25  [入睡] 规律度=0.86 呼吸率= 14.0/分 体动=0.000  音量=0% 灯=8%
  23:56:30  [入睡] 规律度=0.86 呼吸率= 14.0/分 体动=0.000  音量=0% 灯=25%
  23:56:35  [入睡] 规律度=0.86 呼吸率= 14.0/分 体动=0.000  音量=0% 灯=5%
  23:56:40  [入睡] 规律度=0.85 呼吸率= 14.0/分 体动=0.000  音量=0% 灯=25%
  23:56:45  [入睡] 规律度=0.86 呼吸率= 14.0/分 体动=0.000  音量=0% 灯=14%
  23:56:50  [入睡] 规律度=0.86 呼吸率= 14.0/分 体动=0.000  音量=0% 灯=15%
  23:56:55  [入睡] 规律度=0.86 呼吸率= 14.0/分 体动=0.000  音量=0% 灯=23%
  23:57:00  [入睡] 规律度=0.86 呼吸率= 14.0/分 体动=0.000  音量=0% 灯=4%
  23:57:05  [入睡] 规律度=0.86 呼吸率= 14.0/分 体动=0.000  音量=0% 灯=25%
  23:57:10  [入睡] 规律度=0.86 呼吸率= 14.0/分 体动=0.000  音量=0% 灯=9%
  23:57:15  [入睡] 规律度=0.86 呼吸率= 14.0/分 体动=0.000  音量=0% 灯=22%
  23:57:20  [入睡] 规律度=0.86 呼吸率= 14.0/分 体动=0.000  音量=0% 灯=19%
  23:57:25  [入睡] 规律度=0.85 呼吸率= 14.0/分 体动=0.000  音量=0% 灯=8%
  23:57:30  [入睡] 规律度=0.86 呼吸率= 14.0/分 体动=0.000  音量=0% 灯=25%
  23:57:35  [入睡] 规律度=0.86 呼吸率= 14.0/分 体动=0.000  音量=0% 灯=5%
  23:57:40  [入睡] 规律度=0.85 呼吸率= 14.0/分 体动=0.000  音量=0% 灯=25%
  23:57:45  [入睡] 规律度=0.86 呼吸率= 14.3/分 体动=0.000  音量=0% 灯=14%
  23:57:50  [入睡] 规律度=0.85 呼吸率= 14.0/分 体动=0.000  音量=0% 灯=15%
  23:57:55  [入睡] 规律度=0.85 呼吸率= 14.0/分 体动=0.000  音量=0% 灯=23%
  23:58:00  [入睡] 规律度=0.86 呼吸率= 14.0/分 体动=0.000  音量=0% 灯=4%
  23:58:05  [入睡] 规律度=0.86 呼吸率= 14.0/分 体动=0.000  音量=0% 灯=25%
  23:58:10  [入睡] 规律度=0.86 呼吸率= 14.0/分 体动=0.000  音量=0% 灯=9%
  23:58:15  [入睡] 规律度=0.86 呼吸率= 14.0/分 体动=0.000  音量=0% 灯=22%
  23:58:20  [入睡] 规律度=0.85 呼吸率= 14.0/分 体动=0.000  音量=0% 灯=19%
  23:58:25  [入睡] 规律度=0.86 呼吸率= 14.0/分 体动=0.000  音量=0% 灯=8%
  23:58:30  [入睡] 规律度=0.86 呼吸率= 14.0/分 体动=0.000  音量=0% 灯=25%
  23:58:35  [入睡] 规律度=0.86 呼吸率= 14.0/分 体动=0.000  音量=0% 灯=5%
  23:58:40  [入睡] 规律度=0.86 呼吸率= 14.0/分 体动=0.000  音量=0% 灯=25%
  23:58:45  [入睡] 规律度=0.85 呼吸率= 14.0/分 体动=0.000  音量=0% 灯=14%
  23:58:50  [入睡] 规律度=0.86 呼吸率= 14.0/分 体动=0.000  音量=0% 灯=15%
  23:58:55  [入睡] 规律度=0.86 呼吸率= 14.0/分 体动=0.000  音量=0% 灯=23%
  23:59:00  [入睡] 规律度=0.86 呼吸率= 14.0/分 体动=0.000  音量=0% 灯=4%
  23:59:05  [入睡] 规律度=0.86 呼吸率= 14.0/分 体动=0.000  音量=0% 灯=25%
  23:59:10  [入睡] 规律度=0.85 呼吸率= 14.0/分 体动=0.000  音量=0% 灯=9%
  23:59:15  [入睡] 规律度=0.86 呼吸率= 14.0/分 体动=0.000  音量=0% 灯=22%
  23:59:20  [入睡] 规律度=0.86 呼吸率= 14.0/分 体动=0.000  音量=0% 灯=19%
  23:59:25  [入睡] 规律度=0.86 呼吸率= 14.0/分 体动=0.000  音量=0% 灯=8%
  23:59:30  [入睡] 规律度=0.86 呼吸率= 14.0/分 体动=0.000  音量=0% 灯=25%
  23:59:35  [入睡] 规律度=0.86 呼吸率= 14.0/分 体动=0.000  音量=0% 灯=5%
  23:59:40  [入睡] 规律度=0.86 呼吸率= 14.0/分 体动=0.000  音量=0% 灯=25%
  23:59:45  [入睡] 规律度=0.85 呼吸率= 14.0/分 体动=0.000  音量=0% 灯=14%
  23:59:50  [入睡] 规律度=0.85 呼吸率= 14.0/分 体动=0.000  音量=0% 灯=15%
  23:59:55  [入睡] 规律度=0.85 呼吸率= 14.0/分 体动=0.000  音量=0% 灯=23%
  00:00:00  [入睡] 规律度=0.86 呼吸率= 14.0/分 体动=0.000  音量=0% 灯=4%
  00:00:05  [入睡] 规律度=0.86 呼吸率= 14.0/分 体动=0.000  音量=0% 灯=25%
  00:00:10  [入睡] 规律度=0.85 呼吸率= 14.0/分 体动=0.000  音量=0% 灯=9%
  00:00:15  [入睡] 规律度=0.86 呼吸率= 14.3/分 体动=0.000  音量=0% 灯=22%
  00:00:20  [入睡] 规律度=0.85 呼吸率= 14.0/分 体动=0.000  音量=0% 灯=19%
  00:00:25  [入睡] 规律度=0.85 呼吸率= 14.0/分 体动=0.000  音量=0% 灯=8%
  00:00:30  [入睡] 规律度=0.86 呼吸率= 14.0/分 体动=0.000  音量=0% 灯=25%
[link] ↑ 上报入睡判定：已入睡 置信=100%  呼吸=14次/分
  00:00:35  [入睡] 规律度=0.86 呼吸率= 14.0/分 体动=0.000  音量=0% 灯=5%
  00:00:40  [入睡] 规律度=0.86 呼吸率= 14.0/分 体动=0.000  音量=0% 灯=25%
  00:00:45  [入睡] 规律度=0.85 呼吸率= 14.3/分 体动=0.000  音量=0% 灯=14%
  00:00:50  [入睡] 规律度=0.85 呼吸率= 14.0/分 体动=0.000  音量=0% 灯=15%
  00:00:55  [入睡] 规律度=0.86 呼吸率= 14.0/分 体动=0.000  音量=0% 灯=23%
  00:01:00  [入睡] 规律度=0.86 呼吸率= 14.0/分 体动=0.000  音量=0% 灯=4%
  00:01:05  [入睡] 规律度=0.86 呼吸率= 14.0/分 体动=0.000  音量=0% 灯=25%
  00:01:10  [入睡] 规律度=0.85 呼吸率= 14.0/分 体动=0.000  音量=0% 灯=9%
  00:01:15  [入睡] 规律度=0.86 呼吸率= 14.0/分 体动=0.000  音量=0% 灯=22%
  00:01:20  [入睡] 规律度=0.86 呼吸率= 14.0/分 体动=0.000  音量=0% 灯=19%
  00:01:25  [入睡] 规律度=0.86 呼吸率= 14.0/分 体动=0.000  音量=0% 灯=8%
  00:01:30  [入睡] 规律度=0.86 呼吸率= 14.0/分 体动=0.000  音量=0% 灯=25%
  00:01:35  [入睡] 规律度=0.86 呼吸率= 14.0/分 体动=0.000  音量=0% 灯=5%
  00:01:40  [入睡] 规律度=0.86 呼吸率= 14.0/分 体动=0.000  音量=0% 灯=25%
  00:01:45  [入睡] 规律度=0.86 呼吸率= 14.3/分 体动=0.000  音量=0% 灯=14%
  00:01:50  [入睡] 规律度=0.85 呼吸率= 14.0/分 体动=0.000  音量=0% 灯=15%
  00:01:55  [入睡] 规律度=0.86 呼吸率= 14.0/分 体动=0.000  音量=0% 灯=23%
  00:02:00  [入睡] 规律度=0.86 呼吸率= 14.0/分 体动=0.000  音量=0% 灯=4%
  00:02:05  [入睡] 规律度=0.86 呼吸率= 14.0/分 体动=0.000  音量=0% 灯=25%
  00:02:10  [入睡] 规律度=0.86 呼吸率= 14.0/分 体动=0.000  音量=0% 灯=9%
  00:02:15  [入睡] 规律度=0.85 呼吸率= 14.0/分 体动=0.000  音量=0% 灯=22%
  00:02:20  [入睡] 规律度=0.86 呼吸率= 14.0/分 体动=0.000  音量=0% 灯=19%
  00:02:25  [入睡] 规律度=0.86 呼吸率= 14.0/分 体动=0.000  音量=0% 灯=8%
  00:02:30  [入睡] 规律度=0.86 呼吸率= 14.0/分 体动=0.000  音量=0% 灯=25%
  00:02:35  [入睡] 规律度=0.85 呼吸率= 14.0/分 体动=0.000  音量=0% 灯=5%
  00:02:40  [入睡] 规律度=0.85 呼吸率= 14.0/分 体动=0.000  音量=0% 灯=25%
  00:02:45  [入睡] 规律度=0.85 呼吸率= 14.0/分 体动=0.000  音量=0% 灯=14%
  00:02:50  [入睡] 规律度=0.85 呼吸率= 14.0/分 体动=0.000  音量=0% 灯=15%
  00:02:55  [入睡] 规律度=0.86 呼吸率= 14.0/分 体动=0.000  音量=0% 灯=23%
  00:03:00  [入睡] 规律度=0.85 呼吸率= 14.0/分 体动=0.000  音量=0% 灯=4%
  00:03:05  [入睡] 规律度=0.86 呼吸率= 14.0/分 体动=0.000  音量=0% 灯=25%
  00:03:10  [入睡] 规律度=0.86 呼吸率= 14.0/分 体动=0.000  音量=0% 灯=9%
  00:03:15  [入睡] 规律度=0.86 呼吸率= 14.0/分 体动=0.000  音量=0% 灯=22%
  00:03:20  [入睡] 规律度=0.86 呼吸率= 14.0/分 体动=0.000  音量=0% 灯=19%
  00:03:25  [入睡] 规律度=0.85 呼吸率= 14.0/分 体动=0.000  音量=0% 灯=8%
  00:03:30  [入睡] 规律度=0.86 呼吸率= 14.0/分 体动=0.000  音量=0% 灯=25%
  00:03:35  [入睡] 规律度=0.86 呼吸率= 14.0/分 体动=0.000  音量=0% 灯=5%
  00:03:40  [入睡] 规律度=0.85 呼吸率= 14.0/分 体动=0.000  音量=0% 灯=25%
  00:03:45  [入睡] 规律度=0.86 呼吸率= 14.3/分 体动=0.000  音量=0% 灯=14%
  00:03:50  [入睡] 规律度=0.85 呼吸率= 14.0/分 体动=0.000  音量=0% 灯=15%
  00:03:55  [入睡] 规律度=0.86 呼吸率= 14.0/分 体动=0.000  音量=0% 灯=23%
  00:04:00  [入睡] 规律度=0.86 呼吸率= 14.0/分 体动=0.000  音量=0% 灯=4%
  00:04:05  [入睡] 规律度=0.86 呼吸率= 14.0/分 体动=0.000  音量=0% 灯=25%
  00:04:10  [入睡] 规律度=0.85 呼吸率= 14.0/分 体动=0.000  音量=0% 灯=9%
  00:04:15  [入睡] 规律度=0.86 呼吸率= 14.0/分 体动=0.000  音量=0% 灯=22%
  00:04:20  [入睡] 规律度=0.86 呼吸率= 14.0/分 体动=0.000  音量=0% 灯=19%
  00:04:25  [入睡] 规律度=0.86 呼吸率= 14.0/分 体动=0.000  音量=0% 灯=8%
  00:04:30  [入睡] 规律度=0.86 呼吸率= 14.0/分 体动=0.000  音量=0% 灯=25%
  00:04:35  [入睡] 规律度=0.85 呼吸率= 14.0/分 体动=0.000  音量=0% 灯=5%
  00:04:40  [入睡] 规律度=0.86 呼吸率= 14.0/分 体动=0.000  音量=0% 灯=25%
  00:04:45  [入睡] 规律度=0.85 呼吸率= 14.0/分 体动=0.000  音量=0% 灯=14%
  00:04:50  [入睡] 规律度=0.86 呼吸率= 14.0/分 体动=0.000  音量=0% 灯=15%
  00:04:55  [入睡] 规律度=0.85 呼吸率= 14.0/分 体动=0.000  音量=0% 灯=23%
  00:05:00  [入睡] 规律度=0.86 呼吸率= 14.0/分 体动=0.000  音量=0% 灯=4%
  00:05:05  [入睡] 规律度=0.86 呼吸率= 14.0/分 体动=0.000  音量=0% 灯=25%
  00:05:10  [入睡] 规律度=0.86 呼吸率= 14.0/分 体动=0.000  音量=0% 灯=9%
  00:05:15  [入睡] 规律度=0.86 呼吸率= 14.0/分 体动=0.000  音量=0% 灯=22%
  00:05:20  [入睡] 规律度=0.86 呼吸率= 14.0/分 体动=0.000  音量=0% 灯=19%
  00:05:25  [入睡] 规律度=0.86 呼吸率= 14.0/分 体动=0.000  音量=0% 灯=8%
  00:05:30  [入睡] 规律度=0.86 呼吸率= 14.0/分 体动=0.000  音量=0% 灯=25%
[link] ↑ 上报入睡判定：已入睡 置信=100%  呼吸=14次/分
  00:05:35  [入睡] 规律度=0.86 呼吸率= 14.0/分 体动=0.000  音量=0% 灯=5%
  00:05:40  [入睡] 规律度=0.85 呼吸率= 14.0/分 体动=0.000  音量=0% 灯=25%
  00:05:45  [入睡] 规律度=0.85 呼吸率= 14.3/分 体动=0.000  音量=0% 灯=14%
  00:05:50  [入睡] 规律度=0.85 呼吸率= 14.0/分 体动=0.000  音量=0% 灯=15%
  00:05:55  [入睡] 规律度=0.85 呼吸率= 14.0/分 体动=0.000  音量=0% 灯=23%
  00:06:00  [入睡] 规律度=0.86 呼吸率= 14.0/分 体动=0.000  音量=0% 灯=4%
  00:06:05  [入睡] 规律度=0.86 呼吸率= 14.0/分 体动=0.000  音量=0% 灯=25%
  00:06:10  [入睡] 规律度=0.86 呼吸率= 14.0/分 体动=0.000  音量=0% 灯=9%
  00:06:15  [入睡] 规律度=0.86 呼吸率= 14.0/分 体动=0.000  音量=0% 灯=22%
  00:06:20  [入睡] 规律度=0.85 呼吸率= 14.0/分 体动=0.000  音量=0% 灯=19%
  00:06:25  [入睡] 规律度=0.86 呼吸率= 14.0/分 体动=0.000  音量=0% 灯=8%
  00:06:30  [入睡] 规律度=0.86 呼吸率= 14.0/分 体动=0.000  音量=0% 灯=25%
  00:06:35  [入睡] 规律度=0.86 呼吸率= 14.0/分 体动=0.000  音量=0% 灯=5%
  00:06:40  [入睡] 规律度=0.86 呼吸率= 14.0/分 体动=0.000  音量=0% 灯=25%
  00:06:45  [入睡] 规律度=0.85 呼吸率= 14.3/分 体动=0.000  音量=0% 灯=14%
  00:06:50  [入睡] 规律度=0.85 呼吸率= 14.0/分 体动=0.000  音量=0% 灯=15%
  00:06:55  [入睡] 规律度=0.86 呼吸率= 14.0/分 体动=0.000  音量=0% 灯=23%
  00:07:00  [入睡] 规律度=0.86 呼吸率= 14.0/分 体动=0.000  音量=0% 灯=4%
  00:07:05  [入睡] 规律度=0.85 呼吸率= 14.0/分 体动=0.000  音量=0% 灯=25%
  00:07:10  [入睡] 规律度=0.86 呼吸率= 14.0/分 体动=0.000  音量=0% 灯=9%
  00:07:15  [入睡] 规律度=0.85 呼吸率= 14.0/分 体动=0.000  音量=0% 灯=22%
  00:07:20  [入睡] 规律度=0.86 呼吸率= 14.0/分 体动=0.000  音量=0% 灯=19%
  00:07:25  [入睡] 规律度=0.86 呼吸率= 14.0/分 体动=0.000  音量=0% 灯=8%
  00:07:30  [入睡] 规律度=0.85 呼吸率= 14.0/分 体动=0.000  音量=0% 灯=25%
  00:07:35  [入睡] 规律度=0.86 呼吸率= 14.0/分 体动=0.000  音量=0% 灯=5%
  00:07:40  [入睡] 规律度=0.85 呼吸率= 14.0/分 体动=0.000  音量=0% 灯=25%
  00:07:45  [入睡] 规律度=0.86 呼吸率= 14.0/分 体动=0.000  音量=0% 灯=14%
  00:07:50  [入睡] 规律度=0.86 呼吸率= 14.0/分 体动=0.000  音量=0% 灯=15%
  00:07:55  [入睡] 规律度=0.86 呼吸率= 14.0/分 体动=0.000  音量=0% 灯=23%
  00:08:00  [入睡] 规律度=0.86 呼吸率= 14.0/分 体动=0.000  音量=0% 灯=4%
  00:08:05  [入睡] 规律度=0.86 呼吸率= 14.0/分 体动=0.000  音量=0% 灯=25%
  00:08:10  [入睡] 规律度=0.85 呼吸率= 14.0/分 体动=0.000  音量=0% 灯=9%
  00:08:15  [入睡] 规律度=0.86 呼吸率= 14.0/分 体动=0.000  音量=0% 灯=22%
  00:08:20  [入睡] 规律度=0.86 呼吸率= 14.0/分 体动=0.000  音量=0% 灯=19%
  00:08:25  [入睡] 规律度=0.85 呼吸率= 14.0/分 体动=0.000  音量=0% 灯=8%
  00:08:30  [入睡] 规律度=0.86 呼吸率= 14.0/分 体动=0.000  音量=0% 灯=25%
  00:08:35  [入睡] 规律度=0.86 呼吸率= 14.0/分 体动=0.000  音量=0% 灯=5%
  00:08:40  [入睡] 规律度=0.85 呼吸率= 14.0/分 体动=0.000  音量=0% 灯=25%
  00:08:45  [入睡] 规律度=0.86 呼吸率= 14.3/分 体动=0.000  音量=0% 灯=14%
  00:08:50  [入睡] 规律度=0.86 呼吸率= 14.0/分 体动=0.000  音量=0% 灯=15%
  00:08:55  [入睡] 规律度=0.86 呼吸率= 14.0/分 体动=0.000  音量=0% 灯=23%
  00:09:00  [入睡] 规律度=0.86 呼吸率= 14.0/分 体动=0.000  音量=0% 灯=4%
  00:09:05  [入睡] 规律度=0.85 呼吸率= 14.0/分 体动=0.000  音量=0% 灯=25%
  00:09:10  [入睡] 规律度=0.86 呼吸率= 14.0/分 体动=0.000  音量=0% 灯=9%
  00:09:15  [入睡] 规律度=0.86 呼吸率= 14.0/分 体动=0.000  音量=0% 灯=22%
  00:09:20  [入睡] 规律度=0.85 呼吸率= 14.0/分 体动=0.000  音量=0% 灯=19%
  00:09:25  [入睡] 规律度=0.86 呼吸率= 14.0/分 体动=0.000  音量=0% 灯=8%
  00:09:30  [入睡] 规律度=0.86 呼吸率= 14.0/分 体动=0.000  音量=0% 灯=25%
  00:09:35  [入睡] 规律度=0.86 呼吸率= 14.0/分 体动=0.000  音量=0% 灯=5%
  00:09:40  [入睡] 规律度=0.85 呼吸率= 14.0/分 体动=0.000  音量=0% 灯=25%
  00:09:45  [入睡] 规律度=0.85 呼吸率= 14.0/分 体动=0.000  音量=0% 灯=14%
  00:09:50  [入睡] 规律度=0.86 呼吸率= 14.0/分 体动=0.000  音量=0% 灯=15%
  00:09:55  [入睡] 规律度=0.86 呼吸率= 14.0/分 体动=0.000  音量=0% 灯=23%
  00:10:00  [入睡] 规律度=0.86 呼吸率= 14.0/分 体动=0.000  音量=0% 灯=4%
  00:10:05  [入睡] 规律度=0.86 呼吸率= 14.0/分 体动=0.000  音量=0% 灯=25%
  00:10:10  [入睡] 规律度=0.86 呼吸率= 14.0/分 体动=0.000  音量=0% 灯=9%
  00:10:15  [入睡] 规律度=0.86 呼吸率= 14.0/分 体动=0.000  音量=0% 灯=22%
  00:10:20  [入睡] 规律度=0.86 呼吸率= 14.0/分 体动=0.000  音量=0% 灯=19%
  00:10:25  [入睡] 规律度=0.85 呼吸率= 14.0/分 体动=0.000  音量=0% 灯=8%
  00:10:30  [入睡] 规律度=0.86 呼吸率= 14.0/分 体动=0.000  音量=0% 灯=25%
[link] ↑ 上报入睡判定：已入睡 置信=100%  呼吸=14次/分
  00:10:35  [入睡] 规律度=0.85 呼吸率= 14.0/分 体动=0.000  音量=0% 灯=5%
  00:10:40  [入睡] 规律度=0.86 呼吸率= 14.0/分 体动=0.000  音量=0% 灯=25%
  00:10:45  [入睡] 规律度=0.86 呼吸率= 14.3/分 体动=0.000  音量=0% 灯=14%
  00:10:50  [入睡] 规律度=0.85 呼吸率= 14.0/分 体动=0.000  音量=0% 灯=15%
  00:10:55  [入睡] 规律度=0.86 呼吸率= 14.0/分 体动=0.000  音量=0% 灯=23%
  00:11:00  [入睡] 规律度=0.86 呼吸率= 14.0/分 体动=0.000  音量=0% 灯=4%
  00:11:05  [入睡] 规律度=0.86 呼吸率= 14.0/分 体动=0.000  音量=0% 灯=25%
  00:11:10  [入睡] 规律度=0.86 呼吸率= 14.0/分 体动=0.000  音量=0% 灯=9%
  00:11:15  [入睡] 规律度=0.86 呼吸率= 14.3/分 体动=0.000  音量=0% 灯=22%
  00:11:20  [入睡] 规律度=0.86 呼吸率= 14.0/分 体动=0.000  音量=0% 灯=19%
  00:11:25  [入睡] 规律度=0.86 呼吸率= 14.0/分 体动=0.000  音量=0% 灯=8%
  00:11:30  [入睡] 规律度=0.86 呼吸率= 14.0/分 体动=0.000  音量=0% 灯=25%
  00:11:35  [入睡] 规律度=0.86 呼吸率= 14.0/分 体动=0.000  音量=0% 灯=5%
  00:11:40  [入睡] 规律度=0.85 呼吸率= 14.0/分 体动=0.000  音量=0% 灯=25%
  00:11:45  [入睡] 规律度=0.85 呼吸率= 14.0/分 体动=0.000  音量=0% 灯=14%
  00:11:50  [入睡] 规律度=0.86 呼吸率= 14.0/分 体动=0.000  音量=0% 灯=15%
  00:11:55  [入睡] 规律度=0.86 呼吸率= 14.0/分 体动=0.000  音量=0% 灯=23%
  00:12:00  [入睡] 规律度=0.86 呼吸率= 14.0/分 体动=0.000  音量=0% 灯=4%
  00:12:05  [入睡] 规律度=0.86 呼吸率= 14.0/分 体动=0.000  音量=0% 灯=25%
  00:12:10  [入睡] 规律度=0.86 呼吸率= 14.0/分 体动=0.000  音量=0% 灯=9%
  00:12:15  [入睡] 规律度=0.85 呼吸率= 14.0/分 体动=0.000  音量=0% 灯=22%
  00:12:20  [入睡] 规律度=0.85 呼吸率= 14.0/分 体动=0.000  音量=0% 灯=19%
  00:12:25  [入睡] 规律度=0.86 呼吸率= 14.0/分 体动=0.000  音量=0% 灯=8%
  00:12:30  [入睡] 规律度=0.86 呼吸率= 14.0/分 体动=0.000  音量=0% 灯=25%
  00:12:35  [入睡] 规律度=0.86 呼吸率= 14.0/分 体动=0.000  音量=0% 灯=5%
  00:12:40  [入睡] 规律度=0.85 呼吸率= 14.0/分 体动=0.000  音量=0% 灯=25%
  00:12:45  [入睡] 规律度=0.85 呼吸率= 14.3/分 体动=0.000  音量=0% 灯=14%
  00:12:50  [入睡] 规律度=0.85 呼吸率= 14.0/分 体动=0.000  音量=0% 灯=15%
  00:12:55  [入睡] 规律度=0.86 呼吸率= 14.0/分 体动=0.000  音量=0% 灯=23%
  00:13:00  [入睡] 规律度=0.86 呼吸率= 14.0/分 体动=0.000  音量=0% 灯=4%
  00:13:05  [入睡] 规律度=0.86 呼吸率= 14.0/分 体动=0.000  音量=0% 灯=25%
  00:13:10  [入睡] 规律度=0.86 呼吸率= 14.0/分 体动=0.000  音量=0% 灯=9%
  00:13:15  [入睡] 规律度=0.85 呼吸率= 14.3/分 体动=0.000  音量=0% 灯=22%
  00:13:20  [入睡] 规律度=0.86 呼吸率= 14.0/分 体动=0.000  音量=0% 灯=19%
  00:13:25  [入睡] 规律度=0.86 呼吸率= 14.0/分 体动=0.000  音量=0% 灯=8%
  00:13:30  [入睡] 规律度=0.86 呼吸率= 14.0/分 体动=0.000  音量=0% 灯=25%
  00:13:35  [入睡] 规律度=0.86 呼吸率= 14.0/分 体动=0.000  音量=0% 灯=5%
  00:13:40  [入睡] 规律度=0.86 呼吸率= 14.0/分 体动=0.000  音量=0% 灯=25%
  00:13:45  [入睡] 规律度=0.86 呼吸率= 14.0/分 体动=0.000  音量=0% 灯=14%
  00:13:50  [入睡] 规律度=0.85 呼吸率= 14.0/分 体动=0.000  音量=0% 灯=15%
  00:13:55  [入睡] 规律度=0.86 呼吸率= 14.0/分 体动=0.000  音量=0% 灯=23%
  00:14:00  [入睡] 规律度=0.86 呼吸率= 14.0/分 体动=0.000  音量=0% 灯=4%
  00:14:05  [入睡] 规律度=0.86 呼吸率= 14.0/分 体动=0.000  音量=0% 灯=25%
  00:14:10  [入睡] 规律度=0.85 呼吸率= 14.0/分 体动=0.000  音量=0% 灯=9%
  00:14:15  [入睡] 规律度=0.85 呼吸率= 14.3/分 体动=0.000  音量=0% 灯=22%
  00:14:20  [入睡] 规律度=0.86 呼吸率= 14.0/分 体动=0.000  音量=0% 灯=19%
  00:14:25  [入睡] 规律度=0.86 呼吸率= 14.0/分 体动=0.000  音量=0% 灯=8%
  00:14:30  [入睡] 规律度=0.86 呼吸率= 14.0/分 体动=0.000  音量=0% 灯=25%
  00:14:35  [入睡] 规律度=0.85 呼吸率= 14.0/分 体动=0.000  音量=0% 灯=5%
  00:14:40  [入睡] 规律度=0.85 呼吸率= 14.0/分 体动=0.000  音量=0% 灯=25%
  00:14:45  [入睡] 规律度=0.86 呼吸率= 14.0/分 体动=0.000  音量=0% 灯=14%
  00:14:50  [入睡] 规律度=0.86 呼吸率= 14.0/分 体动=0.000  音量=0% 灯=15%
  00:14:55  [入睡] 规律度=0.86 呼吸率= 14.0/分 体动=0.000  音量=0% 灯=23%
  00:15:00  [入睡] 规律度=0.86 呼吸率= 14.0/分 体动=0.000  音量=0% 灯=4%
  00:15:05  [入睡] 规律度=0.85 呼吸率= 14.0/分 体动=0.000  音量=0% 灯=25%
  00:15:10  [入睡] 规律度=0.85 呼吸率= 14.0/分 体动=0.000  音量=0% 灯=9%
  00:15:15  [入睡] 规律度=0.85 呼吸率= 14.3/分 体动=0.000  音量=0% 灯=22%
  00:15:20  [入睡] 规律度=0.85 呼吸率= 14.0/分 体动=0.000  音量=0% 灯=19%
  00:15:25  [入睡] 规律度=0.86 呼吸率= 14.0/分 体动=0.000  音量=0% 灯=8%
  00:15:30  [入睡] 规律度=0.86 呼吸率= 14.0/分 体动=0.000  音量=0% 灯=25%
[link] ↑ 上报入睡判定：已入睡 置信=100%  呼吸=14次/分
  00:15:35  [入睡] 规律度=0.86 呼吸率= 14.0/分 体动=0.000  音量=0% 灯=5%
  00:15:40  [入睡] 规律度=0.86 呼吸率= 14.0/分 体动=0.000  音量=0% 灯=25%
  00:15:45  [入睡] 规律度=0.86 呼吸率= 14.0/分 体动=0.000  音量=0% 灯=14%
  00:15:50  [入睡] 规律度=0.85 呼吸率= 14.0/分 体动=0.000  音量=0% 灯=15%
  00:15:55  [入睡] 规律度=0.85 呼吸率= 14.0/分 体动=0.000  音量=0% 灯=23%
  00:16:00  [入睡] 规律度=0.86 呼吸率= 14.0/分 体动=0.000  音量=0% 灯=4%
  00:16:05  [入睡] 规律度=0.86 呼吸率= 14.0/分 体动=0.000  音量=0% 灯=25%
  00:16:10  [入睡] 规律度=0.86 呼吸率= 14.0/分 体动=0.000  音量=0% 灯=9%
  00:16:15  [入睡] 规律度=0.85 呼吸率= 14.3/分 体动=0.000  音量=0% 灯=22%
  00:16:20  [入睡] 规律度=0.86 呼吸率= 14.0/分 体动=0.000  音量=0% 灯=19%
  00:16:25  [入睡] 规律度=0.86 呼吸率= 14.0/分 体动=0.000  音量=0% 灯=8%
  00:16:30  [入睡] 规律度=0.86 呼吸率= 14.0/分 体动=0.000  音量=0% 灯=25%
  00:16:35  [入睡] 规律度=0.85 呼吸率= 14.0/分 体动=0.000  音量=0% 灯=5%
  00:16:40  [入睡] 规律度=0.85 呼吸率= 14.0/分 体动=0.000  音量=0% 灯=25%
  00:16:45  [入睡] 规律度=0.85 呼吸率= 14.3/分 体动=0.000  音量=0% 灯=14%
  00:16:50  [入睡] 规律度=0.86 呼吸率= 14.0/分 体动=0.000  音量=0% 灯=15%
  00:16:55  [入睡] 规律度=0.86 呼吸率= 14.0/分 体动=0.000  音量=0% 灯=23%
  00:17:00  [入睡] 规律度=0.86 呼吸率= 14.0/分 体动=0.000  音量=0% 灯=4%
  00:17:05  [入睡] 规律度=0.86 呼吸率= 14.0/分 体动=0.000  音量=0% 灯=25%
  00:17:10  [入睡] 规律度=0.86 呼吸率= 14.0/分 体动=0.000  音量=0% 灯=9%
  00:17:15  [入睡] 规律度=0.86 呼吸率= 14.0/分 体动=0.000  音量=0% 灯=22%
  00:17:20  [入睡] 规律度=0.85 呼吸率= 14.0/分 体动=0.000  音量=0% 灯=19%
  00:17:25  [入睡] 规律度=0.85 呼吸率= 14.0/分 体动=0.000  音量=0% 灯=8%
  00:17:30  [入睡] 规律度=0.86 呼吸率= 14.0/分 体动=0.000  音量=0% 灯=25%
  00:17:35  [入睡] 规律度=0.86 呼吸率= 14.0/分 体动=0.000  音量=0% 灯=5%
  00:17:40  [入睡] 规律度=0.86 呼吸率= 14.0/分 体动=0.000  音量=0% 灯=25%
  00:17:45  [入睡] 规律度=0.86 呼吸率= 14.3/分 体动=0.000  音量=0% 灯=14%
  00:17:50  [入睡] 规律度=0.85 呼吸率= 14.0/分 体动=0.000  音量=0% 灯=15%
  00:17:55  [入睡] 规律度=0.86 呼吸率= 14.0/分 体动=0.000  音量=0% 灯=23%
  00:18:00  [入睡] 规律度=0.86 呼吸率= 14.0/分 体动=0.000  音量=0% 灯=4%
  00:18:05  [入睡] 规律度=0.86 呼吸率= 14.0/分 体动=0.000  音量=0% 灯=25%
  00:18:10  [入睡] 规律度=0.85 呼吸率= 14.0/分 体动=0.000  音量=0% 灯=9%
  00:18:15  [入睡] 规律度=0.85 呼吸率= 14.3/分 体动=0.000  音量=0% 灯=22%
  00:18:20  [入睡] 规律度=0.86 呼吸率= 14.0/分 体动=0.000  音量=0% 灯=19%
  00:18:25  [入睡] 规律度=0.86 呼吸率= 14.0/分 体动=0.000  音量=0% 灯=8%
  00:18:30  [入睡] 规律度=0.85 呼吸率= 14.0/分 体动=0.000  音量=0% 灯=25%
  00:18:35  [入睡] 规律度=0.86 呼吸率= 14.0/分 体动=0.000  音量=0% 灯=5%
  00:18:40  [入睡] 规律度=0.86 呼吸率= 14.0/分 体动=0.000  音量=0% 灯=25%
  00:18:45  [入睡] 规律度=0.86 呼吸率= 14.3/分 体动=0.000  音量=0% 灯=14%
  00:18:50  [入睡] 规律度=0.86 呼吸率= 14.0/分 体动=0.000  音量=0% 灯=15%
  00:18:55  [入睡] 规律度=0.86 呼吸率= 14.0/分 体动=0.000  音量=0% 灯=23%
  00:19:00  [入睡] 规律度=0.86 呼吸率= 14.0/分 体动=0.000  音量=0% 灯=4%
  00:19:05  [入睡] 规律度=0.86 呼吸率= 14.0/分 体动=0.000  音量=0% 灯=25%
  00:19:10  [入睡] 规律度=0.86 呼吸率= 14.0/分 体动=0.000  音量=0% 灯=9%
  00:19:15  [入睡] 规律度=0.85 呼吸率= 14.0/分 体动=0.000  音量=0% 灯=22%
  00:19:20  [入睡] 规律度=0.85 呼吸率= 14.0/分 体动=0.000  音量=0% 灯=19%
  00:19:25  [入睡] 规律度=0.86 呼吸率= 14.0/分 体动=0.000  音量=0% 灯=8%
  00:19:30  [入睡] 规律度=0.86 呼吸率= 14.0/分 体动=0.000  音量=0% 灯=25%
  00:19:35  [入睡] 规律度=0.86 呼吸率= 14.0/分 体动=0.000  音量=0% 灯=5%
  00:19:40  [入睡] 规律度=0.85 呼吸率= 14.0/分 体动=0.000  音量=0% 灯=25%
  00:19:45  [入睡] 规律度=0.85 呼吸率= 14.3/分 体动=0.000  音量=0% 灯=14%
  00:19:50  [入睡] 规律度=0.86 呼吸率= 14.0/分 体动=0.000  音量=0% 灯=15%
  00:19:55  [入睡] 规律度=0.86 呼吸率= 14.0/分 体动=0.000  音量=0% 灯=23%
  00:20:00  [入睡] 规律度=0.85 呼吸率= 14.0/分 体动=0.000  音量=0% 灯=4%
  00:20:05  [入睡] 规律度=0.86 呼吸率= 14.0/分 体动=0.000  音量=0% 灯=25%
  00:20:10  [入睡] 规律度=0.85 呼吸率= 14.0/分 体动=0.000  音量=0% 灯=9%
  00:20:15  [入睡] 规律度=0.86 呼吸率= 14.3/分 体动=0.000  音量=0% 灯=22%
  00:20:20  [入睡] 规律度=0.86 呼吸率= 14.0/分 体动=0.000  音量=0% 灯=19%
  00:20:25  [入睡] 规律度=0.86 呼吸率= 14.0/分 体动=0.000  音量=0% 灯=8%
  00:20:30  [入睡] 规律度=0.85 呼吸率= 14.0/分 体动=0.000  音量=0% 灯=25%
[link] ↑ 上报入睡判定：已入睡 置信=100%  呼吸=14次/分
  00:20:35  [入睡] 规律度=0.85 呼吸率= 14.0/分 体动=0.000  音量=0% 灯=5%
  00:20:40  [入睡] 规律度=0.86 呼吸率= 14.0/分 体动=0.000  音量=0% 灯=25%
  00:20:45  [入睡] 规律度=0.86 呼吸率= 14.3/分 体动=0.000  音量=0% 灯=14%
  00:20:50  [入睡] 规律度=0.86 呼吸率= 14.0/分 体动=0.000  音量=0% 灯=15%
  00:20:55  [入睡] 规律度=0.86 呼吸率= 14.0/分 体动=0.000  音量=0% 灯=23%
  00:21:00  [入睡] 规律度=0.85 呼吸率= 14.0/分 体动=0.000  音量=0% 灯=4%
  00:21:05  [入睡] 规律度=0.85 呼吸率= 14.0/分 体动=0.000  音量=0% 灯=25%
  00:21:10  [入睡] 规律度=0.86 呼吸率= 14.0/分 体动=0.000  音量=0% 灯=9%
  00:21:15  [入睡] 规律度=0.86 呼吸率= 14.0/分 体动=0.000  音量=0% 灯=22%
  00:21:20  [入睡] 规律度=0.86 呼吸率= 14.0/分 体动=0.000  音量=0% 灯=19%
  00:21:25  [入睡] 规律度=0.86 呼吸率= 14.0/分 体动=0.000  音量=0% 灯=8%
  00:21:30  [入睡] 规律度=0.86 呼吸率= 14.0/分 体动=0.000  音量=0% 灯=25%
  00:21:35  [入睡] 规律度=0.86 呼吸率= 14.0/分 体动=0.000  音量=0% 灯=5%
  00:21:40  [入睡] 规律度=0.85 呼吸率= 14.0/分 体动=0.000  音量=0% 灯=25%
  00:21:45  [入睡] 规律度=0.86 呼吸率= 14.3/分 体动=0.000  音量=0% 灯=14%
  00:21:50  [入睡] 规律度=0.85 呼吸率= 14.0/分 体动=0.000  音量=0% 灯=15%
  00:21:55  [入睡] 规律度=0.86 呼吸率= 14.0/分 体动=0.000  音量=0% 灯=23%
  00:22:00  [入睡] 规律度=0.86 呼吸率= 14.0/分 体动=0.000  音量=0% 灯=4%
  00:22:05  [入睡] 规律度=0.86 呼吸率= 14.0/分 体动=0.000  音量=0% 灯=25%
  00:22:10  [入睡] 规律度=0.86 呼吸率= 14.0/分 体动=0.000  音量=0% 灯=9%
  00:22:15  [入睡] 规律度=0.86 呼吸率= 14.0/分 体动=0.000  音量=0% 灯=22%
  00:22:20  [入睡] 规律度=0.86 呼吸率= 14.0/分 体动=0.000  音量=0% 灯=19%
  00:22:25  [入睡] 规律度=0.86 呼吸率= 14.0/分 体动=0.000  音量=0% 灯=8%
  00:22:30  [入睡] 规律度=0.85 呼吸率= 14.0/分 体动=0.000  音量=0% 灯=25%
  00:22:35  [入睡] 规律度=0.85 呼吸率= 14.0/分 体动=0.000  音量=0% 灯=5%
  00:22:40  [入睡] 规律度=0.86 呼吸率= 14.0/分 体动=0.000  音量=0% 灯=25%
  00:22:45  [入睡] 规律度=0.86 呼吸率= 14.0/分 体动=0.000  音量=0% 灯=14%
  00:22:50  [入睡] 规律度=0.85 呼吸率= 14.0/分 体动=0.000  音量=0% 灯=15%
  00:22:55  [入睡] 规律度=0.86 呼吸率= 14.0/分 体动=0.000  音量=0% 灯=23%
  00:23:00  [入睡] 规律度=0.86 呼吸率= 14.0/分 体动=0.000  音量=0% 灯=4%
  00:23:05  [入睡] 规律度=0.86 呼吸率= 14.0/分 体动=0.000  音量=0% 灯=25%
  00:23:10  [入睡] 规律度=0.86 呼吸率= 14.0/分 体动=0.000  音量=0% 灯=9%
  00:23:15  [入睡] 规律度=0.85 呼吸率= 14.3/分 体动=0.000  音量=0% 灯=22%
  00:23:20  [入睡] 规律度=0.86 呼吸率= 14.0/分 体动=0.000  音量=0% 灯=19%
  00:23:25  [入睡] 规律度=0.85 呼吸率= 14.0/分 体动=0.000  音量=0% 灯=8%
  00:23:30  [入睡] 规律度=0.86 呼吸率= 14.0/分 体动=0.000  音量=0% 灯=25%
  00:23:35  [入睡] 规律度=0.86 呼吸率= 14.0/分 体动=0.000  音量=0% 灯=5%
  00:23:40  [入睡] 规律度=0.86 呼吸率= 14.0/分 体动=0.000  音量=0% 灯=25%
  00:23:45  [入睡] 规律度=0.85 呼吸率= 14.0/分 体动=0.000  音量=0% 灯=14%
  00:23:50  [入睡] 规律度=0.85 呼吸率= 14.0/分 体动=0.000  音量=0% 灯=15%
  00:23:55  [入睡] 规律度=0.85 呼吸率= 14.0/分 体动=0.000  音量=0% 灯=23%
  00:24:00  [入睡] 规律度=0.86 呼吸率= 14.0/分 体动=0.000  音量=0% 灯=4%
  00:24:05  [入睡] 规律度=0.86 呼吸率= 14.0/分 体动=0.000  音量=0% 灯=25%
  00:24:10  [入睡] 规律度=0.85 呼吸率= 14.0/分 体动=0.000  音量=0% 灯=9%
  00:24:15  [入睡] 规律度=0.85 呼吸率= 14.3/分 体动=0.000  音量=0% 灯=22%
  00:24:20  [入睡] 规律度=0.86 呼吸率= 14.0/分 体动=0.000  音量=0% 灯=19%
  00:24:25  [入睡] 规律度=0.86 呼吸率= 14.0/分 体动=0.000  音量=0% 灯=8%
  00:24:30  [入睡] 规律度=0.86 呼吸率= 14.0/分 体动=0.000  音量=0% 灯=25%
  00:24:35  [入睡] 规律度=0.85 呼吸率= 14.0/分 体动=0.000  音量=0% 灯=5%
  00:24:40  [入睡] 规律度=0.86 呼吸率= 14.0/分 体动=0.000  音量=0% 灯=25%
  00:24:45  [入睡] 规律度=0.86 呼吸率= 14.0/分 体动=0.000  音量=0% 灯=14%
  00:24:50  [入睡] 规律度=0.86 呼吸率= 14.0/分 体动=0.000  音量=0% 灯=15%
  00:24:55  [入睡] 规律度=0.86 呼吸率= 14.0/分 体动=0.000  音量=0% 灯=23%
  00:25:00  [入睡] 规律度=0.86 呼吸率= 14.0/分 体动=0.000  音量=0% 灯=4%
  00:25:05  [入睡] 规律度=0.86 呼吸率= 14.0/分 体动=0.000  音量=0% 灯=25%
  00:25:10  [入睡] 规律度=0.86 呼吸率= 14.0/分 体动=0.000  音量=0% 灯=9%
  00:25:15  [入睡] 规律度=0.86 呼吸率= 14.0/分 体动=0.000  音量=0% 灯=22%
  00:25:20  [入睡] 规律度=0.85 呼吸率= 14.0/分 体动=0.000  音量=0% 灯=19%
  00:25:25  [入睡] 规律度=0.86 呼吸率= 14.0/分 体动=0.000  音量=0% 灯=8%
  00:25:30  [入睡] 规律度=0.86 呼吸率= 14.0/分 体动=0.000  音量=0% 灯=25%
[link] ↑ 上报入睡判定：已入睡 置信=100%  呼吸=14次/分
  00:25:35  [入睡] 规律度=0.86 呼吸率= 14.0/分 体动=0.000  音量=0% 灯=5%
  00:25:40  [入睡] 规律度=0.86 呼吸率= 14.0/分 体动=0.000  音量=0% 灯=25%
  00:25:45  [入睡] 规律度=0.86 呼吸率= 14.3/分 体动=0.000  音量=0% 灯=14%
  00:25:50  [入睡] 规律度=0.86 呼吸率= 14.0/分 体动=0.000  音量=0% 灯=15%
  00:25:55  [入睡] 规律度=0.86 呼吸率= 14.0/分 体动=0.000  音量=0% 灯=23%
  00:26:00  [入睡] 规律度=0.86 呼吸率= 14.0/分 体动=0.000  音量=0% 灯=4%
  00:26:05  [入睡] 规律度=0.86 呼吸率= 14.0/分 体动=0.000  音量=0% 灯=25%
  00:26:10  [入睡] 规律度=0.85 呼吸率= 14.0/分 体动=0.000  音量=0% 灯=9%
  00:26:15  [入睡] 规律度=0.85 呼吸率= 14.3/分 体动=0.000  音量=0% 灯=22%
  00:26:20  [入睡] 规律度=0.86 呼吸率= 14.0/分 体动=0.000  音量=0% 灯=19%
  00:26:25  [入睡] 规律度=0.85 呼吸率= 14.0/分 体动=0.000  音量=0% 灯=8%
  00:26:30  [入睡] 规律度=0.86 呼吸率= 14.0/分 体动=0.000  音量=0% 灯=25%
  00:26:35  [入睡] 规律度=0.86 呼吸率= 14.0/分 体动=0.000  音量=0% 灯=5%
  00:26:40  [入睡] 规律度=0.85 呼吸率= 14.0/分 体动=0.000  音量=0% 灯=25%
  00:26:45  [入睡] 规律度=0.86 呼吸率= 14.0/分 体动=0.000  音量=0% 灯=14%
  00:26:50  [入睡] 规律度=0.86 呼吸率= 14.0/分 体动=0.000  音量=0% 灯=15%
  00:26:55  [入睡] 规律度=0.86 呼吸率= 14.0/分 体动=0.000  音量=0% 灯=23%
  00:27:00  [入睡] 规律度=0.85 呼吸率= 14.0/分 体动=0.000  音量=0% 灯=4%
  00:27:05  [入睡] 规律度=0.86 呼吸率= 14.0/分 体动=0.000  音量=0% 灯=25%
  00:27:10  [入睡] 规律度=0.86 呼吸率= 14.0/分 体动=0.000  音量=0% 灯=9%
  00:27:15  [入睡] 规律度=0.86 呼吸率= 14.0/分 体动=0.000  音量=0% 灯=22%
  00:27:20  [入睡] 规律度=0.86 呼吸率= 14.0/分 体动=0.000  音量=0% 灯=19%
  00:27:25  [入睡] 规律度=0.85 呼吸率= 14.0/分 体动=0.000  音量=0% 灯=8%
  00:27:30  [入睡] 规律度=0.86 呼吸率= 14.0/分 体动=0.000  音量=0% 灯=25%
  00:27:35  [入睡] 规律度=0.86 呼吸率= 14.0/分 体动=0.000  音量=0% 灯=5%
  00:27:40  [入睡] 规律度=0.86 呼吸率= 14.0/分 体动=0.000  音量=0% 灯=25%
  00:27:45  [入睡] 规律度=0.86 呼吸率= 14.0/分 体动=0.000  音量=0% 灯=14%
  00:27:50  [入睡] 规律度=0.85 呼吸率= 14.0/分 体动=0.000  音量=0% 灯=15%
  00:27:55  [入睡] 规律度=0.86 呼吸率= 14.0/分 体动=0.000  音量=0% 灯=23%
  00:28:00  [入睡] 规律度=0.86 呼吸率= 14.0/分 体动=0.000  音量=0% 灯=4%
  00:28:05  [入睡] 规律度=0.86 呼吸率= 14.0/分 体动=0.000  音量=0% 灯=25%
  00:28:10  [入睡] 规律度=0.86 呼吸率= 14.0/分 体动=0.000  音量=0% 灯=9%
  00:28:15  [入睡] 规律度=0.86 呼吸率= 14.3/分 体动=0.000  音量=0% 灯=22%
  00:28:20  [入睡] 规律度=0.86 呼吸率= 14.0/分 体动=0.000  音量=0% 灯=19%
  00:28:25  [入睡] 规律度=0.86 呼吸率= 14.0/分 体动=0.000  音量=0% 灯=8%
  00:28:30  [入睡] 规律度=0.86 呼吸率= 14.0/分 体动=0.000  音量=0% 灯=25%
  00:28:35  [入睡] 规律度=0.86 呼吸率= 14.0/分 体动=0.000  音量=0% 灯=5%
  00:28:40  [入睡] 规律度=0.86 呼吸率= 14.0/分 体动=0.000  音量=0% 灯=25%
  00:28:45  [入睡] 规律度=0.86 呼吸率= 14.3/分 体动=0.000  音量=0% 灯=14%
  00:28:50  [入睡] 规律度=0.85 呼吸率= 14.0/分 体动=0.000  音量=0% 灯=15%
  00:28:55  [入睡] 规律度=0.86 呼吸率= 14.0/分 体动=0.000  音量=0% 灯=23%
  00:29:00  [入睡] 规律度=0.86 呼吸率= 14.0/分 体动=0.000  音量=0% 灯=4%
  00:29:05  [入睡] 规律度=0.86 呼吸率= 14.0/分 体动=0.000  音量=0% 灯=25%
  00:29:10  [入睡] 规律度=0.86 呼吸率= 14.0/分 体动=0.000  音量=0% 灯=9%
  00:29:15  [入睡] 规律度=0.85 呼吸率= 14.0/分 体动=0.000  音量=0% 灯=22%
  00:29:20  [入睡] 规律度=0.86 呼吸率= 14.0/分 体动=0.000  音量=0% 灯=19%
  00:29:25  [入睡] 规律度=0.86 呼吸率= 14.0/分 体动=0.000  音量=0% 灯=8%
  00:29:30  [入睡] 规律度=0.86 呼吸率= 14.0/分 体动=0.000  音量=0% 灯=25%
  00:29:35  [入睡] 规律度=0.86 呼吸率= 14.0/分 体动=0.000  音量=0% 灯=5%
  00:29:40  [入睡] 规律度=0.85 呼吸率= 14.0/分 体动=0.000  音量=0% 灯=25%
  00:29:45  [入睡] 规律度=0.86 呼吸率= 14.3/分 体动=0.000  音量=0% 灯=14%
  00:29:50  [入睡] 规律度=0.86 呼吸率= 14.0/分 体动=0.000  音量=0% 灯=15%
  00:29:55  [入睡] 规律度=0.86 呼吸率= 14.0/分 体动=0.000  音量=0% 灯=23%
  00:30:00  [入睡] 规律度=0.86 呼吸率= 14.0/分 体动=0.000  音量=0% 灯=4%
  00:30:05  [入睡] 规律度=0.86 呼吸率= 14.0/分 体动=0.000  音量=0% 灯=25%
  00:30:10  [入睡] 规律度=0.86 呼吸率= 14.0/分 体动=0.000  音量=0% 灯=9%
  00:30:15  [入睡] 规律度=0.86 呼吸率= 14.0/分 体动=0.000  音量=0% 灯=22%
  00:30:20  [入睡] 规律度=0.86 呼吸率= 14.0/分 体动=0.000  音量=0% 灯=19%
  00:30:25  [入睡] 规律度=0.85 呼吸率= 14.0/分 体动=0.000  音量=0% 灯=8%
  00:30:30  [入睡] 规律度=0.86 呼吸率= 14.0/分 体动=0.000  音量=0% 灯=25%
[link] ↑ 上报入睡判定：已入睡 置信=100%  呼吸=14次/分
  00:30:35  [入睡] 规律度=0.86 呼吸率= 14.0/分 体动=0.000  音量=0% 灯=5%
  00:30:40  [入睡] 规律度=0.86 呼吸率= 14.0/分 体动=0.000  音量=0% 灯=25%
  00:30:45  [入睡] 规律度=0.86 呼吸率= 14.0/分 体动=0.000  音量=0% 灯=14%
  00:30:50  [入睡] 规律度=0.85 呼吸率= 14.0/分 体动=0.000  音量=0% 灯=15%
  00:30:55  [入睡] 规律度=0.85 呼吸率= 14.0/分 体动=0.000  音量=0% 灯=23%
  00:31:00  [入睡] 规律度=0.86 呼吸率= 14.0/分 体动=0.000  音量=0% 灯=4%
  00:31:05  [入睡] 规律度=0.86 呼吸率= 14.0/分 体动=0.000  音量=0% 灯=25%
  00:31:10  [入睡] 规律度=0.86 呼吸率= 14.0/分 体动=0.000  音量=0% 灯=9%
  00:31:15  [入睡] 规律度=0.86 呼吸率= 14.3/分 体动=0.000  音量=0% 灯=22%
  00:31:20  [入睡] 规律度=0.85 呼吸率= 14.0/分 体动=0.000  音量=0% 灯=19%
  00:31:25  [入睡] 规律度=0.86 呼吸率= 14.0/分 体动=0.000  音量=0% 灯=8%
  00:31:30  [入睡] 规律度=0.86 呼吸率= 14.0/分 体动=0.000  音量=0% 灯=25%
  00:31:35  [入睡] 规律度=0.86 呼吸率= 14.0/分 体动=0.000  音量=0% 灯=5%
  00:31:40  [入睡] 规律度=0.86 呼吸率= 14.0/分 体动=0.000  音量=0% 灯=25%
  00:31:45  [入睡] 规律度=0.86 呼吸率= 14.3/分 体动=0.000  音量=0% 灯=14%
  00:31:50  [入睡] 规律度=0.86 呼吸率= 14.0/分 体动=0.000  音量=0% 灯=15%
  00:31:55  [入睡] 规律度=0.86 呼吸率= 14.0/分 体动=0.000  音量=0% 灯=23%
  00:32:00  [入睡] 规律度=0.86 呼吸率= 14.0/分 体动=0.000  音量=0% 灯=4%
  00:32:05  [入睡] 规律度=0.86 呼吸率= 14.0/分 体动=0.000  音量=0% 灯=25%
  00:32:10  [入睡] 规律度=0.85 呼吸率= 14.0/分 体动=0.000  音量=0% 灯=9%
  00:32:15  [入睡] 规律度=0.85 呼吸率= 14.0/分 体动=0.000  音量=0% 灯=22%
  00:32:20  [入睡] 规律度=0.86 呼吸率= 14.0/分 体动=0.000  音量=0% 灯=19%
  00:32:25  [入睡] 规律度=0.86 呼吸率= 14.0/分 体动=0.000  音量=0% 灯=8%
  00:32:30  [入睡] 规律度=0.86 呼吸率= 14.0/分 体动=0.000  音量=0% 灯=25%
  00:32:35  [入睡] 规律度=0.86 呼吸率= 14.0/分 体动=0.000  音量=0% 灯=5%
  00:32:40  [入睡] 规律度=0.85 呼吸率= 14.0/分 体动=0.000  音量=0% 灯=25%
  00:32:45  [入睡] 规律度=0.85 呼吸率= 14.0/分 体动=0.000  音量=0% 灯=14%
  00:32:50  [入睡] 规律度=0.86 呼吸率= 14.0/分 体动=0.000  音量=0% 灯=15%
  00:32:55  [入睡] 规律度=0.86 呼吸率= 14.0/分 体动=0.000  音量=0% 灯=23%
  00:33:00  [入睡] 规律度=0.86 呼吸率= 14.0/分 体动=0.000  音量=0% 灯=4%
  00:33:05  [入睡] 规律度=0.86 呼吸率= 14.0/分 体动=0.000  音量=0% 灯=25%
  00:33:10  [入睡] 规律度=0.86 呼吸率= 14.0/分 体动=0.000  音量=0% 灯=9%
  00:33:15  [入睡] 规律度=0.85 呼吸率= 14.3/分 体动=0.000  音量=0% 灯=22%
  00:33:20  [入睡] 规律度=0.86 呼吸率= 14.0/分 体动=0.000  音量=0% 灯=19%
  00:33:25  [入睡] 规律度=0.86 呼吸率= 14.0/分 体动=0.000  音量=0% 灯=8%
  00:33:30  [入睡] 规律度=0.85 呼吸率= 14.0/分 体动=0.000  音量=0% 灯=25%
  00:33:35  [入睡] 规律度=0.85 呼吸率= 14.0/分 体动=0.000  音量=0% 灯=5%
  00:33:40  [入睡] 规律度=0.85 呼吸率= 14.0/分 体动=0.000  音量=0% 灯=25%
  00:33:45  [入睡] 规律度=0.86 呼吸率= 14.0/分 体动=0.000  音量=0% 灯=14%
  00:33:50  [入睡] 规律度=0.86 呼吸率= 14.0/分 体动=0.000  音量=0% 灯=15%
  00:33:55  [入睡] 规律度=0.86 呼吸率= 14.0/分 体动=0.000  音量=0% 灯=23%
  00:34:00  [入睡] 规律度=0.86 呼吸率= 14.0/分 体动=0.000  音量=0% 灯=4%
  00:34:05  [入睡] 规律度=0.85 呼吸率= 14.0/分 体动=0.000  音量=0% 灯=25%
  00:34:10  [入睡] 规律度=0.86 呼吸率= 14.0/分 体动=0.000  音量=0% 灯=9%
  00:34:15  [入睡] 规律度=0.86 呼吸率= 14.0/分 体动=0.000  音量=0% 灯=22%
  00:34:20  [入睡] 规律度=0.86 呼吸率= 14.0/分 体动=0.000  音量=0% 灯=19%
  00:34:25  [入睡] 规律度=0.86 呼吸率= 14.0/分 体动=0.000  音量=0% 灯=8%
  00:34:30  [入睡] 规律度=0.86 呼吸率= 14.0/分 体动=0.000  音量=0% 灯=25%
  00:34:35  [入睡] 规律度=0.86 呼吸率= 14.0/分 体动=0.000  音量=0% 灯=5%
  00:34:40  [入睡] 规律度=0.86 呼吸率= 14.0/分 体动=0.000  音量=0% 灯=25%
  00:34:45  [入睡] 规律度=0.85 呼吸率= 14.3/分 体动=0.000  音量=0% 灯=14%
  00:34:50  [入睡] 规律度=0.86 呼吸率= 14.0/分 体动=0.000  音量=0% 灯=15%
  00:34:55  [入睡] 规律度=0.86 呼吸率= 14.0/分 体动=0.000  音量=0% 灯=23%
  00:35:00  [入睡] 规律度=0.86 呼吸率= 14.0/分 体动=0.000  音量=0% 灯=4%
  00:35:05  [入睡] 规律度=0.86 呼吸率= 14.0/分 体动=0.000  音量=0% 灯=25%
  00:35:10  [入睡] 规律度=0.85 呼吸率= 14.0/分 体动=0.000  音量=0% 灯=9%
  00:35:15  [入睡] 规律度=0.85 呼吸率= 14.3/分 体动=0.000  音量=0% 灯=22%
  00:35:20  [入睡] 规律度=0.85 呼吸率= 14.0/分 体动=0.000  音量=0% 灯=19%
  00:35:25  [入睡] 规律度=0.85 呼吸率= 14.0/分 体动=0.000  音量=0% 灯=8%
  00:35:30  [入睡] 规律度=0.86 呼吸率= 14.0/分 体动=0.000  音量=0% 灯=25%
[link] ↑ 上报入睡判定：已入睡 置信=100%  呼吸=14次/分
  00:35:35  [入睡] 规律度=0.86 呼吸率= 14.0/分 体动=0.000  音量=0% 灯=5%
  00:35:40  [入睡] 规律度=0.86 呼吸率= 14.0/分 体动=0.000  音量=0% 灯=25%
  00:35:45  [入睡] 规律度=0.86 呼吸率= 14.3/分 体动=0.000  音量=0% 灯=14%
  00:35:50  [入睡] 规律度=0.85 呼吸率= 14.0/分 体动=0.000  音量=0% 灯=15%
  00:35:55  [入睡] 规律度=0.86 呼吸率= 14.0/分 体动=0.000  音量=0% 灯=23%
  00:36:00  [入睡] 规律度=0.86 呼吸率= 14.0/分 体动=0.000  音量=0% 灯=4%
  00:36:05  [入睡] 规律度=0.86 呼吸率= 14.0/分 体动=0.000  音量=0% 灯=25%
  00:36:10  [入睡] 规律度=0.85 呼吸率= 14.0/分 体动=0.000  音量=0% 灯=9%
  00:36:15  [入睡] 规律度=0.85 呼吸率= 14.0/分 体动=0.000  音量=0% 灯=22%
  00:36:20  [入睡] 规律度=0.86 呼吸率= 14.0/分 体动=0.000  音量=0% 灯=19%
  00:36:25  [入睡] 规律度=0.86 呼吸率= 14.0/分 体动=0.000  音量=0% 灯=8%
  00:36:30  [入睡] 规律度=0.86 呼吸率= 14.0/分 体动=0.000  音量=0% 灯=25%
  00:36:35  [入睡] 规律度=0.86 呼吸率= 14.0/分 体动=0.000  音量=0% 灯=5%
  00:36:40  [入睡] 规律度=0.85 呼吸率= 14.0/分 体动=0.000  音量=0% 灯=25%
  00:36:45  [入睡] 规律度=0.86 呼吸率= 14.3/分 体动=0.000  音量=0% 灯=14%
  00:36:50  [入睡] 规律度=0.86 呼吸率= 14.0/分 体动=0.000  音量=0% 灯=15%
  00:36:55  [入睡] 规律度=0.86 呼吸率= 14.0/分 体动=0.000  音量=0% 灯=23%
  00:37:00  [入睡] 规律度=0.86 呼吸率= 14.0/分 体动=0.000  音量=0% 灯=4%
  00:37:05  [入睡] 规律度=0.86 呼吸率= 14.0/分 体动=0.000  音量=0% 灯=25%
  00:37:10  [入睡] 规律度=0.86 呼吸率= 14.0/分 体动=0.000  音量=0% 灯=9%
  00:37:15  [入睡] 规律度=0.86 呼吸率= 14.3/分 体动=0.000  音量=0% 灯=22%
  00:37:20  [入睡] 规律度=0.85 呼吸率= 14.0/分 体动=0.000  音量=0% 灯=19%
  00:37:25  [入睡] 规律度=0.86 呼吸率= 14.0/分 体动=0.000  音量=0% 灯=8%
  00:37:30  [入睡] 规律度=0.86 呼吸率= 14.0/分 体动=0.000  音量=0% 灯=25%
  00:37:35  [入睡] 规律度=0.85 呼吸率= 14.0/分 体动=0.000  音量=0% 灯=5%
  00:37:40  [入睡] 规律度=0.86 呼吸率= 14.0/分 体动=0.000  音量=0% 灯=25%
  00:37:45  [入睡] 规律度=0.86 呼吸率= 14.0/分 体动=0.000  音量=0% 灯=14%
  00:37:50  [入睡] 规律度=0.86 呼吸率= 14.0/分 体动=0.000  音量=0% 灯=15%
  00:37:55  [入睡] 规律度=0.86 呼吸率= 14.0/分 体动=0.000  音量=0% 灯=23%
  00:38:00  [入睡] 规律度=0.86 呼吸率= 14.0/分 体动=0.000  音量=0% 灯=4%
  00:38:05  [入睡] 规律度=0.85 呼吸率= 14.0/分 体动=0.000  音量=0% 灯=25%
  00:38:10  [入睡] 规律度=0.86 呼吸率= 14.0/分 体动=0.000  音量=0% 灯=9%
  00:38:15  [入睡] 规律度=0.86 呼吸率= 14.3/分 体动=0.000  音量=0% 灯=22%
  00:38:20  [入睡] 规律度=0.85 呼吸率= 14.0/分 体动=0.000  音量=0% 灯=19%
  00:38:25  [入睡] 规律度=0.86 呼吸率= 14.0/分 体动=0.000  音量=0% 灯=8%
  00:38:30  [入睡] 规律度=0.86 呼吸率= 14.0/分 体动=0.000  音量=0% 灯=25%
  00:38:35  [入睡] 规律度=0.86 呼吸率= 14.0/分 体动=0.000  音量=0% 灯=5%
  00:38:40  [入睡] 规律度=0.86 呼吸率= 14.0/分 体动=0.000  音量=0% 灯=25%
  00:38:45  [入睡] 规律度=0.85 呼吸率= 14.3/分 体动=0.000  音量=0% 灯=14%
  00:38:50  [入睡] 规律度=0.85 呼吸率= 14.0/分 体动=0.000  音量=0% 灯=15%
  00:38:55  [入睡] 规律度=0.85 呼吸率= 14.0/分 体动=0.000  音量=0% 灯=23%
  00:39:00  [入睡] 规律度=0.86 呼吸率= 14.0/分 体动=0.000  音量=0% 灯=4%
  00:39:05  [入睡] 规律度=0.86 呼吸率= 14.0/分 体动=0.000  音量=0% 灯=25%
  00:39:10  [入睡] 规律度=0.85 呼吸率= 14.0/分 体动=0.000  音量=0% 灯=9%
  00:39:15  [入睡] 规律度=0.86 呼吸率= 14.0/分 体动=0.000  音量=0% 灯=22%
  00:39:20  [入睡] 规律度=0.86 呼吸率= 14.0/分 体动=0.000  音量=0% 灯=19%
  00:39:25  [入睡] 规律度=0.86 呼吸率= 14.0/分 体动=0.000  音量=0% 灯=8%
  00:39:30  [入睡] 规律度=0.86 呼吸率= 14.0/分 体动=0.000  音量=0% 灯=25%
  00:39:35  [入睡] 规律度=0.85 呼吸率= 14.0/分 体动=0.000  音量=0% 灯=5%
  00:39:40  [入睡] 规律度=0.86 呼吸率= 14.0/分 体动=0.000  音量=0% 灯=25%
  00:39:45  [入睡] 规律度=0.86 呼吸率= 14.3/分 体动=0.000  音量=0% 灯=14%
  00:39:50  [入睡] 规律度=0.85 呼吸率= 14.0/分 体动=0.000  音量=0% 灯=15%
  00:39:55  [入睡] 规律度=0.86 呼吸率= 14.0/分 体动=0.000  音量=0% 灯=23%
  00:40:00  [入睡] 规律度=0.86 呼吸率= 14.0/分 体动=0.000  音量=0% 灯=4%
  00:40:05  [入睡] 规律度=0.86 呼吸率= 14.0/分 体动=0.000  音量=0% 灯=25%
  00:40:10  [入睡] 规律度=0.85 呼吸率= 14.0/分 体动=0.000  音量=0% 灯=9%
  00:40:15  [入睡] 规律度=0.85 呼吸率= 14.3/分 体动=0.000  音量=0% 灯=22%
  00:40:20  [入睡] 规律度=0.86 呼吸率= 14.0/分 体动=0.000  音量=0% 灯=19%
  00:40:25  [入睡] 规律度=0.85 呼吸率= 14.0/分 体动=0.000  音量=0% 灯=8%
  00:40:30  [入睡] 规律度=0.86 呼吸率= 14.0/分 体动=0.000  音量=0% 灯=25%
[link] ↑ 上报入睡判定：已入睡 置信=100%  呼吸=14次/分
  00:40:35  [入睡] 规律度=0.86 呼吸率= 14.0/分 体动=0.000  音量=0% 灯=5%
  00:40:40  [入睡] 规律度=0.86 呼吸率= 14.0/分 体动=0.000  音量=0% 灯=25%
  00:40:45  [入睡] 规律度=0.86 呼吸率= 14.3/分 体动=0.000  音量=0% 灯=14%
  00:40:50  [入睡] 规律度=0.86 呼吸率= 14.0/分 体动=0.000  音量=0% 灯=15%
  00:40:55  [入睡] 规律度=0.86 呼吸率= 14.0/分 体动=0.000  音量=0% 灯=23%
  00:41:00  [入睡] 规律度=0.86 呼吸率= 14.0/分 体动=0.000  音量=0% 灯=4%
  00:41:05  [入睡] 规律度=0.86 呼吸率= 14.0/分 体动=0.000  音量=0% 灯=25%
  00:41:10  [入睡] 规律度=0.85 呼吸率= 14.0/分 体动=0.000  音量=0% 灯=9%
  00:41:15  [入睡] 规律度=0.86 呼吸率= 14.0/分 体动=0.000  音量=0% 灯=22%
  00:41:20  [入睡] 规律度=0.85 呼吸率= 14.0/分 体动=0.000  音量=0% 灯=19%
  00:41:25  [入睡] 规律度=0.86 呼吸率= 14.0/分 体动=0.000  音量=0% 灯=8%
  00:41:30  [入睡] 规律度=0.86 呼吸率= 14.0/分 体动=0.000  音量=0% 灯=25%
  00:41:35  [入睡] 规律度=0.86 呼吸率= 14.0/分 体动=0.000  音量=0% 灯=5%
  00:41:40  [入睡] 规律度=0.86 呼吸率= 14.0/分 体动=0.000  音量=0% 灯=25%
  00:41:45  [入睡] 规律度=0.86 呼吸率= 14.0/分 体动=0.000  音量=0% 灯=14%
  00:41:50  [入睡] 规律度=0.86 呼吸率= 14.0/分 体动=0.000  音量=0% 灯=15%
  00:41:55  [入睡] 规律度=0.86 呼吸率= 14.0/分 体动=0.000  音量=0% 灯=23%
  00:42:00  [入睡] 规律度=0.86 呼吸率= 14.0/分 体动=0.000  音量=0% 灯=4%
  00:42:05  [入睡] 规律度=0.86 呼吸率= 14.0/分 体动=0.000  音量=0% 灯=25%
  00:42:10  [入睡] 规律度=0.86 呼吸率= 14.0/分 体动=0.000  音量=0% 灯=9%
  00:42:15  [入睡] 规律度=0.85 呼吸率= 14.3/分 体动=0.000  音量=0% 灯=22%
  00:42:20  [入睡] 规律度=0.86 呼吸率= 14.0/分 体动=0.000  音量=0% 灯=19%
  00:42:25  [入睡] 规律度=0.86 呼吸率= 14.0/分 体动=0.000  音量=0% 灯=8%
  00:42:30  [入睡] 规律度=0.86 呼吸率= 14.0/分 体动=0.000  音量=0% 灯=25%
  00:42:35  [入睡] 规律度=0.85 呼吸率= 14.0/分 体动=0.000  音量=0% 灯=5%
  00:42:40  [入睡] 规律度=0.85 呼吸率= 14.0/分 体动=0.000  音量=0% 灯=25%
  00:42:45  [入睡] 规律度=0.86 呼吸率= 14.0/分 体动=0.000  音量=0% 灯=14%
  00:42:50  [入睡] 规律度=0.86 呼吸率= 14.0/分 体动=0.000  音量=0% 灯=15%
  00:42:55  [入睡] 规律度=0.86 呼吸率= 14.0/分 体动=0.000  音量=0% 灯=23%
  00:43:00  [入睡] 规律度=0.86 呼吸率= 14.0/分 体动=0.000  音量=0% 灯=4%
  00:43:05  [入睡] 规律度=0.86 呼吸率= 14.0/分 体动=0.000  音量=0% 灯=25%
  00:43:10  [入睡] 规律度=0.85 呼吸率= 14.0/分 体动=0.000  音量=0% 灯=9%
  00:43:15  [入睡] 规律度=0.86 呼吸率= 14.0/分 体动=0.000  音量=0% 灯=22%
  00:43:20  [入睡] 规律度=0.85 呼吸率= 14.0/分 体动=0.000  音量=0% 灯=19%
  00:43:25  [入睡] 规律度=0.86 呼吸率= 14.0/分 体动=0.000  音量=0% 灯=8%
  00:43:30  [入睡] 规律度=0.86 呼吸率= 14.0/分 体动=0.000  音量=0% 灯=25%
  00:43:35  [入睡] 规律度=0.86 呼吸率= 14.0/分 体动=0.000  音量=0% 灯=5%
  00:43:40  [入睡] 规律度=0.85 呼吸率= 14.0/分 体动=0.000  音量=0% 灯=25%
  00:43:45  [入睡] 规律度=0.85 呼吸率= 14.3/分 体动=0.000  音量=0% 灯=14%
  00:43:50  [入睡] 规律度=0.86 呼吸率= 14.0/分 体动=0.000  音量=0% 灯=15%
  00:43:55  [入睡] 规律度=0.86 呼吸率= 14.0/分 体动=0.000  音量=0% 灯=23%
  00:44:00  [入睡] 规律度=0.85 呼吸率= 14.0/分 体动=0.000  音量=0% 灯=4%
  00:44:05  [入睡] 规律度=0.86 呼吸率= 14.0/分 体动=0.000  音量=0% 灯=25%
  00:44:10  [入睡] 规律度=0.86 呼吸率= 14.0/分 体动=0.000  音量=0% 灯=9%
  00:44:15  [入睡] 规律度=0.86 呼吸率= 14.3/分 体动=0.000  音量=0% 灯=22%
  00:44:20  [入睡] 规律度=0.86 呼吸率= 14.0/分 体动=0.000  音量=0% 灯=19%
  00:44:25  [入睡] 规律度=0.85 呼吸率= 14.0/分 体动=0.000  音量=0% 灯=8%
  00:44:30  [入睡] 规律度=0.86 呼吸率= 14.0/分 体动=0.000  音量=0% 灯=25%
  00:44:35  [入睡] 规律度=0.85 呼吸率= 14.0/分 体动=0.000  音量=0% 灯=5%
  00:44:40  [入睡] 规律度=0.85 呼吸率= 14.0/分 体动=0.000  音量=0% 灯=25%
  00:44:45  [入睡] 规律度=0.86 呼吸率= 14.0/分 体动=0.000  音量=0% 灯=14%
  00:44:50  [入睡] 规律度=0.86 呼吸率= 14.0/分 体动=0.000  音量=0% 灯=15%
  00:44:55  [入睡] 规律度=0.86 呼吸率= 14.0/分 体动=0.000  音量=0% 灯=23%
  00:45:00  [入睡] 规律度=0.86 呼吸率= 14.0/分 体动=0.000  音量=0% 灯=4%
  00:45:05  [入睡] 规律度=0.86 呼吸率= 14.0/分 体动=0.000  音量=0% 灯=25%
  00:45:10  [入睡] 规律度=0.86 呼吸率= 14.0/分 体动=0.000  音量=0% 灯=9%
  00:45:15  [入睡] 规律度=0.86 呼吸率= 14.3/分 体动=0.000  音量=0% 灯=22%
  00:45:20  [入睡] 规律度=0.85 呼吸率= 14.0/分 体动=0.000  音量=0% 灯=19%
  00:45:25  [入睡] 规律度=0.86 呼吸率= 14.0/分 体动=0.000  音量=0% 灯=8%
  00:45:30  [入睡] 规律度=0.86 呼吸率= 14.0/分 体动=0.000  音量=0% 灯=25%
[link] ↑ 上报入睡判定：已入睡 置信=100%  呼吸=14次/分
  00:45:35  [入睡] 规律度=0.86 呼吸率= 14.0/分 体动=0.000  音量=0% 灯=5%
  00:45:40  [入睡] 规律度=0.85 呼吸率= 14.0/分 体动=0.000  音量=0% 灯=25%
  00:45:45  [入睡] 规律度=0.85 呼吸率= 14.0/分 体动=0.000  音量=0% 灯=14%
  00:45:50  [入睡] 规律度=0.86 呼吸率= 14.0/分 体动=0.000  音量=0% 灯=15%
  00:45:55  [入睡] 规律度=0.86 呼吸率= 14.0/分 体动=0.000  音量=0% 灯=23%
  00:46:00  [入睡] 规律度=0.86 呼吸率= 14.0/分 体动=0.000  音量=0% 灯=4%
  00:46:05  [入睡] 规律度=0.86 呼吸率= 14.0/分 体动=0.000  音量=0% 灯=25%
  00:46:10  [入睡] 规律度=0.85 呼吸率= 14.0/分 体动=0.000  音量=0% 灯=9%
  00:46:15  [入睡] 规律度=0.85 呼吸率= 14.3/分 体动=0.000  音量=0% 灯=22%
  00:46:20  [入睡] 规律度=0.85 呼吸率= 14.0/分 体动=0.000  音量=0% 灯=19%
  00:46:25  [入睡] 规律度=0.86 呼吸率= 14.0/分 体动=0.000  音量=0% 灯=8%
  00:46:30  [入睡] 规律度=0.86 呼吸率= 14.0/分 体动=0.000  音量=0% 灯=25%
  00:46:35  [入睡] 规律度=0.86 呼吸率= 14.0/分 体动=0.000  音量=0% 灯=5%
  00:46:40  [入睡] 规律度=0.86 呼吸率= 14.0/分 体动=0.000  音量=0% 灯=25%
  00:46:45  [入睡] 规律度=0.85 呼吸率= 14.0/分 体动=0.000  音量=0% 灯=14%
  00:46:50  [入睡] 规律度=0.86 呼吸率= 14.0/分 体动=0.000  音量=0% 灯=15%
  00:46:55  [入睡] 规律度=0.85 呼吸率= 14.0/分 体动=0.000  音量=0% 灯=23%
  00:47:00  [入睡] 规律度=0.86 呼吸率= 14.0/分 体动=0.000  音量=0% 灯=4%
  00:47:05  [入睡] 规律度=0.86 呼吸率= 14.0/分 体动=0.000  音量=0% 灯=25%
  00:47:10  [入睡] 规律度=0.86 呼吸率= 14.0/分 体动=0.000  音量=0% 灯=9%
  00:47:15  [入睡] 规律度=0.86 呼吸率= 14.0/分 体动=0.000  音量=0% 灯=22%
  00:47:20  [入睡] 规律度=0.86 呼吸率= 14.0/分 体动=0.000  音量=0% 灯=19%
  00:47:25  [入睡] 规律度=0.85 呼吸率= 14.0/分 体动=0.000  音量=0% 灯=8%
  00:47:30  [入睡] 规律度=0.86 呼吸率= 14.0/分 体动=0.000  音量=0% 灯=25%
  00:47:35  [入睡] 规律度=0.86 呼吸率= 14.0/分 体动=0.000  音量=0% 灯=5%
  00:47:40  [入睡] 规律度=0.86 呼吸率= 14.0/分 体动=0.000  音量=0% 灯=25%
  00:47:45  [入睡] 规律度=0.86 呼吸率= 14.3/分 体动=0.000  音量=0% 灯=14%
  00:47:50  [入睡] 规律度=0.86 呼吸率= 14.0/分 体动=0.000  音量=0% 灯=15%
  00:47:55  [入睡] 规律度=0.86 呼吸率= 14.0/分 体动=0.000  音量=0% 灯=23%
  00:48:00  [入睡] 规律度=0.86 呼吸率= 14.0/分 体动=0.000  音量=0% 灯=4%
  00:48:05  [入睡] 规律度=0.85 呼吸率= 14.0/分 体动=0.000  音量=0% 灯=25%
  00:48:10  [入睡] 规律度=0.85 呼吸率= 14.0/分 体动=0.000  音量=0% 灯=9%
  00:48:15  [入睡] 规律度=0.86 呼吸率= 14.3/分 体动=0.000  音量=0% 灯=22%
  00:48:20  [入睡] 规律度=0.86 呼吸率= 14.0/分 体动=0.000  音量=0% 灯=19%
  00:48:25  [入睡] 规律度=0.86 呼吸率= 14.0/分 体动=0.000  音量=0% 灯=8%
  00:48:30  [入睡] 规律度=0.86 呼吸率= 14.0/分 体动=0.000  音量=0% 灯=25%
  00:48:35  [入睡] 规律度=0.85 呼吸率= 14.0/分 体动=0.000  音量=0% 灯=5%
  00:48:40  [入睡] 规律度=0.86 呼吸率= 14.0/分 体动=0.000  音量=0% 灯=25%
  00:48:45  [入睡] 规律度=0.85 呼吸率= 14.3/分 体动=0.000  音量=0% 灯=14%
  00:48:50  [入睡] 规律度=0.86 呼吸率= 14.0/分 体动=0.000  音量=0% 灯=15%
  00:48:55  [入睡] 规律度=0.86 呼吸率= 14.0/分 体动=0.000  音量=0% 灯=23%
  00:49:00  [入睡] 规律度=0.85 呼吸率= 14.0/分 体动=0.000  音量=0% 灯=4%
  00:49:05  [入睡] 规律度=0.86 呼吸率= 14.0/分 体动=0.000  音量=0% 灯=25%
  00:49:10  [入睡] 规律度=0.85 呼吸率= 14.0/分 体动=0.000  音量=0% 灯=9%
  00:49:15  [入睡] 规律度=0.86 呼吸率= 14.3/分 体动=0.000  音量=0% 灯=22%
  00:49:20  [入睡] 规律度=0.86 呼吸率= 14.0/分 体动=0.000  音量=0% 灯=19%
  00:49:25  [入睡] 规律度=0.85 呼吸率= 14.0/分 体动=0.000  音量=0% 灯=8%
  00:49:30  [入睡] 规律度=0.86 呼吸率= 14.0/分 体动=0.000  音量=0% 灯=25%
  00:49:35  [入睡] 规律度=0.85 呼吸率= 14.0/分 体动=0.000  音量=0% 灯=5%
  00:49:40  [入睡] 规律度=0.86 呼吸率= 14.0/分 体动=0.000  音量=0% 灯=25%
  00:49:45  [入睡] 规律度=0.85 呼吸率= 14.3/分 体动=0.000  音量=0% 灯=14%
  00:49:50  [入睡] 规律度=0.85 呼吸率= 14.0/分 体动=0.000  音量=0% 灯=15%
  00:49:55  [入睡] 规律度=0.86 呼吸率= 14.0/分 体动=0.000  音量=0% 灯=23%
  00:50:00  [入睡] 规律度=0.86 呼吸率= 14.0/分 体动=0.000  音量=0% 灯=4%
  00:50:05  [入睡] 规律度=0.86 呼吸率= 14.0/分 体动=0.000  音量=0% 灯=25%
  00:50:10  [入睡] 规律度=0.86 呼吸率= 14.0/分 体动=0.000  音量=0% 灯=9%
  00:50:15  [入睡] 规律度=0.85 呼吸率= 14.3/分 体动=0.000  音量=0% 灯=22%
  00:50:20  [入睡] 规律度=0.86 呼吸率= 14.0/分 体动=0.000  音量=0% 灯=19%
  00:50:25  [入睡] 规律度=0.86 呼吸率= 14.0/分 体动=0.000  音量=0% 灯=8%
  00:50:30  [入睡] 规律度=0.86 呼吸率= 14.0/分 体动=0.000  音量=0% 灯=25%
[link] ↑ 上报入睡判定：已入睡 置信=100%  呼吸=14次/分
  00:50:35  [入睡] 规律度=0.86 呼吸率= 14.0/分 体动=0.000  音量=0% 灯=5%
  00:50:40  [入睡] 规律度=0.86 呼吸率= 14.0/分 体动=0.000  音量=0% 灯=25%
  00:50:45  [入睡] 规律度=0.86 呼吸率= 14.3/分 体动=0.000  音量=0% 灯=14%
  00:50:50  [入睡] 规律度=0.85 呼吸率= 14.0/分 体动=0.000  音量=0% 灯=15%
  00:50:55  [入睡] 规律度=0.86 呼吸率= 14.0/分 体动=0.000  音量=0% 灯=23%
  00:51:00  [入睡] 规律度=0.86 呼吸率= 14.0/分 体动=0.000  音量=0% 灯=4%
  00:51:05  [入睡] 规律度=0.86 呼吸率= 14.0/分 体动=0.000  音量=0% 灯=25%
  00:51:10  [入睡] 规律度=0.86 呼吸率= 14.0/分 体动=0.000  音量=0% 灯=9%
  00:51:15  [入睡] 规律度=0.86 呼吸率= 14.0/分 体动=0.000  音量=0% 灯=22%
  00:51:20  [入睡] 规律度=0.85 呼吸率= 14.0/分 体动=0.000  音量=0% 灯=19%
  00:51:25  [入睡] 规律度=0.85 呼吸率= 14.0/分 体动=0.000  音量=0% 灯=8%
  00:51:30  [入睡] 规律度=0.86 呼吸率= 14.0/分 体动=0.000  音量=0% 灯=25%
  00:51:35  [入睡] 规律度=0.86 呼吸率= 14.0/分 体动=0.000  音量=0% 灯=5%
  00:51:40  [入睡] 规律度=0.86 呼吸率= 14.0/分 体动=0.000  音量=0% 灯=25%
  00:51:45  [入睡] 规律度=0.85 呼吸率= 14.3/分 体动=0.000  音量=0% 灯=14%
  00:51:50  [入睡] 规律度=0.85 呼吸率= 14.0/分 体动=0.000  音量=0% 灯=15%
  00:51:55  [入睡] 规律度=0.86 呼吸率= 14.0/分 体动=0.000  音量=0% 灯=23%
  00:52:00  [入睡] 规律度=0.86 呼吸率= 14.0/分 体动=0.000  音量=0% 灯=4%
  00:52:05  [入睡] 规律度=0.86 呼吸率= 14.0/分 体动=0.000  音量=0% 灯=25%
  00:52:10  [入睡] 规律度=0.85 呼吸率= 14.0/分 体动=0.000  音量=0% 灯=9%
  00:52:15  [入睡] 规律度=0.85 呼吸率= 14.3/分 体动=0.000  音量=0% 灯=22%
  00:52:20  [入睡] 规律度=0.85 呼吸率= 14.0/分 体动=0.000  音量=0% 灯=19%
  00:52:25  [入睡] 规律度=0.86 呼吸率= 14.0/分 体动=0.000  音量=0% 灯=8%
  00:52:30  [入睡] 规律度=0.86 呼吸率= 14.0/分 体动=0.000  音量=0% 灯=25%
  00:52:35  [入睡] 规律度=0.86 呼吸率= 14.0/分 体动=0.000  音量=0% 灯=5%
  00:52:40  [入睡] 规律度=0.85 呼吸率= 14.0/分 体动=0.000  音量=0% 灯=25%
  00:52:45  [入睡] 规律度=0.86 呼吸率= 14.0/分 体动=0.000  音量=0% 灯=14%
  00:52:50  [入睡] 规律度=0.86 呼吸率= 14.0/分 体动=0.000  音量=0% 灯=15%
  00:52:55  [入睡] 规律度=0.85 呼吸率= 14.0/分 体动=0.000  音量=0% 灯=23%
  00:53:00  [入睡] 规律度=0.86 呼吸率= 14.0/分 体动=0.000  音量=0% 灯=4%
  00:53:05  [入睡] 规律度=0.86 呼吸率= 14.0/分 体动=0.000  音量=0% 灯=25%
  00:53:10  [入睡] 规律度=0.86 呼吸率= 14.0/分 体动=0.000  音量=0% 灯=9%
  00:53:15  [入睡] 规律度=0.86 呼吸率= 14.3/分 体动=0.000  音量=0% 灯=22%
  00:53:20  [入睡] 规律度=0.86 呼吸率= 14.0/分 体动=0.000  音量=0% 灯=19%
  00:53:25  [入睡] 规律度=0.85 呼吸率= 14.0/分 体动=0.000  音量=0% 灯=8%
  00:53:30  [入睡] 规律度=0.86 呼吸率= 14.0/分 体动=0.000  音量=0% 灯=25%
  00:53:35  [入睡] 规律度=0.86 呼吸率= 14.0/分 体动=0.000  音量=0% 灯=5%
  00:53:40  [入睡] 规律度=0.85 呼吸率= 14.0/分 体动=0.000  音量=0% 灯=25%
  00:53:45  [入睡] 规律度=0.86 呼吸率= 14.0/分 体动=0.000  音量=0% 灯=14%
  00:53:50  [入睡] 规律度=0.86 呼吸率= 14.0/分 体动=0.000  音量=0% 灯=15%
  00:53:55  [入睡] 规律度=0.85 呼吸率= 14.0/分 体动=0.000  音量=0% 灯=23%
  00:54:00  [入睡] 规律度=0.86 呼吸率= 14.0/分 体动=0.000  音量=0% 灯=4%
  00:54:05  [入睡] 规律度=0.86 呼吸率= 14.0/分 体动=0.000  音量=0% 灯=25%
  00:54:10  [入睡] 规律度=0.86 呼吸率= 14.0/分 体动=0.000  音量=0% 灯=9%
  00:54:15  [入睡] 规律度=0.85 呼吸率= 14.0/分 体动=0.000  音量=0% 灯=22%
  00:54:20  [入睡] 规律度=0.86 呼吸率= 14.0/分 体动=0.000  音量=0% 灯=19%
  00:54:25  [入睡] 规律度=0.85 呼吸率= 14.0/分 体动=0.000  音量=0% 灯=8%
  00:54:30  [入睡] 规律度=0.86 呼吸率= 14.0/分 体动=0.000  音量=0% 灯=25%
  00:54:35  [入睡] 规律度=0.86 呼吸率= 14.0/分 体动=0.000  音量=0% 灯=5%
  00:54:40  [入睡] 规律度=0.85 呼吸率= 14.0/分 体动=0.000  音量=0% 灯=25%
  00:54:45  [入睡] 规律度=0.85 呼吸率= 14.0/分 体动=0.000  音量=0% 灯=14%
  00:54:50  [入睡] 规律度=0.85 呼吸率= 14.0/分 体动=0.000  音量=0% 灯=15%
  00:54:55  [入睡] 规律度=0.86 呼吸率= 14.0/分 体动=0.000  音量=0% 灯=23%
  00:55:00  [入睡] 规律度=0.86 呼吸率= 14.0/分 体动=0.000  音量=0% 灯=4%
  00:55:05  [入睡] 规律度=0.86 呼吸率= 14.0/分 体动=0.000  音量=0% 灯=25%
  00:55:10  [入睡] 规律度=0.86 呼吸率= 14.0/分 体动=0.000  音量=0% 灯=9%
  00:55:15  [入睡] 规律度=0.86 呼吸率= 14.0/分 体动=0.000  音量=0% 灯=22%
  00:55:20  [入睡] 规律度=0.85 呼吸率= 14.0/分 体动=0.000  音量=0% 灯=19%
  00:55:25  [入睡] 规律度=0.86 呼吸率= 14.0/分 体动=0.000  音量=0% 灯=8%
  00:55:30  [入睡] 规律度=0.86 呼吸率= 14.0/分 体动=0.000  音量=0% 灯=25%
[link] ↑ 上报入睡判定：已入睡 置信=100%  呼吸=14次/分
  00:55:35  [入睡] 规律度=0.86 呼吸率= 14.0/分 体动=0.000  音量=0% 灯=5%
  00:55:40  [入睡] 规律度=0.85 呼吸率= 14.0/分 体动=0.000  音量=0% 灯=25%
  00:55:45  [入睡] 规律度=0.85 呼吸率= 14.0/分 体动=0.000  音量=0% 灯=14%
  00:55:50  [入睡] 规律度=0.85 呼吸率= 14.0/分 体动=0.000  音量=0% 灯=15%
  00:55:55  [入睡] 规律度=0.85 呼吸率= 14.0/分 体动=0.000  音量=0% 灯=23%
  00:56:00  [入睡] 规律度=0.86 呼吸率= 14.0/分 体动=0.000  音量=0% 灯=4%
  00:56:05  [入睡] 规律度=0.86 呼吸率= 14.0/分 体动=0.000  音量=0% 灯=25%
  00:56:10  [入睡] 规律度=0.86 呼吸率= 14.0/分 体动=0.000  音量=0% 灯=9%
  00:56:15  [入睡] 规律度=0.86 呼吸率= 14.0/分 体动=0.000  音量=0% 灯=22%
  00:56:20  [入睡] 规律度=0.85 呼吸率= 14.0/分 体动=0.000  音量=0% 灯=19%
  00:56:25  [入睡] 规律度=0.86 呼吸率= 14.0/分 体动=0.000  音量=0% 灯=8%
  00:56:30  [入睡] 规律度=0.86 呼吸率= 14.0/分 体动=0.000  音量=0% 灯=25%
  00:56:35  [入睡] 规律度=0.85 呼吸率= 14.0/分 体动=0.000  音量=0% 灯=5%
  00:56:40  [入睡] 规律度=0.86 呼吸率= 14.0/分 体动=0.000  音量=0% 灯=25%
  00:56:45  [入睡] 规律度=0.86 呼吸率= 14.0/分 体动=0.000  音量=0% 灯=14%
  00:56:50  [入睡] 规律度=0.85 呼吸率= 14.0/分 体动=0.000  音量=0% 灯=15%
  00:56:55  [入睡] 规律度=0.86 呼吸率= 14.0/分 体动=0.000  音量=0% 灯=23%
  00:57:00  [入睡] 规律度=0.86 呼吸率= 14.0/分 体动=0.000  音量=0% 灯=4%
  00:57:05  [入睡] 规律度=0.86 呼吸率= 14.0/分 体动=0.000  音量=0% 灯=25%
  00:57:10  [入睡] 规律度=0.86 呼吸率= 14.0/分 体动=0.000  音量=0% 灯=9%
  00:57:15  [入睡] 规律度=0.85 呼吸率= 14.0/分 体动=0.000  音量=0% 灯=22%
  00:57:20  [入睡] 规律度=0.86 呼吸率= 14.0/分 体动=0.000  音量=0% 灯=19%
  00:57:25  [入睡] 规律度=0.86 呼吸率= 14.0/分 体动=0.000  音量=0% 灯=8%
  00:57:30  [入睡] 规律度=0.86 呼吸率= 14.0/分 体动=0.000  音量=0% 灯=25%
  00:57:35  [入睡] 规律度=0.86 呼吸率= 14.0/分 体动=0.000  音量=0% 灯=5%
  00:57:40  [入睡] 规律度=0.85 呼吸率= 14.0/分 体动=0.000  音量=0% 灯=25%
  00:57:45  [入睡] 规律度=0.85 呼吸率= 14.3/分 体动=0.000  音量=0% 灯=14%
  00:57:50  [入睡] 规律度=0.85 呼吸率= 14.0/分 体动=0.000  音量=0% 灯=15%
  00:57:55  [入睡] 规律度=0.86 呼吸率= 14.0/分 体动=0.000  音量=0% 灯=23%
  00:58:00  [入睡] 规律度=0.86 呼吸率= 14.0/分 体动=0.000  音量=0% 灯=4%
  00:58:05  [入睡] 规律度=0.86 呼吸率= 14.0/分 体动=0.000  音量=0% 灯=25%
  00:58:10  [入睡] 规律度=0.86 呼吸率= 14.0/分 体动=0.000  音量=0% 灯=9%
  00:58:15  [入睡] 规律度=0.86 呼吸率= 14.3/分 体动=0.000  音量=0% 灯=22%
  00:58:20  [入睡] 规律度=0.86 呼吸率= 14.0/分 体动=0.000  音量=0% 灯=19%
  00:58:25  [入睡] 规律度=0.86 呼吸率= 14.0/分 体动=0.000  音量=0% 灯=8%
  00:58:30  [入睡] 规律度=0.85 呼吸率= 14.0/分 体动=0.000  音量=0% 灯=25%
  00:58:35  [入睡] 规律度=0.86 呼吸率= 14.0/分 体动=0.000  音量=0% 灯=5%
  00:58:40  [入睡] 规律度=0.86 呼吸率= 14.0/分 体动=0.000  音量=0% 灯=25%
  00:58:45  [入睡] 规律度=0.86 呼吸率= 14.0/分 体动=0.000  音量=0% 灯=14%
  00:58:50  [入睡] 规律度=0.86 呼吸率= 14.0/分 体动=0.000  音量=0% 灯=15%
  00:58:55  [入睡] 规律度=0.86 呼吸率= 14.0/分 体动=0.000  音量=0% 灯=23%
  00:59:00  [入睡] 规律度=0.86 呼吸率= 14.0/分 体动=0.000  音量=0% 灯=4%
  00:59:05  [入睡] 规律度=0.86 呼吸率= 14.0/分 体动=0.000  音量=0% 灯=25%
  00:59:10  [入睡] 规律度=0.85 呼吸率= 14.0/分 体动=0.000  音量=0% 灯=9%
  00:59:15  [入睡] 规律度=0.86 呼吸率= 14.3/分 体动=0.000  音量=0% 灯=22%
  00:59:20  [入睡] 规律度=0.86 呼吸率= 14.0/分 体动=0.000  音量=0% 灯=19%
  00:59:25  [入睡] 规律度=0.86 呼吸率= 14.0/分 体动=0.000  音量=0% 灯=8%
  00:59:30  [入睡] 规律度=0.86 呼吸率= 14.0/分 体动=0.000  音量=0% 灯=25%
  00:59:35  [入睡] 规律度=0.86 呼吸率= 14.0/分 体动=0.000  音量=0% 灯=5%
  00:59:40  [入睡] 规律度=0.86 呼吸率= 14.0/分 体动=0.000  音量=0% 灯=25%
  00:59:45  [入睡] 规律度=0.86 呼吸率= 14.0/分 体动=0.000  音量=0% 灯=14%
  00:59:50  [入睡] 规律度=0.86 呼吸率= 14.0/分 体动=0.000  音量=0% 灯=15%
  00:59:55  [入睡] 规律度=0.85 呼吸率= 14.0/分 体动=0.000  音量=0% 灯=23%
  01:00:00  [入睡] 规律度=0.86 呼吸率= 14.0/分 体动=0.000  音量=0% 灯=4%
  01:00:05  [入睡] 规律度=0.86 呼吸率= 14.0/分 体动=0.000  音量=0% 灯=25%
  01:00:10  [入睡] 规律度=0.86 呼吸率= 14.0/分 体动=0.000  音量=0% 灯=9%
  01:00:15  [入睡] 规律度=0.86 呼吸率= 14.0/分 体动=0.000  音量=0% 灯=22%
  01:00:20  [入睡] 规律度=0.85 呼吸率= 14.0/分 体动=0.000  音量=0% 灯=19%
  01:00:25  [入睡] 规律度=0.86 呼吸率= 14.0/分 体动=0.000  音量=0% 灯=8%
  01:00:30  [入睡] 规律度=0.86 呼吸率= 14.0/分 体动=0.000  音量=0% 灯=25%
[link] ↑ 上报入睡判定：已入睡 置信=100%  呼吸=14次/分
  01:00:35  [入睡] 规律度=0.86 呼吸率= 14.0/分 体动=0.000  音量=0% 灯=5%
  01:00:40  [入睡] 规律度=0.86 呼吸率= 14.0/分 体动=0.000  音量=0% 灯=25%
  01:00:45  [入睡] 规律度=0.85 呼吸率= 14.0/分 体动=0.000  音量=0% 灯=14%
  01:00:50  [入睡] 规律度=0.86 呼吸率= 14.0/分 体动=0.000  音量=0% 灯=15%
  01:00:55  [入睡] 规律度=0.86 呼吸率= 14.0/分 体动=0.000  音量=0% 灯=23%
  01:01:00  [入睡] 规律度=0.85 呼吸率= 14.0/分 体动=0.000  音量=0% 灯=4%
  01:01:05  [入睡] 规律度=0.86 呼吸率= 14.0/分 体动=0.000  音量=0% 灯=25%
  01:01:10  [入睡] 规律度=0.85 呼吸率= 14.0/分 体动=0.000  音量=0% 灯=9%
  01:01:15  [入睡] 规律度=0.86 呼吸率= 14.0/分 体动=0.000  音量=0% 灯=22%
  01:01:20  [入睡] 规律度=0.86 呼吸率= 14.0/分 体动=0.000  音量=0% 灯=19%
  01:01:25  [入睡] 规律度=0.86 呼吸率= 14.0/分 体动=0.000  音量=0% 灯=8%
  01:01:30  [入睡] 规律度=0.85 呼吸率= 14.0/分 体动=0.000  音量=0% 灯=25%
  01:01:35  [入睡] 规律度=0.85 呼吸率= 14.0/分 体动=0.000  音量=0% 灯=5%
  01:01:40  [入睡] 规律度=0.86 呼吸率= 14.0/分 体动=0.000  音量=0% 灯=25%
  01:01:45  [入睡] 规律度=0.85 呼吸率= 14.3/分 体动=0.000  音量=0% 灯=14%
  01:01:50  [入睡] 规律度=0.86 呼吸率= 14.0/分 体动=0.000  音量=0% 灯=15%
  01:01:55  [入睡] 规律度=0.86 呼吸率= 14.0/分 体动=0.000  音量=0% 灯=23%
  01:02:00  [入睡] 规律度=0.86 呼吸率= 14.0/分 体动=0.000  音量=0% 灯=4%
  01:02:05  [入睡] 规律度=0.86 呼吸率= 14.0/分 体动=0.000  音量=0% 灯=25%
  01:02:10  [入睡] 规律度=0.85 呼吸率= 14.0/分 体动=0.000  音量=0% 灯=9%
  01:02:15  [入睡] 规律度=0.86 呼吸率= 14.3/分 体动=0.000  音量=0% 灯=22%
  01:02:20  [入睡] 规律度=0.86 呼吸率= 14.0/分 体动=0.000  音量=0% 灯=19%
  01:02:25  [入睡] 规律度=0.86 呼吸率= 14.0/分 体动=0.000  音量=0% 灯=8%
  01:02:30  [入睡] 规律度=0.86 呼吸率= 14.0/分 体动=0.000  音量=0% 灯=25%
  01:02:35  [入睡] 规律度=0.86 呼吸率= 14.0/分 体动=0.000  音量=0% 灯=5%
  01:02:40  [入睡] 规律度=0.86 呼吸率= 14.0/分 体动=0.000  音量=0% 灯=25%
  01:02:45  [入睡] 规律度=0.86 呼吸率= 14.0/分 体动=0.000  音量=0% 灯=14%
  01:02:50  [入睡] 规律度=0.85 呼吸率= 14.0/分 体动=0.000  音量=0% 灯=15%
  01:02:55  [入睡] 规律度=0.86 呼吸率= 14.0/分 体动=0.000  音量=0% 灯=23%
  01:03:00  [入睡] 规律度=0.85 呼吸率= 14.0/分 体动=0.000  音量=0% 灯=4%
  01:03:05  [入睡] 规律度=0.86 呼吸率= 14.0/分 体动=0.000  音量=0% 灯=25%
  01:03:10  [入睡] 规律度=0.86 呼吸率= 14.0/分 体动=0.000  音量=0% 灯=9%
  01:03:15  [入睡] 规律度=0.86 呼吸率= 14.0/分 体动=0.000  音量=0% 灯=22%
  01:03:20  [入睡] 规律度=0.86 呼吸率= 14.0/分 体动=0.000  音量=0% 灯=19%
  01:03:25  [入睡] 规律度=0.85 呼吸率= 14.0/分 体动=0.000  音量=0% 灯=8%
  01:03:30  [入睡] 规律度=0.86 呼吸率= 14.0/分 体动=0.000  音量=0% 灯=25%
  01:03:35  [入睡] 规律度=0.86 呼吸率= 14.0/分 体动=0.000  音量=0% 灯=5%
  01:03:40  [入睡] 规律度=0.86 呼吸率= 14.0/分 体动=0.000  音量=0% 灯=25%
  01:03:45  [入睡] 规律度=0.86 呼吸率= 14.0/分 体动=0.000  音量=0% 灯=14%
  01:03:50  [入睡] 规律度=0.85 呼吸率= 14.0/分 体动=0.000  音量=0% 灯=15%
  01:03:55  [入睡] 规律度=0.85 呼吸率= 14.0/分 体动=0.000  音量=0% 灯=23%
  01:04:00  [入睡] 规律度=0.86 呼吸率= 14.0/分 体动=0.000  音量=0% 灯=4%
  01:04:05  [入睡] 规律度=0.86 呼吸率= 14.0/分 体动=0.000  音量=0% 灯=25%
  01:04:10  [入睡] 规律度=0.86 呼吸率= 14.0/分 体动=0.000  音量=0% 灯=9%
  01:04:15  [入睡] 规律度=0.86 呼吸率= 14.3/分 体动=0.000  音量=0% 灯=22%
  01:04:20  [入睡] 规律度=0.85 呼吸率= 14.0/分 体动=0.000  音量=0% 灯=19%
  01:04:25  [入睡] 规律度=0.86 呼吸率= 14.0/分 体动=0.000  音量=0% 灯=8%
  01:04:30  [入睡] 规律度=0.85 呼吸率= 14.0/分 体动=0.000  音量=0% 灯=25%
  01:04:35  [入睡] 规律度=0.86 呼吸率= 14.0/分 体动=0.000  音量=0% 灯=5%
  01:04:40  [入睡] 规律度=0.86 呼吸率= 14.0/分 体动=0.000  音量=0% 灯=25%
  01:04:45  [入睡] 规律度=0.86 呼吸率= 14.3/分 体动=0.000  音量=0% 灯=14%
  01:04:50  [入睡] 规律度=0.86 呼吸率= 14.0/分 体动=0.000  音量=0% 灯=15%
  01:04:55  [入睡] 规律度=0.86 呼吸率= 14.0/分 体动=0.000  音量=0% 灯=23%
  01:05:00  [入睡] 规律度=0.86 呼吸率= 14.0/分 体动=0.000  音量=0% 灯=4%
  01:05:05  [入睡] 规律度=0.86 呼吸率= 14.0/分 体动=0.000  音量=0% 灯=25%
  01:05:10  [入睡] 规律度=0.86 呼吸率= 14.0/分 体动=0.000  音量=0% 灯=9%
  01:05:15  [入睡] 规律度=0.86 呼吸率= 14.0/分 体动=0.000  音量=0% 灯=22%
  01:05:20  [入睡] 规律度=0.86 呼吸率= 14.0/分 体动=0.000  音量=0% 灯=19%
  01:05:25  [入睡] 规律度=0.86 呼吸率= 14.0/分 体动=0.000  音量=0% 灯=8%
  01:05:30  [入睡] 规律度=0.85 呼吸率= 14.0/分 体动=0.000  音量=0% 灯=25%
[link] ↑ 上报入睡判定：已入睡 置信=100%  呼吸=14次/分
  01:05:35  [入睡] 规律度=0.86 呼吸率= 14.0/分 体动=0.000  音量=0% 灯=5%
  01:05:40  [入睡] 规律度=0.85 呼吸率= 14.0/分 体动=0.000  音量=0% 灯=25%
  01:05:45  [入睡] 规律度=0.85 呼吸率= 14.0/分 体动=0.000  音量=0% 灯=14%
  01:05:50  [入睡] 规律度=0.86 呼吸率= 14.0/分 体动=0.000  音量=0% 灯=15%
  01:05:55  [入睡] 规律度=0.86 呼吸率= 14.0/分 体动=0.000  音量=0% 灯=23%
  01:06:00  [入睡] 规律度=0.86 呼吸率= 14.0/分 体动=0.000  音量=0% 灯=4%
  01:06:05  [入睡] 规律度=0.86 呼吸率= 14.0/分 体动=0.000  音量=0% 灯=25%
  01:06:10  [入睡] 规律度=0.85 呼吸率= 14.0/分 体动=0.000  音量=0% 灯=9%
  01:06:15  [入睡] 规律度=0.86 呼吸率= 14.0/分 体动=0.000  音量=0% 灯=22%
  01:06:20  [入睡] 规律度=0.85 呼吸率= 14.0/分 体动=0.000  音量=0% 灯=19%
  01:06:25  [入睡] 规律度=0.86 呼吸率= 14.0/分 体动=0.000  音量=0% 灯=8%
  01:06:30  [入睡] 规律度=0.86 呼吸率= 14.0/分 体动=0.000  音量=0% 灯=25%
  01:06:35  [入睡] 规律度=0.86 呼吸率= 14.0/分 体动=0.000  音量=0% 灯=5%
  01:06:40  [入睡] 规律度=0.86 呼吸率= 14.0/分 体动=0.000  音量=0% 灯=25%
  01:06:45  [入睡] 规律度=0.86 呼吸率= 14.0/分 体动=0.000  音量=0% 灯=14%
  01:06:50  [入睡] 规律度=0.85 呼吸率= 14.0/分 体动=0.000  音量=0% 灯=15%
  01:06:55  [入睡] 规律度=0.85 呼吸率= 14.0/分 体动=0.000  音量=0% 灯=23%
  01:07:00  [入睡] 规律度=0.86 呼吸率= 14.0/分 体动=0.000  音量=0% 灯=4%
  01:07:05  [入睡] 规律度=0.86 呼吸率= 14.0/分 体动=0.000  音量=0% 灯=25%
  01:07:10  [入睡] 规律度=0.86 呼吸率= 14.0/分 体动=0.000  音量=0% 灯=9%
  01:07:15  [入睡] 规律度=0.85 呼吸率= 14.3/分 体动=0.000  音量=0% 灯=22%
  01:07:20  [入睡] 规律度=0.86 呼吸率= 14.0/分 体动=0.000  音量=0% 灯=19%
  01:07:25  [入睡] 规律度=0.86 呼吸率= 14.0/分 体动=0.000  音量=0% 灯=8%
  01:07:30  [入睡] 规律度=0.86 呼吸率= 14.0/分 体动=0.000  音量=0% 灯=25%
  01:07:35  [入睡] 规律度=0.86 呼吸率= 14.0/分 体动=0.000  音量=0% 灯=5%
  01:07:40  [入睡] 规律度=0.86 呼吸率= 14.0/分 体动=0.000  音量=0% 灯=25%
  01:07:45  [入睡] 规律度=0.86 呼吸率= 14.0/分 体动=0.000  音量=0% 灯=14%
  01:07:50  [入睡] 规律度=0.86 呼吸率= 14.0/分 体动=0.000  音量=0% 灯=15%
  01:07:55  [入睡] 规律度=0.86 呼吸率= 14.0/分 体动=0.000  音量=0% 灯=23%
  01:08:00  [入睡] 规律度=0.86 呼吸率= 14.0/分 体动=0.000  音量=0% 灯=4%
  01:08:05  [入睡] 规律度=0.86 呼吸率= 14.0/分 体动=0.000  音量=0% 灯=25%
  01:08:10  [入睡] 规律度=0.85 呼吸率= 14.0/分 体动=0.000  音量=0% 灯=9%
  01:08:15  [入睡] 规律度=0.85 呼吸率= 14.3/分 体动=0.000  音量=0% 灯=22%
  01:08:20  [入睡] 规律度=0.86 呼吸率= 14.0/分 体动=0.000  音量=0% 灯=19%
  01:08:25  [入睡] 规律度=0.85 呼吸率= 14.0/分 体动=0.000  音量=0% 灯=8%
  01:08:30  [入睡] 规律度=0.86 呼吸率= 14.0/分 体动=0.000  音量=0% 灯=25%
  01:08:35  [入睡] 规律度=0.86 呼吸率= 14.0/分 体动=0.000  音量=0% 灯=5%
  01:08:40  [入睡] 规律度=0.86 呼吸率= 14.0/分 体动=0.000  音量=0% 灯=25%
  01:08:45  [入睡] 规律度=0.86 呼吸率= 14.0/分 体动=0.000  音量=0% 灯=14%
  01:08:50  [入睡] 规律度=0.85 呼吸率= 14.0/分 体动=0.000  音量=0% 灯=15%
  01:08:55  [入睡] 规律度=0.86 呼吸率= 14.0/分 体动=0.000  音量=0% 灯=23%
  01:09:00  [入睡] 规律度=0.86 呼吸率= 14.0/分 体动=0.000  音量=0% 灯=4%
  01:09:05  [入睡] 规律度=0.85 呼吸率= 14.0/分 体动=0.000  音量=0% 灯=25%
  01:09:10  [入睡] 规律度=0.85 呼吸率= 14.0/分 体动=0.000  音量=0% 灯=9%
  01:09:15  [入睡] 规律度=0.85 呼吸率= 14.3/分 体动=0.000  音量=0% 灯=22%
  01:09:20  [入睡] 规律度=0.86 呼吸率= 14.0/分 体动=0.000  音量=0% 灯=19%
  01:09:25  [入睡] 规律度=0.86 呼吸率= 14.0/分 体动=0.000  音量=0% 灯=8%
  01:09:30  [入睡] 规律度=0.85 呼吸率= 14.0/分 体动=0.000  音量=0% 灯=25%
  01:09:35  [入睡] 规律度=0.86 呼吸率= 14.0/分 体动=0.000  音量=0% 灯=5%
  01:09:40  [入睡] 规律度=0.85 呼吸率= 14.0/分 体动=0.000  音量=0% 灯=25%
  01:09:45  [入睡] 规律度=0.86 呼吸率= 14.3/分 体动=0.000  音量=0% 灯=14%
  01:09:50  [入睡] 规律度=0.86 呼吸率= 14.0/分 体动=0.000  音量=0% 灯=15%
  01:09:55  [入睡] 规律度=0.85 呼吸率= 14.0/分 体动=0.000  音量=0% 灯=23%
  01:10:00  [入睡] 规律度=0.86 呼吸率= 14.0/分 体动=0.000  音量=0% 灯=4%
  01:10:05  [入睡] 规律度=0.85 呼吸率= 14.0/分 体动=0.000  音量=0% 灯=25%
  01:10:10  [入睡] 规律度=0.86 呼吸率= 14.0/分 体动=0.000  音量=0% 灯=9%
  01:10:15  [入睡] 规律度=0.85 呼吸率= 14.0/分 体动=0.000  音量=0% 灯=22%
  01:10:20  [入睡] 规律度=0.86 呼吸率= 14.0/分 体动=0.000  音量=0% 灯=19%
  01:10:25  [入睡] 规律度=0.86 呼吸率= 14.0/分 体动=0.000  音量=0% 灯=8%
  01:10:30  [入睡] 规律度=0.85 呼吸率= 14.0/分 体动=0.000  音量=0% 灯=25%
[link] ↑ 上报入睡判定：已入睡 置信=100%  呼吸=14次/分
  01:10:35  [入睡] 规律度=0.86 呼吸率= 14.0/分 体动=0.000  音量=0% 灯=5%
  01:10:40  [入睡] 规律度=0.85 呼吸率= 14.0/分 体动=0.000  音量=0% 灯=25%
  01:10:45  [入睡] 规律度=0.85 呼吸率= 14.3/分 体动=0.000  音量=0% 灯=14%
  01:10:50  [入睡] 规律度=0.86 呼吸率= 14.0/分 体动=0.000  音量=0% 灯=15%
  01:10:55  [入睡] 规律度=0.85 呼吸率= 14.0/分 体动=0.000  音量=0% 灯=23%
  01:11:00  [入睡] 规律度=0.86 呼吸率= 14.0/分 体动=0.000  音量=0% 灯=4%
  01:11:05  [入睡] 规律度=0.86 呼吸率= 14.0/分 体动=0.000  音量=0% 灯=25%
  01:11:10  [入睡] 规律度=0.86 呼吸率= 14.0/分 体动=0.000  音量=0% 灯=9%
  01:11:15  [入睡] 规律度=0.85 呼吸率= 14.3/分 体动=0.000  音量=0% 灯=22%
  01:11:20  [入睡] 规律度=0.85 呼吸率= 14.0/分 体动=0.000  音量=0% 灯=19%
  01:11:25  [入睡] 规律度=0.86 呼吸率= 14.0/分 体动=0.000  音量=0% 灯=8%
  01:11:30  [入睡] 规律度=0.86 呼吸率= 14.0/分 体动=0.000  音量=0% 灯=25%
  01:11:35  [入睡] 规律度=0.86 呼吸率= 14.0/分 体动=0.000  音量=0% 灯=5%
  01:11:40  [入睡] 规律度=0.86 呼吸率= 14.0/分 体动=0.000  音量=0% 灯=25%
  01:11:45  [入睡] 规律度=0.86 呼吸率= 14.0/分 体动=0.000  音量=0% 灯=14%
  01:11:50  [入睡] 规律度=0.85 呼吸率= 14.0/分 体动=0.000  音量=0% 灯=15%
  01:11:55  [入睡] 规律度=0.86 呼吸率= 14.0/分 体动=0.000  音量=0% 灯=23%
  01:12:00  [入睡] 规律度=0.86 呼吸率= 14.0/分 体动=0.000  音量=0% 灯=4%
  01:12:05  [入睡] 规律度=0.86 呼吸率= 14.0/分 体动=0.000  音量=0% 灯=25%
  01:12:10  [入睡] 规律度=0.86 呼吸率= 14.0/分 体动=0.000  音量=0% 灯=9%
  01:12:15  [入睡] 规律度=0.85 呼吸率= 14.3/分 体动=0.000  音量=0% 灯=22%
  01:12:20  [入睡] 规律度=0.85 呼吸率= 14.0/分 体动=0.000  音量=0% 灯=19%
  01:12:25  [入睡] 规律度=0.86 呼吸率= 14.0/分 体动=0.000  音量=0% 灯=8%
  01:12:30  [入睡] 规律度=0.86 呼吸率= 14.0/分 体动=0.000  音量=0% 灯=25%
  01:12:35  [入睡] 规律度=0.86 呼吸率= 14.0/分 体动=0.000  音量=0% 灯=5%
  01:12:40  [入睡] 规律度=0.85 呼吸率= 14.0/分 体动=0.000  音量=0% 灯=25%
  01:12:45  [入睡] 规律度=0.85 呼吸率= 14.3/分 体动=0.000  音量=0% 灯=14%
  01:12:50  [入睡] 规律度=0.86 呼吸率= 14.0/分 体动=0.000  音量=0% 灯=15%
  01:12:55  [入睡] 规律度=0.86 呼吸率= 14.0/分 体动=0.000  音量=0% 灯=23%
  01:13:00  [入睡] 规律度=0.86 呼吸率= 14.0/分 体动=0.000  音量=0% 灯=4%
  01:13:05  [入睡] 规律度=0.86 呼吸率= 14.0/分 体动=0.000  音量=0% 灯=25%
  01:13:10  [入睡] 规律度=0.86 呼吸率= 14.0/分 体动=0.000  音量=0% 灯=9%
  01:13:15  [入睡] 规律度=0.86 呼吸率= 14.0/分 体动=0.000  音量=0% 灯=22%
  01:13:20  [入睡] 规律度=0.85 呼吸率= 14.0/分 体动=0.000  音量=0% 灯=19%
  01:13:25  [入睡] 规律度=0.86 呼吸率= 14.0/分 体动=0.000  音量=0% 灯=8%
  01:13:30  [入睡] 规律度=0.86 呼吸率= 14.0/分 体动=0.000  音量=0% 灯=25%
  01:13:35  [入睡] 规律度=0.86 呼吸率= 14.0/分 体动=0.000  音量=0% 灯=5%
  01:13:40  [入睡] 规律度=0.86 呼吸率= 14.0/分 体动=0.000  音量=0% 灯=25%
  01:13:45  [入睡] 规律度=0.85 呼吸率= 14.0/分 体动=0.000  音量=0% 灯=14%
  01:13:50  [入睡] 规律度=0.86 呼吸率= 14.0/分 体动=0.000  音量=0% 灯=15%
  01:13:55  [入睡] 规律度=0.86 呼吸率= 14.0/分 体动=0.000  音量=0% 灯=23%
  01:14:00  [入睡] 规律度=0.86 呼吸率= 14.0/分 体动=0.000  音量=0% 灯=4%
  01:14:05  [入睡] 规律度=0.85 呼吸率= 14.0/分 体动=0.000  音量=0% 灯=25%
  01:14:10  [入睡] 规律度=0.86 呼吸率= 14.0/分 体动=0.000  音量=0% 灯=9%
  01:14:15  [入睡] 规律度=0.85 呼吸率= 14.0/分 体动=0.000  音量=0% 灯=22%
  01:14:20  [入睡] 规律度=0.86 呼吸率= 14.0/分 体动=0.000  音量=0% 灯=19%
  01:14:25  [入睡] 规律度=0.86 呼吸率= 14.0/分 体动=0.000  音量=0% 灯=8%
  01:14:30  [入睡] 规律度=0.86 呼吸率= 14.0/分 体动=0.000  音量=0% 灯=25%
  01:14:35  [入睡] 规律度=0.86 呼吸率= 14.0/分 体动=0.000  音量=0% 灯=5%
  01:14:40  [入睡] 规律度=0.85 呼吸率= 14.0/分 体动=0.000  音量=0% 灯=25%
  01:14:45  [入睡] 规律度=0.86 呼吸率= 14.0/分 体动=0.000  音量=0% 灯=14%
  01:14:50  [入睡] 规律度=0.86 呼吸率= 14.0/分 体动=0.000  音量=0% 灯=15%
  01:14:55  [入睡] 规律度=0.86 呼吸率= 14.0/分 体动=0.000  音量=0% 灯=23%
  01:15:00  [入睡] 规律度=0.85 呼吸率= 14.0/分 体动=0.000  音量=0% 灯=4%
  01:15:05  [入睡] 规律度=0.86 呼吸率= 14.0/分 体动=0.000  音量=0% 灯=25%
  01:15:10  [入睡] 规律度=0.85 呼吸率= 14.0/分 体动=0.000  音量=0% 灯=9%
  01:15:15  [入睡] 规律度=0.86 呼吸率= 14.3/分 体动=0.000  音量=0% 灯=22%
  01:15:20  [入睡] 规律度=0.86 呼吸率= 14.0/分 体动=0.000  音量=0% 灯=19%
  01:15:25  [入睡] 规律度=0.86 呼吸率= 14.0/分 体动=0.000  音量=0% 灯=8%
  01:15:30  [入睡] 规律度=0.86 呼吸率= 14.0/分 体动=0.000  音量=0% 灯=25%
[link] ↑ 上报入睡判定：已入睡 置信=100%  呼吸=14次/分
  01:15:35  [入睡] 规律度=0.86 呼吸率= 14.0/分 体动=0.000  音量=0% 灯=5%
  01:15:40  [入睡] 规律度=0.86 呼吸率= 14.0/分 体动=0.000  音量=0% 灯=25%
  01:15:45  [入睡] 规律度=0.85 呼吸率= 14.0/分 体动=0.000  音量=0% 灯=14%
  01:15:50  [入睡] 规律度=0.86 呼吸率= 14.0/分 体动=0.000  音量=0% 灯=15%
  01:15:55  [入睡] 规律度=0.85 呼吸率= 14.0/分 体动=0.000  音量=0% 灯=23%
  01:16:00  [入睡] 规律度=0.86 呼吸率= 14.0/分 体动=0.000  音量=0% 灯=4%
  01:16:05  [入睡] 规律度=0.85 呼吸率= 14.0/分 体动=0.000  音量=0% 灯=25%
  01:16:10  [入睡] 规律度=0.85 呼吸率= 14.0/分 体动=0.000  音量=0% 灯=9%
  01:16:15  [入睡] 规律度=0.85 呼吸率= 14.3/分 体动=0.000  音量=0% 灯=22%
  01:16:20  [入睡] 规律度=0.86 呼吸率= 14.0/分 体动=0.000  音量=0% 灯=19%
  01:16:25  [入睡] 规律度=0.86 呼吸率= 14.0/分 体动=0.000  音量=0% 灯=8%
  01:16:30  [入睡] 规律度=0.85 呼吸率= 14.0/分 体动=0.000  音量=0% 灯=25%
  01:16:35  [入睡] 规律度=0.86 呼吸率= 14.0/分 体动=0.000  音量=0% 灯=5%
  01:16:40  [入睡] 规律度=0.85 呼吸率= 14.0/分 体动=0.000  音量=0% 灯=25%
  01:16:45  [入睡] 规律度=0.86 呼吸率= 14.0/分 体动=0.000  音量=0% 灯=14%
  01:16:50  [入睡] 规律度=0.86 呼吸率= 14.0/分 体动=0.000  音量=0% 灯=15%
  01:16:55  [入睡] 规律度=0.85 呼吸率= 14.0/分 体动=0.000  音量=0% 灯=23%
  01:17:00  [入睡] 规律度=0.86 呼吸率= 14.0/分 体动=0.000  音量=0% 灯=4%
  01:17:05  [入睡] 规律度=0.86 呼吸率= 14.0/分 体动=0.000  音量=0% 灯=25%
  01:17:10  [入睡] 规律度=0.86 呼吸率= 14.0/分 体动=0.000  音量=0% 灯=9%
  01:17:15  [入睡] 规律度=0.86 呼吸率= 14.0/分 体动=0.000  音量=0% 灯=22%
  01:17:20  [入睡] 规律度=0.86 呼吸率= 14.0/分 体动=0.000  音量=0% 灯=19%
  01:17:25  [入睡] 规律度=0.86 呼吸率= 14.0/分 体动=0.000  音量=0% 灯=8%
  01:17:30  [入睡] 规律度=0.86 呼吸率= 14.0/分 体动=0.000  音量=0% 灯=25%
  01:17:35  [入睡] 规律度=0.86 呼吸率= 14.0/分 体动=0.000  音量=0% 灯=5%
  01:17:40  [入睡] 规律度=0.86 呼吸率= 14.0/分 体动=0.000  音量=0% 灯=25%
  01:17:45  [入睡] 规律度=0.86 呼吸率= 14.0/分 体动=0.000  音量=0% 灯=14%
  01:17:50  [入睡] 规律度=0.86 呼吸率= 14.0/分 体动=0.000  音量=0% 灯=15%
  01:17:55  [入睡] 规律度=0.85 呼吸率= 14.0/分 体动=0.000  音量=0% 灯=23%
  01:18:00  [入睡] 规律度=0.86 呼吸率= 14.0/分 体动=0.000  音量=0% 灯=4%
  01:18:05  [入睡] 规律度=0.86 呼吸率= 14.0/分 体动=0.000  音量=0% 灯=25%
  01:18:10  [入睡] 规律度=0.85 呼吸率= 14.0/分 体动=0.000  音量=0% 灯=9%
  01:18:15  [入睡] 规律度=0.86 呼吸率= 14.0/分 体动=0.000  音量=0% 灯=22%
  01:18:20  [入睡] 规律度=0.85 呼吸率= 14.0/分 体动=0.000  音量=0% 灯=19%
  01:18:25  [入睡] 规律度=0.86 呼吸率= 14.0/分 体动=0.000  音量=0% 灯=8%
  01:18:30  [入睡] 规律度=0.86 呼吸率= 14.0/分 体动=0.000  音量=0% 灯=25%
  01:18:35  [入睡] 规律度=0.85 呼吸率= 14.0/分 体动=0.000  音量=0% 灯=5%
  01:18:40  [入睡] 规律度=0.86 呼吸率= 14.0/分 体动=0.000  音量=0% 灯=25%
  01:18:45  [入睡] 规律度=0.86 呼吸率= 14.0/分 体动=0.000  音量=0% 灯=14%
  01:18:50  [入睡] 规律度=0.86 呼吸率= 14.0/分 体动=0.000  音量=0% 灯=15%
  01:18:55  [入睡] 规律度=0.86 呼吸率= 14.0/分 体动=0.000  音量=0% 灯=23%
  01:19:00  [入睡] 规律度=0.85 呼吸率= 14.0/分 体动=0.000  音量=0% 灯=4%
  01:19:05  [入睡] 规律度=0.86 呼吸率= 14.0/分 体动=0.000  音量=0% 灯=25%
  01:19:10  [入睡] 规律度=0.86 呼吸率= 14.0/分 体动=0.000  音量=0% 灯=9%
  01:19:15  [入睡] 规律度=0.85 呼吸率= 14.3/分 体动=0.000  音量=0% 灯=22%
  01:19:20  [入睡] 规律度=0.86 呼吸率= 14.0/分 体动=0.000  音量=0% 灯=19%
  01:19:25  [入睡] 规律度=0.86 呼吸率= 14.0/分 体动=0.000  音量=0% 灯=8%
  01:19:30  [入睡] 规律度=0.86 呼吸率= 14.0/分 体动=0.000  音量=0% 灯=25%
  01:19:35  [入睡] 规律度=0.86 呼吸率= 14.0/分 体动=0.000  音量=0% 灯=5%
  01:19:40  [入睡] 规律度=0.86 呼吸率= 14.0/分 体动=0.000  音量=0% 灯=25%
  01:19:45  [入睡] 规律度=0.86 呼吸率= 14.3/分 体动=0.000  音量=0% 灯=14%
  01:19:50  [入睡] 规律度=0.85 呼吸率= 14.0/分 体动=0.000  音量=0% 灯=15%
  01:19:55  [入睡] 规律度=0.86 呼吸率= 14.0/分 体动=0.000  音量=0% 灯=23%
  01:20:00  [入睡] 规律度=0.85 呼吸率= 14.0/分 体动=0.000  音量=0% 灯=4%
  01:20:05  [入睡] 规律度=0.85 呼吸率= 14.0/分 体动=0.000  音量=0% 灯=25%
  01:20:10  [入睡] 规律度=0.86 呼吸率= 14.0/分 体动=0.000  音量=0% 灯=9%
  01:20:15  [入睡] 规律度=0.85 呼吸率= 14.3/分 体动=0.000  音量=0% 灯=22%
  01:20:20  [入睡] 规律度=0.86 呼吸率= 14.0/分 体动=0.000  音量=0% 灯=19%
  01:20:25  [入睡] 规律度=0.86 呼吸率= 14.0/分 体动=0.000  音量=0% 灯=8%
  01:20:30  [入睡] 规律度=0.86 呼吸率= 14.0/分 体动=0.000  音量=0% 灯=25%
[link] ↑ 上报入睡判定：已入睡 置信=100%  呼吸=14次/分
  01:20:35  [入睡] 规律度=0.86 呼吸率= 14.0/分 体动=0.000  音量=0% 灯=5%
  01:20:40  [入睡] 规律度=0.85 呼吸率= 14.0/分 体动=0.000  音量=0% 灯=25%
  01:20:45  [入睡] 规律度=0.86 呼吸率= 14.3/分 体动=0.000  音量=0% 灯=14%
  01:20:50  [入睡] 规律度=0.86 呼吸率= 14.0/分 体动=0.000  音量=0% 灯=15%
  01:20:55  [入睡] 规律度=0.86 呼吸率= 14.0/分 体动=0.000  音量=0% 灯=23%
  01:21:00  [入睡] 规律度=0.86 呼吸率= 14.0/分 体动=0.000  音量=0% 灯=4%
  01:21:05  [入睡] 规律度=0.86 呼吸率= 14.0/分 体动=0.000  音量=0% 灯=25%
  01:21:10  [入睡] 规律度=0.86 呼吸率= 14.0/分 体动=0.000  音量=0% 灯=9%
  01:21:15  [入睡] 规律度=0.85 呼吸率= 14.3/分 体动=0.000  音量=0% 灯=22%
  01:21:20  [入睡] 规律度=0.86 呼吸率= 14.0/分 体动=0.000  音量=0% 灯=19%
  01:21:25  [入睡] 规律度=0.85 呼吸率= 14.0/分 体动=0.000  音量=0% 灯=8%
  01:21:30  [入睡] 规律度=0.86 呼吸率= 14.0/分 体动=0.000  音量=0% 灯=25%
  01:21:35  [入睡] 规律度=0.86 呼吸率= 14.0/分 体动=0.000  音量=0% 灯=5%
  01:21:40  [入睡] 规律度=0.86 呼吸率= 14.0/分 体动=0.000  音量=0% 灯=25%
  01:21:45  [入睡] 规律度=0.86 呼吸率= 14.3/分 体动=0.000  音量=0% 灯=14%
  01:21:50  [入睡] 规律度=0.86 呼吸率= 14.0/分 体动=0.000  音量=0% 灯=15%
  01:21:55  [入睡] 规律度=0.85 呼吸率= 14.0/分 体动=0.000  音量=0% 灯=23%
  01:22:00  [入睡] 规律度=0.86 呼吸率= 14.0/分 体动=0.000  音量=0% 灯=4%
  01:22:05  [入睡] 规律度=0.86 呼吸率= 14.0/分 体动=0.000  音量=0% 灯=25%
  01:22:10  [入睡] 规律度=0.85 呼吸率= 14.0/分 体动=0.000  音量=0% 灯=9%
  01:22:15  [入睡] 规律度=0.85 呼吸率= 14.3/分 体动=0.000  音量=0% 灯=22%
  01:22:20  [入睡] 规律度=0.86 呼吸率= 14.0/分 体动=0.000  音量=0% 灯=19%
  01:22:25  [入睡] 规律度=0.86 呼吸率= 14.0/分 体动=0.000  音量=0% 灯=8%
  01:22:30  [入睡] 规律度=0.86 呼吸率= 14.0/分 体动=0.000  音量=0% 灯=25%
  01:22:35  [入睡] 规律度=0.86 呼吸率= 14.0/分 体动=0.000  音量=0% 灯=5%
  01:22:40  [入睡] 规律度=0.85 呼吸率= 14.0/分 体动=0.000  音量=0% 灯=25%
  01:22:45  [入睡] 规律度=0.85 呼吸率= 14.0/分 体动=0.000  音量=0% 灯=14%
  01:22:50  [入睡] 规律度=0.85 呼吸率= 14.0/分 体动=0.000  音量=0% 灯=15%
  01:22:55  [入睡] 规律度=0.86 呼吸率= 14.0/分 体动=0.000  音量=0% 灯=23%
  01:23:00  [入睡] 规律度=0.86 呼吸率= 14.0/分 体动=0.000  音量=0% 灯=4%
  01:23:05  [入睡] 规律度=0.86 呼吸率= 14.0/分 体动=0.000  音量=0% 灯=25%
  01:23:10  [入睡] 规律度=0.85 呼吸率= 14.0/分 体动=0.000  音量=0% 灯=9%
  01:23:15  [入睡] 规律度=0.85 呼吸率= 14.3/分 体动=0.000  音量=0% 灯=22%
  01:23:20  [入睡] 规律度=0.86 呼吸率= 14.0/分 体动=0.000  音量=0% 灯=19%
  01:23:25  [入睡] 规律度=0.85 呼吸率= 14.0/分 体动=0.000  音量=0% 灯=8%
  01:23:30  [入睡] 规律度=0.86 呼吸率= 14.0/分 体动=0.000  音量=0% 灯=25%
  01:23:35  [入睡] 规律度=0.86 呼吸率= 14.0/分 体动=0.000  音量=0% 灯=5%
  01:23:40  [入睡] 规律度=0.86 呼吸率= 14.0/分 体动=0.000  音量=0% 灯=25%
  01:23:45  [入睡] 规律度=0.86 呼吸率= 14.0/分 体动=0.000  音量=0% 灯=14%
  01:23:50  [入睡] 规律度=0.86 呼吸率= 14.0/分 体动=0.000  音量=0% 灯=15%
  01:23:55  [入睡] 规律度=0.86 呼吸率= 14.0/分 体动=0.000  音量=0% 灯=23%
  01:24:00  [入睡] 规律度=0.86 呼吸率= 14.0/分 体动=0.000  音量=0% 灯=4%
  01:24:05  [入睡] 规律度=0.86 呼吸率= 14.0/分 体动=0.000  音量=0% 灯=25%
  01:24:10  [入睡] 规律度=0.85 呼吸率= 14.0/分 体动=0.000  音量=0% 灯=9%
  01:24:15  [入睡] 规律度=0.85 呼吸率= 14.3/分 体动=0.000  音量=0% 灯=22%
  01:24:20  [入睡] 规律度=0.86 呼吸率= 14.0/分 体动=0.000  音量=0% 灯=19%
  01:24:25  [入睡] 规律度=0.86 呼吸率= 14.0/分 体动=0.000  音量=0% 灯=8%
  01:24:30  [入睡] 规律度=0.86 呼吸率= 14.0/分 体动=0.000  音量=0% 灯=25%
  01:24:35  [入睡] 规律度=0.86 呼吸率= 14.0/分 体动=0.000  音量=0% 灯=5%
  01:24:40  [入睡] 规律度=0.86 呼吸率= 14.0/分 体动=0.000  音量=0% 灯=25%
  01:24:45  [入睡] 规律度=0.86 呼吸率= 14.0/分 体动=0.000  音量=0% 灯=14%
  01:24:50  [入睡] 规律度=0.86 呼吸率= 14.0/分 体动=0.000  音量=0% 灯=15%
  01:24:55  [入睡] 规律度=0.86 呼吸率= 14.0/分 体动=0.000  音量=0% 灯=23%
  01:25:00  [入睡] 规律度=0.86 呼吸率= 14.0/分 体动=0.000  音量=0% 灯=4%
  01:25:05  [入睡] 规律度=0.85 呼吸率= 14.0/分 体动=0.000  音量=0% 灯=25%
  01:25:10  [入睡] 规律度=0.85 呼吸率= 14.0/分 体动=0.000  音量=0% 灯=9%
  01:25:15  [入睡] 规律度=0.86 呼吸率= 14.0/分 体动=0.000  音量=0% 灯=22%
  01:25:20  [入睡] 规律度=0.86 呼吸率= 14.0/分 体动=0.000  音量=0% 灯=19%
  01:25:25  [入睡] 规律度=0.86 呼吸率= 14.0/分 体动=0.000  音量=0% 灯=8%
  01:25:30  [入睡] 规律度=0.86 呼吸率= 14.0/分 体动=0.000  音量=0% 灯=25%
[link] ↑ 上报入睡判定：已入睡 置信=100%  呼吸=14次/分
  01:25:35  [入睡] 规律度=0.86 呼吸率= 14.0/分 体动=0.000  音量=0% 灯=5%
  01:25:40  [入睡] 规律度=0.86 呼吸率= 14.0/分 体动=0.000  音量=0% 灯=25%
  01:25:45  [入睡] 规律度=0.86 呼吸率= 14.0/分 体动=0.000  音量=0% 灯=14%
  01:25:50  [入睡] 规律度=0.85 呼吸率= 14.0/分 体动=0.000  音量=0% 灯=15%
  01:25:55  [入睡] 规律度=0.86 呼吸率= 14.0/分 体动=0.000  音量=0% 灯=23%
  01:26:00  [入睡] 规律度=0.86 呼吸率= 14.0/分 体动=0.000  音量=0% 灯=4%
  01:26:05  [入睡] 规律度=0.86 呼吸率= 14.0/分 体动=0.000  音量=0% 灯=25%
  01:26:10  [入睡] 规律度=0.86 呼吸率= 14.0/分 体动=0.000  音量=0% 灯=9%
  01:26:15  [入睡] 规律度=0.85 呼吸率= 14.0/分 体动=0.000  音量=0% 灯=22%
  01:26:20  [入睡] 规律度=0.86 呼吸率= 14.0/分 体动=0.000  音量=0% 灯=19%
  01:26:25  [入睡] 规律度=0.85 呼吸率= 14.0/分 体动=0.000  音量=0% 灯=8%
  01:26:30  [入睡] 规律度=0.85 呼吸率= 14.0/分 体动=0.000  音量=0% 灯=25%
  01:26:35  [入睡] 规律度=0.86 呼吸率= 14.0/分 体动=0.000  音量=0% 灯=5%
  01:26:40  [入睡] 规律度=0.86 呼吸率= 14.0/分 体动=0.000  音量=0% 灯=25%
  01:26:45  [入睡] 规律度=0.85 呼吸率= 14.3/分 体动=0.000  音量=0% 灯=14%
  01:26:50  [入睡] 规律度=0.85 呼吸率= 14.0/分 体动=0.000  音量=0% 灯=15%
  01:26:55  [入睡] 规律度=0.86 呼吸率= 14.0/分 体动=0.000  音量=0% 灯=23%
  01:27:00  [入睡] 规律度=0.86 呼吸率= 14.0/分 体动=0.000  音量=0% 灯=4%
  01:27:05  [入睡] 规律度=0.86 呼吸率= 14.0/分 体动=0.000  音量=0% 灯=25%
  01:27:10  [入睡] 规律度=0.86 呼吸率= 14.0/分 体动=0.000  音量=0% 灯=9%
  01:27:15  [入睡] 规律度=0.86 呼吸率= 14.3/分 体动=0.000  音量=0% 灯=22%
  01:27:20  [入睡] 规律度=0.86 呼吸率= 14.0/分 体动=0.000  音量=0% 灯=19%
  01:27:25  [入睡] 规律度=0.86 呼吸率= 14.0/分 体动=0.000  音量=0% 灯=8%
  01:27:30  [入睡] 规律度=0.86 呼吸率= 14.0/分 体动=0.000  音量=0% 灯=25%
  01:27:35  [入睡] 规律度=0.86 呼吸率= 14.0/分 体动=0.000  音量=0% 灯=5%
  01:27:40  [入睡] 规律度=0.86 呼吸率= 14.0/分 体动=0.000  音量=0% 灯=25%
  01:27:45  [入睡] 规律度=0.85 呼吸率= 14.0/分 体动=0.000  音量=0% 灯=14%
  01:27:50  [入睡] 规律度=0.86 呼吸率= 14.0/分 体动=0.000  音量=0% 灯=15%
  01:27:55  [入睡] 规律度=0.86 呼吸率= 14.0/分 体动=0.000  音量=0% 灯=23%
  01:28:00  [入睡] 规律度=0.86 呼吸率= 14.0/分 体动=0.000  音量=0% 灯=4%
  01:28:05  [入睡] 规律度=0.85 呼吸率= 14.0/分 体动=0.000  音量=0% 灯=25%
  01:28:10  [入睡] 规律度=0.86 呼吸率= 14.0/分 体动=0.000  音量=0% 灯=9%
  01:28:15  [入睡] 规律度=0.85 呼吸率= 14.0/分 体动=0.000  音量=0% 灯=22%
  01:28:20  [入睡] 规律度=0.85 呼吸率= 14.0/分 体动=0.000  音量=0% 灯=19%
  01:28:25  [入睡] 规律度=0.86 呼吸率= 14.0/分 体动=0.000  音量=0% 灯=8%
  01:28:30  [入睡] 规律度=0.86 呼吸率= 14.0/分 体动=0.000  音量=0% 灯=25%
  01:28:35  [入睡] 规律度=0.86 呼吸率= 14.0/分 体动=0.000  音量=0% 灯=5%
  01:28:40  [入睡] 规律度=0.86 呼吸率= 14.0/分 体动=0.000  音量=0% 灯=25%
  01:28:45  [入睡] 规律度=0.86 呼吸率= 14.3/分 体动=0.000  音量=0% 灯=14%
  01:28:50  [入睡] 规律度=0.86 呼吸率= 14.0/分 体动=0.000  音量=0% 灯=15%
  01:28:55  [入睡] 规律度=0.85 呼吸率= 14.0/分 体动=0.000  音量=0% 灯=23%
  01:29:00  [入睡] 规律度=0.86 呼吸率= 14.0/分 体动=0.000  音量=0% 灯=4%
  01:29:05  [入睡] 规律度=0.86 呼吸率= 14.0/分 体动=0.000  音量=0% 灯=25%
  01:29:10  [入睡] 规律度=0.86 呼吸率= 14.0/分 体动=0.000  音量=0% 灯=9%
  01:29:15  [入睡] 规律度=0.86 呼吸率= 14.3/分 体动=0.000  音量=0% 灯=22%
  01:29:20  [入睡] 规律度=0.86 呼吸率= 14.0/分 体动=0.000  音量=0% 灯=19%
  01:29:25  [入睡] 规律度=0.86 呼吸率= 14.0/分 体动=0.000  音量=0% 灯=8%
  01:29:30  [入睡] 规律度=0.86 呼吸率= 14.0/分 体动=0.000  音量=0% 灯=25%
  01:29:35  [入睡] 规律度=0.86 呼吸率= 14.0/分 体动=0.000  音量=0% 灯=5%
  01:29:40  [入睡] 规律度=0.85 呼吸率= 14.0/分 体动=0.000  音量=0% 灯=25%
  01:29:45  [入睡] 规律度=0.86 呼吸率= 14.0/分 体动=0.000  音量=0% 灯=14%
  01:29:50  [入睡] 规律度=0.86 呼吸率= 14.0/分 体动=0.000  音量=0% 灯=15%
  01:29:55  [入睡] 规律度=0.86 呼吸率= 14.0/分 体动=0.000  音量=0% 灯=23%
  01:30:00  [入睡] 规律度=0.86 呼吸率= 14.0/分 体动=0.000  音量=0% 灯=4%
  01:30:05  [入睡] 规律度=0.83 呼吸率= 14.0/分 体动=0.000  音量=0% 灯=25%
  01:30:10  [入睡] 规律度=0.78 呼吸率= 14.0/分 体动=0.000  音量=0% 灯=9%
  01:30:15  [入睡] 规律度=0.73 呼吸率= 14.3/分 体动=0.000  音量=0% 灯=22%
  01:30:20  [入睡] 规律度=0.58 呼吸率= 14.3/分 体动=0.000  音量=0% 灯=19%
  01:30:25  [入睡] 规律度=0.31 呼吸率=  0.0/分 体动=0.000  音量=0% 灯=8%
[link] ↑ 上报入睡判定：清醒 置信=  0%  呼吸= 0次/分
[01:30:25] ★ 夜醒安抚：极低音量棕噪 20% + 微光
[ui] 界面状态 → 夜醒安抚  灯=  3%  音量= 20%  已过=10826s  夜醒=1
  01:30:30  [清醒] 规律度=0.15 呼吸率=  0.0/分 体动=0.000  音量=70% 灯=20%
  01:30:35  [清醒] 规律度=0.11 呼吸率=  0.0/分 体动=0.000  音量=70% 灯=11%
  01:30:40  [清醒] 规律度=0.15 呼吸率=  0.0/分 体动=0.000  音量=70% 灯=13%
  01:30:45  [清醒] 规律度=0.13 呼吸率=  0.0/分 体动=0.000  音量=70% 灯=18%
  01:30:50  [清醒] 规律度=0.11 呼吸率=  0.0/分 体动=0.000  音量=70% 灯=3%
  01:30:55  [清醒] 规律度=0.12 呼吸率=  0.0/分 体动=0.000  音量=70% 灯=20%
[ui] 界面状态 → 引导中  灯= 20%  音量= 20%  已过=10856s  夜醒=1
  01:31:00  [清醒] 规律度=0.14 呼吸率=  0.0/分 体动=0.000  音量=70% 灯=7%
  01:31:05  [清醒] 规律度=0.14 呼吸率=  0.0/分 体动=0.000  音量=70% 灯=18%
  01:31:10  [清醒] 规律度=0.09 呼吸率=  0.0/分 体动=0.000  音量=70% 灯=15%
  01:31:15  [清醒] 规律度=0.13 呼吸率=  0.0/分 体动=0.000  音量=70% 灯=7%
  01:31:20  [清醒] 规律度=0.12 呼吸率=  0.0/分 体动=0.000  音量=70% 灯=20%
  01:31:25  [清醒] 规律度=0.11 呼吸率=  0.0/分 体动=0.000  音量=70% 灯=4%
  01:31:30  [清醒] 规律度=0.16 呼吸率=  0.0/分 体动=0.000  音量=70% 灯=20%
  01:31:35  [清醒] 规律度=0.15 呼吸率=  0.0/分 体动=0.000  音量=70% 灯=11%
  01:31:40  [清醒] 规律度=0.12 呼吸率=  0.0/分 体动=0.000  音量=70% 灯=13%
  01:31:45  [清醒] 规律度=0.13 呼吸率=  0.0/分 体动=0.000  音量=70% 灯=18%
  01:31:50  [清醒] 规律度=0.18 呼吸率=  0.0/分 体动=0.000  音量=70% 灯=3%
  01:31:55  [清醒] 规律度=0.14 呼吸率=  0.0/分 体动=0.000  音量=70% 灯=20%
  01:32:00  [清醒] 规律度=0.17 呼吸率=  0.0/分 体动=0.000  音量=70% 灯=7%
  01:32:05  [清醒] 规律度=0.14 呼吸率=  0.0/分 体动=0.000  音量=70% 灯=18%
  01:32:10  [清醒] 规律度=0.13 呼吸率=  0.0/分 体动=0.000  音量=70% 灯=15%
  01:32:15  [清醒] 规律度=0.12 呼吸率=  0.0/分 体动=0.000  音量=70% 灯=7%
  01:32:20  [清醒] 规律度=0.10 呼吸率=  0.0/分 体动=0.000  音量=70% 灯=20%
  01:32:25  [清醒] 规律度=0.11 呼吸率=  0.0/分 体动=0.000  音量=70% 灯=4%
  01:32:30  [清醒] 规律度=0.16 呼吸率=  0.0/分 体动=0.000  音量=70% 灯=20%
  01:32:35  [清醒] 规律度=0.17 呼吸率=  0.0/分 体动=0.000  音量=70% 灯=11%
  01:32:40  [清醒] 规律度=0.12 呼吸率=  0.0/分 体动=0.000  音量=70% 灯=13%
  01:32:45  [清醒] 规律度=0.12 呼吸率=  0.0/分 体动=0.000  音量=70% 灯=18%
  01:32:50  [清醒] 规律度=0.12 呼吸率=  0.0/分 体动=0.000  音量=70% 灯=3%
  01:32:55  [清醒] 规律度=0.12 呼吸率=  0.0/分 体动=0.000  音量=70% 灯=20%
  01:33:00  [清醒] 规律度=0.15 呼吸率=  0.0/分 体动=0.000  音量=70% 灯=7%
  01:33:05  [清醒] 规律度=0.18 呼吸率=  0.0/分 体动=0.000  音量=70% 灯=18%
  01:33:10  [清醒] 规律度=0.22 呼吸率=  0.0/分 体动=0.000  音量=70% 灯=15%
  01:33:15  [清醒] 规律度=0.17 呼吸率=  0.0/分 体动=0.000  音量=70% 灯=7%
  01:33:20  [清醒] 规律度=0.11 呼吸率=  0.0/分 体动=0.000  音量=70% 灯=20%
  01:33:25  [清醒] 规律度=0.13 呼吸率=  0.0/分 体动=0.000  音量=70% 灯=4%
  01:33:30  [清醒] 规律度=0.14 呼吸率=  0.0/分 体动=0.000  音量=70% 灯=20%
  01:33:35  [清醒] 规律度=0.12 呼吸率=  0.0/分 体动=0.000  音量=70% 灯=11%
  01:33:40  [清醒] 规律度=0.12 呼吸率=  0.0/分 体动=0.000  音量=70% 灯=13%
  01:33:45  [清醒] 规律度=0.10 呼吸率=  0.0/分 体动=0.000  音量=70% 灯=18%
  01:33:50  [清醒] 规律度=0.12 呼吸率=  0.0/分 体动=0.000  音量=70% 灯=3%
  01:33:55  [清醒] 规律度=0.09 呼吸率=  0.0/分 体动=0.000  音量=70% 灯=20%
  01:34:00  [清醒] 规律度=0.13 呼吸率=  0.0/分 体动=0.000  音量=70% 灯=7%
  01:34:05  [清醒] 规律度=0.14 呼吸率=  0.0/分 体动=0.000  音量=70% 灯=18%
  01:34:10  [清醒] 规律度=0.13 呼吸率=  0.0/分 体动=0.000  音量=70% 灯=15%
  01:34:15  [清醒] 规律度=0.16 呼吸率=  0.0/分 体动=0.000  音量=70% 灯=7%
  01:34:20  [清醒] 规律度=0.18 呼吸率=  0.0/分 体动=0.000  音量=70% 灯=20%
  01:34:25  [清醒] 规律度=0.15 呼吸率=  0.0/分 体动=0.000  音量=70% 灯=4%
  01:34:30  [清醒] 规律度=0.15 呼吸率=  0.0/分 体动=0.000  音量=70% 灯=20%
  01:34:35  [清醒] 规律度=0.16 呼吸率=  0.0/分 体动=0.000  音量=70% 灯=11%
  01:34:40  [清醒] 规律度=0.10 呼吸率=  0.0/分 体动=0.000  音量=70% 灯=13%
  01:34:45  [清醒] 规律度=0.09 呼吸率=  0.0/分 体动=0.000  音量=70% 灯=18%
  01:34:50  [清醒] 规律度=0.16 呼吸率=  0.0/分 体动=0.000  音量=70% 灯=3%
  01:34:55  [清醒] 规律度=0.16 呼吸率=  0.0/分 体动=0.000  音量=70% 灯=20%
  01:35:00  [清醒] 规律度=0.17 呼吸率=  0.0/分 体动=0.000  音量=70% 灯=7%
  01:35:05  [清醒] 规律度=0.15 呼吸率=  0.0/分 体动=0.000  音量=70% 灯=18%
  01:35:10  [清醒] 规律度=0.10 呼吸率=  0.0/分 体动=0.000  音量=70% 灯=15%
  01:35:15  [清醒] 规律度=0.13 呼吸率=  0.0/分 体动=0.000  音量=70% 灯=7%
  01:35:20  [清醒] 规律度=0.10 呼吸率=  0.0/分 体动=0.000  音量=70% 灯=20%
  01:35:25  [清醒] 规律度=0.09 呼吸率=  0.0/分 体动=0.000  音量=70% 灯=4%
[link] ↑ 上报入睡判定：清醒 置信=  0%  呼吸= 0次/分
  01:35:30  [清醒] 规律度=0.14 呼吸率=  0.0/分 体动=0.000  音量=70% 灯=20%
  01:35:35  [清醒] 规律度=0.19 呼吸率=  0.0/分 体动=0.000  音量=70% 灯=11%
  01:35:40  [清醒] 规律度=0.20 呼吸率=  0.0/分 体动=0.000  音量=70% 灯=13%
  01:35:45  [清醒] 规律度=0.18 呼吸率=  0.0/分 体动=0.000  音量=70% 灯=18%
  01:35:50  [清醒] 规律度=0.11 呼吸率=  0.0/分 体动=0.000  音量=70% 灯=3%
  01:35:55  [清醒] 规律度=0.09 呼吸率=  0.0/分 体动=0.000  音量=70% 灯=20%
  01:36:00  [清醒] 规律度=0.13 呼吸率=  0.0/分 体动=0.000  音量=70% 灯=7%
  01:36:05  [清醒] 规律度=0.15 呼吸率=  0.0/分 体动=0.000  音量=70% 灯=18%
  01:36:10  [清醒] 规律度=0.14 呼吸率=  0.0/分 体动=0.000  音量=70% 灯=15%
  01:36:15  [清醒] 规律度=0.15 呼吸率=  0.0/分 体动=0.000  音量=70% 灯=7%
  01:36:20  [清醒] 规律度=0.11 呼吸率=  0.0/分 体动=0.000  音量=70% 灯=20%
  01:36:25  [清醒] 规律度=0.13 呼吸率=  0.0/分 体动=0.000  音量=70% 灯=4%
  01:36:30  [清醒] 规律度=0.14 呼吸率=  0.0/分 体动=0.000  音量=70% 灯=20%
  01:36:35  [清醒] 规律度=0.09 呼吸率=  0.0/分 体动=0.000  音量=70% 灯=11%
  01:36:40  [清醒] 规律度=0.15 呼吸率=  0.0/分 体动=0.000  音量=70% 灯=13%
  01:36:45  [清醒] 规律度=0.17 呼吸率=  0.0/分 体动=0.000  音量=70% 灯=18%
  01:36:50  [清醒] 规律度=0.11 呼吸率=  0.0/分 体动=0.000  音量=70% 灯=3%
  01:36:55  [清醒] 规律度=0.09 呼吸率=  0.0/分 体动=0.000  音量=70% 灯=20%
  01:37:00  [清醒] 规律度=0.11 呼吸率=  0.0/分 体动=0.000  音量=70% 灯=7%
  01:37:05  [清醒] 规律度=0.10 呼吸率=  0.0/分 体动=0.000  音量=70% 灯=18%
  01:37:10  [清醒] 规律度=0.11 呼吸率=  0.0/分 体动=0.000  音量=70% 灯=15%
  01:37:15  [清醒] 规律度=0.10 呼吸率=  0.0/分 体动=0.000  音量=70% 灯=7%
  01:37:20  [清醒] 规律度=0.10 呼吸率=  0.0/分 体动=0.000  音量=70% 灯=20%
  01:37:25  [清醒] 规律度=0.11 呼吸率=  0.0/分 体动=0.000  音量=70% 灯=4%
  01:37:30  [清醒] 规律度=0.10 呼吸率=  0.0/分 体动=0.000  音量=70% 灯=20%
  01:37:35  [清醒] 规律度=0.12 呼吸率=  0.0/分 体动=0.000  音量=70% 灯=11%
  01:37:40  [清醒] 规律度=0.10 呼吸率=  0.0/分 体动=0.000  音量=70% 灯=13%
  01:37:45  [清醒] 规律度=0.10 呼吸率=  0.0/分 体动=0.000  音量=70% 灯=18%
  01:37:50  [清醒] 规律度=0.12 呼吸率=  0.0/分 体动=0.000  音量=70% 灯=3%
  01:37:55  [清醒] 规律度=0.13 呼吸率=  0.0/分 体动=0.000  音量=70% 灯=20%
  01:38:00  [清醒] 规律度=0.14 呼吸率=  0.0/分 体动=0.000  音量=70% 灯=7%
  01:38:05  [清醒] 规律度=0.12 呼吸率=  0.0/分 体动=0.000  音量=70% 灯=18%
  01:38:10  [清醒] 规律度=0.13 呼吸率=  0.0/分 体动=0.000  音量=70% 灯=15%
  01:38:15  [清醒] 规律度=0.14 呼吸率=  0.0/分 体动=0.000  音量=70% 灯=7%
  01:38:20  [清醒] 规律度=0.12 呼吸率=  0.0/分 体动=0.000  音量=70% 灯=20%
  01:38:25  [清醒] 规律度=0.09 呼吸率=  0.0/分 体动=0.000  音量=70% 灯=4%
  01:38:30  [清醒] 规律度=0.11 呼吸率=  0.0/分 体动=0.000  音量=70% 灯=20%
  01:38:35  [清醒] 规律度=0.10 呼吸率=  0.0/分 体动=0.000  音量=70% 灯=11%
  01:38:40  [清醒] 规律度=0.11 呼吸率=  0.0/分 体动=0.000  音量=70% 灯=13%
  01:38:45  [清醒] 规律度=0.10 呼吸率=  0.0/分 体动=0.000  音量=70% 灯=18%
  01:38:50  [清醒] 规律度=0.12 呼吸率=  0.0/分 体动=0.000  音量=70% 灯=3%
  01:38:55  [清醒] 规律度=0.09 呼吸率=  0.0/分 体动=0.000  音量=70% 灯=20%
  01:39:00  [清醒] 规律度=0.09 呼吸率=  0.0/分 体动=0.000  音量=70% 灯=7%
  01:39:05  [清醒] 规律度=0.13 呼吸率=  0.0/分 体动=0.000  音量=70% 灯=18%
  01:39:10  [清醒] 规律度=0.15 呼吸率=  0.0/分 体动=0.000  音量=70% 灯=15%
  01:39:15  [清醒] 规律度=0.15 呼吸率=  0.0/分 体动=0.000  音量=70% 灯=7%
  01:39:20  [清醒] 规律度=0.15 呼吸率=  0.0/分 体动=0.000  音量=70% 灯=20%
  01:39:25  [清醒] 规律度=0.12 呼吸率=  0.0/分 体动=0.000  音量=70% 灯=4%
  01:39:30  [清醒] 规律度=0.12 呼吸率=  0.0/分 体动=0.000  音量=70% 灯=20%
  01:39:35  [清醒] 规律度=0.11 呼吸率=  0.0/分 体动=0.000  音量=70% 灯=11%
  01:39:40  [清醒] 规律度=0.15 呼吸率=  0.0/分 体动=0.000  音量=70% 灯=13%
  01:39:45  [清醒] 规律度=0.14 呼吸率=  0.0/分 体动=0.000  音量=70% 灯=18%
  01:39:50  [清醒] 规律度=0.13 呼吸率=  0.0/分 体动=0.000  音量=70% 灯=3%
  01:39:55  [清醒] 规律度=0.08 呼吸率=  0.0/分 体动=0.000  音量=70% 灯=20%
  01:40:00  [清醒] 规律度=0.10 呼吸率=  0.0/分 体动=0.000  音量=70% 灯=7%
  01:40:05  [清醒] 规律度=0.09 呼吸率=  0.0/分 体动=0.000  音量=70% 灯=18%
  01:40:10  [清醒] 规律度=0.10 呼吸率=  0.0/分 体动=0.000  音量=70% 灯=15%
  01:40:15  [清醒] 规律度=0.10 呼吸率=  0.0/分 体动=0.000  音量=70% 灯=7%
  01:40:20  [清醒] 规律度=0.11 呼吸率=  0.0/分 体动=0.000  音量=70% 灯=20%
  01:40:25  [清醒] 规律度=0.14 呼吸率=  0.0/分 体动=0.000  音量=70% 灯=4%
[link] ↑ 上报入睡判定：清醒 置信=  0%  呼吸= 0次/分
  01:40:30  [清醒] 规律度=0.09 呼吸率=  0.0/分 体动=0.000  音量=70% 灯=20%
  01:40:35  [清醒] 规律度=0.18 呼吸率=  0.0/分 体动=0.000  音量=70% 灯=11%
  01:40:40  [清醒] 规律度=0.16 呼吸率=  0.0/分 体动=0.000  音量=70% 灯=13%
  01:40:45  [清醒] 规律度=0.14 呼吸率=  0.0/分 体动=0.000  音量=70% 灯=18%
  01:40:50  [清醒] 规律度=0.11 呼吸率=  0.0/分 体动=0.000  音量=70% 灯=3%
  01:40:55  [清醒] 规律度=0.13 呼吸率=  0.0/分 体动=0.000  音量=70% 灯=20%
  01:41:00  [清醒] 规律度=0.16 呼吸率=  0.0/分 体动=0.000  音量=70% 灯=7%
  01:41:05  [清醒] 规律度=0.13 呼吸率=  0.0/分 体动=0.000  音量=70% 灯=18%
  01:41:10  [清醒] 规律度=0.13 呼吸率=  0.0/分 体动=0.000  音量=70% 灯=15%
  01:41:15  [清醒] 规律度=0.14 呼吸率=  0.0/分 体动=0.000  音量=70% 灯=7%
  01:41:20  [清醒] 规律度=0.11 呼吸率=  0.0/分 体动=0.000  音量=70% 灯=20%
  01:41:25  [清醒] 规律度=0.12 呼吸率=  0.0/分 体动=0.000  音量=70% 灯=4%
  01:41:30  [清醒] 规律度=0.12 呼吸率=  0.0/分 体动=0.000  音量=70% 灯=20%
  01:41:35  [清醒] 规律度=0.14 呼吸率=  0.0/分 体动=0.000  音量=70% 灯=11%
  01:41:40  [清醒] 规律度=0.12 呼吸率=  0.0/分 体动=0.000  音量=70% 灯=13%
  01:41:45  [清醒] 规律度=0.08 呼吸率=  0.0/分 体动=0.000  音量=70% 灯=18%
  01:41:50  [清醒] 规律度=0.10 呼吸率=  0.0/分 体动=0.000  音量=70% 灯=3%
  01:41:55  [清醒] 规律度=0.10 呼吸率=  0.0/分 体动=0.000  音量=70% 灯=20%
  01:42:00  [清醒] 规律度=0.11 呼吸率=  0.0/分 体动=0.000  音量=70% 灯=7%
  01:42:05  [清醒] 规律度=0.12 呼吸率=  0.0/分 体动=0.000  音量=70% 灯=18%
  01:42:10  [清醒] 规律度=0.09 呼吸率=  0.0/分 体动=0.000  音量=70% 灯=15%
  01:42:15  [清醒] 规律度=0.08 呼吸率=  0.0/分 体动=0.000  音量=70% 灯=7%
  01:42:20  [清醒] 规律度=0.10 呼吸率=  0.0/分 体动=0.000  音量=70% 灯=20%
  01:42:25  [清醒] 规律度=0.11 呼吸率=  0.0/分 体动=0.000  音量=70% 灯=4%
  01:42:30  [清醒] 规律度=0.13 呼吸率=  0.0/分 体动=0.000  音量=70% 灯=20%
  01:42:35  [清醒] 规律度=0.11 呼吸率=  0.0/分 体动=0.000  音量=70% 灯=11%
  01:42:40  [清醒] 规律度=0.11 呼吸率=  0.0/分 体动=0.000  音量=70% 灯=13%
  01:42:45  [清醒] 规律度=0.13 呼吸率=  0.0/分 体动=0.000  音量=70% 灯=18%
  01:42:50  [清醒] 规律度=0.11 呼吸率=  0.0/分 体动=0.000  音量=70% 灯=3%
  01:42:55  [清醒] 规律度=0.15 呼吸率=  0.0/分 体动=0.000  音量=70% 灯=20%
  01:43:00  [清醒] 规律度=0.12 呼吸率=  0.0/分 体动=0.000  音量=70% 灯=7%
  01:43:05  [清醒] 规律度=0.12 呼吸率=  0.0/分 体动=0.000  音量=70% 灯=18%
  01:43:10  [清醒] 规律度=0.11 呼吸率=  0.0/分 体动=0.000  音量=70% 灯=15%
  01:43:15  [清醒] 规律度=0.11 呼吸率=  0.0/分 体动=0.000  音量=70% 灯=7%
  01:43:20  [清醒] 规律度=0.11 呼吸率=  0.0/分 体动=0.000  音量=70% 灯=20%
  01:43:25  [清醒] 规律度=0.13 呼吸率=  0.0/分 体动=0.000  音量=70% 灯=4%
  01:43:30  [清醒] 规律度=0.11 呼吸率=  0.0/分 体动=0.000  音量=70% 灯=20%
  01:43:35  [清醒] 规律度=0.16 呼吸率=  0.0/分 体动=0.000  音量=70% 灯=11%
  01:43:40  [清醒] 规律度=0.16 呼吸率=  0.0/分 体动=0.000  音量=70% 灯=13%
  01:43:45  [清醒] 规律度=0.16 呼吸率=  0.0/分 体动=0.000  音量=70% 灯=18%
  01:43:50  [清醒] 规律度=0.14 呼吸率=  0.0/分 体动=0.000  音量=70% 灯=3%
  01:43:55  [清醒] 规律度=0.10 呼吸率=  0.0/分 体动=0.000  音量=70% 灯=20%
  01:44:00  [清醒] 规律度=0.12 呼吸率=  0.0/分 体动=0.000  音量=70% 灯=7%
  01:44:05  [清醒] 规律度=0.14 呼吸率=  0.0/分 体动=0.000  音量=70% 灯=18%
  01:44:10  [清醒] 规律度=0.13 呼吸率=  0.0/分 体动=0.000  音量=70% 灯=15%
  01:44:15  [清醒] 规律度=0.12 呼吸率=  0.0/分 体动=0.000  音量=70% 灯=7%
  01:44:20  [清醒] 规律度=0.09 呼吸率=  0.0/分 体动=0.000  音量=70% 灯=20%
  01:44:25  [清醒] 规律度=0.10 呼吸率=  0.0/分 体动=0.000  音量=70% 灯=4%
  01:44:30  [清醒] 规律度=0.11 呼吸率=  0.0/分 体动=0.000  音量=70% 灯=20%
  01:44:35  [清醒] 规律度=0.11 呼吸率=  0.0/分 体动=0.000  音量=70% 灯=11%
  01:44:40  [清醒] 规律度=0.11 呼吸率=  0.0/分 体动=0.000  音量=70% 灯=13%
  01:44:45  [清醒] 规律度=0.10 呼吸率=  0.0/分 体动=0.000  音量=70% 灯=18%
  01:44:50  [清醒] 规律度=0.09 呼吸率=  0.0/分 体动=0.000  音量=70% 灯=3%
  01:44:55  [清醒] 规律度=0.09 呼吸率=  0.0/分 体动=0.000  音量=70% 灯=20%
  01:45:00  [清醒] 规律度=0.11 呼吸率=  0.0/分 体动=0.000  音量=70% 灯=7%
  01:45:05  [清醒] 规律度=0.00 呼吸率=  0.0/分 体动=0.000  音量=70% 灯=18%
[link] ↑ 上报入睡判定：困倦 置信= 74%  呼吸=15次/分
[ui] 界面状态 → 判定中  灯= 15%  音量= 20%  已过=11710s  夜醒=1
  01:45:10  [困倦] 规律度=0.59 呼吸率= 15.0/分 体动=0.000  音量=70% 灯=15%
  01:45:15  [困倦] 规律度=0.71 呼吸率= 15.0/分 体动=0.000  音量=70% 灯=7%
[01:45:15] 二次入睡 → 20s 淡出 + 灯灭
[link] ↑ 上报入睡判定：已入睡 置信=100%  呼吸=15次/分
[ui] 界面状态 → 已睡着  灯=  0%  音量= 20%  已过=11716s  夜醒=1
  01:45:20  [入睡] 规律度=0.80 呼吸率= 15.0/分 体动=0.000  音量=14% 灯=0%
  01:45:25  [入睡] 规律度=0.83 呼吸率= 15.0/分 体动=0.000  音量=2% 灯=0%
  01:45:30  [入睡] 规律度=0.86 呼吸率= 15.0/分 体动=0.000  音量=0% 灯=0%
  01:45:35  [入睡] 规律度=0.86 呼吸率= 15.0/分 体动=0.000  音量=0% 灯=0%
  01:45:40  [入睡] 规律度=0.87 呼吸率= 15.0/分 体动=0.000  音量=0% 灯=0%
  01:45:45  [入睡] 规律度=0.86 呼吸率= 15.0/分 体动=0.000  音量=0% 灯=0%
  01:45:50  [入睡] 规律度=0.86 呼吸率= 15.0/分 体动=0.000  音量=0% 灯=0%
  01:45:55  [入睡] 规律度=0.86 呼吸率= 15.0/分 体动=0.000  音量=0% 灯=0%
  01:46:00  [入睡] 规律度=0.86 呼吸率= 15.0/分 体动=0.000  音量=0% 灯=0%
  01:46:05  [入睡] 规律度=0.87 呼吸率= 15.0/分 体动=0.000  音量=0% 灯=0%
  01:46:10  [入睡] 规律度=0.86 呼吸率= 15.0/分 体动=0.000  音量=0% 灯=0%
  01:46:15  [入睡] 规律度=0.87 呼吸率= 15.0/分 体动=0.000  音量=0% 灯=0%
  01:46:20  [入睡] 规律度=0.87 呼吸率= 15.0/分 体动=0.000  音量=0% 灯=0%
  01:46:25  [入睡] 规律度=0.86 呼吸率= 15.0/分 体动=0.000  音量=0% 灯=0%
  01:46:30  [入睡] 规律度=0.86 呼吸率= 15.0/分 体动=0.000  音量=0% 灯=0%
  01:46:35  [入睡] 规律度=0.86 呼吸率= 15.0/分 体动=0.000  音量=0% 灯=0%
  01:46:40  [入睡] 规律度=0.86 呼吸率= 15.0/分 体动=0.000  音量=0% 灯=0%
  01:46:45  [入睡] 规律度=0.87 呼吸率= 15.0/分 体动=0.000  音量=0% 灯=0%
  01:46:50  [入睡] 规律度=0.87 呼吸率= 15.0/分 体动=0.000  音量=0% 灯=0%
  01:46:55  [入睡] 规律度=0.87 呼吸率= 15.0/分 体动=0.000  音量=0% 灯=0%
  01:47:00  [入睡] 规律度=0.86 呼吸率= 15.0/分 体动=0.000  音量=0% 灯=0%
  01:47:05  [入睡] 规律度=0.86 呼吸率= 15.0/分 体动=0.000  音量=0% 灯=0%
  01:47:10  [入睡] 规律度=0.86 呼吸率= 15.0/分 体动=0.000  音量=0% 灯=0%
  01:47:15  [入睡] 规律度=0.86 呼吸率= 15.0/分 体动=0.000  音量=0% 灯=0%
  01:47:20  [入睡] 规律度=0.87 呼吸率= 15.0/分 体动=0.000  音量=0% 灯=0%
  01:47:25  [入睡] 规律度=0.86 呼吸率= 15.0/分 体动=0.000  音量=0% 灯=0%
  01:47:30  [入睡] 规律度=0.86 呼吸率= 15.0/分 体动=0.000  音量=0% 灯=0%
  01:47:35  [入睡] 规律度=0.86 呼吸率= 15.0/分 体动=0.000  音量=0% 灯=0%
  01:47:40  [入睡] 规律度=0.86 呼吸率= 15.0/分 体动=0.000  音量=0% 灯=0%
  01:47:45  [入睡] 规律度=0.87 呼吸率= 15.0/分 体动=0.000  音量=0% 灯=0%
  01:47:50  [入睡] 规律度=0.86 呼吸率= 15.0/分 体动=0.000  音量=0% 灯=0%
  01:47:55  [入睡] 规律度=0.87 呼吸率= 15.0/分 体动=0.000  音量=0% 灯=0%
  01:48:00  [入睡] 规律度=0.86 呼吸率= 15.0/分 体动=0.000  音量=0% 灯=0%
  01:48:05  [入睡] 规律度=0.86 呼吸率= 15.0/分 体动=0.000  音量=0% 灯=0%
  01:48:10  [入睡] 规律度=0.87 呼吸率= 15.0/分 体动=0.000  音量=0% 灯=0%
  01:48:15  [入睡] 规律度=0.86 呼吸率= 15.0/分 体动=0.000  音量=0% 灯=0%
  01:48:20  [入睡] 规律度=0.87 呼吸率= 15.0/分 体动=0.000  音量=0% 灯=0%
  01:48:25  [入睡] 规律度=0.87 呼吸率= 15.0/分 体动=0.000  音量=0% 灯=0%
  01:48:30  [入睡] 规律度=0.86 呼吸率= 15.0/分 体动=0.000  音量=0% 灯=0%
  01:48:35  [入睡] 规律度=0.86 呼吸率= 15.0/分 体动=0.000  音量=0% 灯=0%
  01:48:40  [入睡] 规律度=0.86 呼吸率= 15.0/分 体动=0.000  音量=0% 灯=0%
  01:48:45  [入睡] 规律度=0.86 呼吸率= 15.0/分 体动=0.000  音量=0% 灯=0%
  01:48:50  [入睡] 规律度=0.87 呼吸率= 15.0/分 体动=0.000  音量=0% 灯=0%
  01:48:55  [入睡] 规律度=0.87 呼吸率= 15.0/分 体动=0.000  音量=0% 灯=0%
  01:49:00  [入睡] 规律度=0.86 呼吸率= 15.0/分 体动=0.000  音量=0% 灯=0%
  01:49:05  [入睡] 规律度=0.87 呼吸率= 15.0/分 体动=0.000  音量=0% 灯=0%
  01:49:10  [入睡] 规律度=0.86 呼吸率= 15.0/分 体动=0.000  音量=0% 灯=0%
  01:49:15  [入睡] 规律度=0.87 呼吸率= 15.0/分 体动=0.000  音量=0% 灯=0%
  01:49:20  [入睡] 规律度=0.86 呼吸率= 15.0/分 体动=0.000  音量=0% 灯=0%
  01:49:25  [入睡] 规律度=0.86 呼吸率= 15.0/分 体动=0.000  音量=0% 灯=0%
  01:49:30  [入睡] 规律度=0.87 呼吸率= 15.0/分 体动=0.000  音量=0% 灯=0%
  01:49:35  [入睡] 规律度=0.86 呼吸率= 15.0/分 体动=0.000  音量=0% 灯=0%
  01:49:40  [入睡] 规律度=0.87 呼吸率= 15.0/分 体动=0.000  音量=0% 灯=0%
  01:49:45  [入睡] 规律度=0.86 呼吸率= 15.0/分 体动=0.000  音量=0% 灯=0%
  01:49:50  [入睡] 规律度=0.87 呼吸率= 15.0/分 体动=0.000  音量=0% 灯=0%
  01:49:55  [入睡] 规律度=0.86 呼吸率= 15.0/分 体动=0.000  音量=0% 灯=0%
  01:50:00  [入睡] 规律度=0.86 呼吸率= 15.0/分 体动=0.000  音量=0% 灯=0%
  01:50:05  [入睡] 规律度=0.87 呼吸率= 15.0/分 体动=0.000  音量=0% 灯=0%
  01:50:10  [入睡] 规律度=0.86 呼吸率= 15.0/分 体动=0.000  音量=0% 灯=0%
  01:50:15  [入睡] 规律度=0.86 呼吸率= 15.0/分 体动=0.000  音量=0% 灯=0%
[link] ↑ 上报入睡判定：已入睡 置信=100%  呼吸=15次/分
  01:50:20  [入睡] 规律度=0.87 呼吸率= 15.0/分 体动=0.000  音量=0% 灯=0%
  01:50:25  [入睡] 规律度=0.87 呼吸率= 15.0/分 体动=0.000  音量=0% 灯=0%
  01:50:30  [入睡] 规律度=0.87 呼吸率= 15.0/分 体动=0.000  音量=0% 灯=0%
  01:50:35  [入睡] 规律度=0.86 呼吸率= 15.0/分 体动=0.000  音量=0% 灯=0%
  01:50:40  [入睡] 规律度=0.86 呼吸率= 15.0/分 体动=0.000  音量=0% 灯=0%
  01:50:45  [入睡] 规律度=0.86 呼吸率= 15.0/分 体动=0.000  音量=0% 灯=0%
  01:50:50  [入睡] 规律度=0.86 呼吸率= 15.0/分 体动=0.000  音量=0% 灯=0%
  01:50:55  [入睡] 规律度=0.87 呼吸率= 15.0/分 体动=0.000  音量=0% 灯=0%
  01:51:00  [入睡] 规律度=0.87 呼吸率= 15.0/分 体动=0.000  音量=0% 灯=0%
  01:51:05  [入睡] 规律度=0.87 呼吸率= 15.0/分 体动=0.000  音量=0% 灯=0%
  01:51:10  [入睡] 规律度=0.86 呼吸率= 15.0/分 体动=0.000  音量=0% 灯=0%
  01:51:15  [入睡] 规律度=0.86 呼吸率= 15.0/分 体动=0.000  音量=0% 灯=0%
  01:51:20  [入睡] 规律度=0.87 呼吸率= 15.0/分 体动=0.000  音量=0% 灯=0%
  01:51:25  [入睡] 规律度=0.87 呼吸率= 15.0/分 体动=0.000  音量=0% 灯=0%
  01:51:30  [入睡] 规律度=0.86 呼吸率= 15.0/分 体动=0.000  音量=0% 灯=0%
  01:51:35  [入睡] 规律度=0.87 呼吸率= 15.0/分 体动=0.000  音量=0% 灯=0%
  01:51:40  [入睡] 规律度=0.87 呼吸率= 15.0/分 体动=0.000  音量=0% 灯=0%
  01:51:45  [入睡] 规律度=0.86 呼吸率= 15.0/分 体动=0.000  音量=0% 灯=0%
  01:51:50  [入睡] 规律度=0.87 呼吸率= 15.0/分 体动=0.000  音量=0% 灯=0%
  01:51:55  [入睡] 规律度=0.86 呼吸率= 15.0/分 体动=0.000  音量=0% 灯=0%
  01:52:00  [入睡] 规律度=0.86 呼吸率= 15.0/分 体动=0.000  音量=0% 灯=0%
  01:52:05  [入睡] 规律度=0.86 呼吸率= 15.0/分 体动=0.000  音量=0% 灯=0%
  01:52:10  [入睡] 规律度=0.86 呼吸率= 15.0/分 体动=0.000  音量=0% 灯=0%
  01:52:15  [入睡] 规律度=0.86 呼吸率= 15.0/分 体动=0.000  音量=0% 灯=0%
  01:52:20  [入睡] 规律度=0.86 呼吸率= 15.0/分 体动=0.000  音量=0% 灯=0%
  01:52:25  [入睡] 规律度=0.87 呼吸率= 15.0/分 体动=0.000  音量=0% 灯=0%
  01:52:30  [入睡] 规律度=0.87 呼吸率= 15.0/分 体动=0.000  音量=0% 灯=0%
  01:52:35  [入睡] 规律度=0.87 呼吸率= 15.0/分 体动=0.000  音量=0% 灯=0%
  01:52:40  [入睡] 规律度=0.86 呼吸率= 15.0/分 体动=0.000  音量=0% 灯=0%
  01:52:45  [入睡] 规律度=0.86 呼吸率= 15.0/分 体动=0.000  音量=0% 灯=0%
  01:52:50  [入睡] 规律度=0.87 呼吸率= 15.0/分 体动=0.000  音量=0% 灯=0%
  01:52:55  [入睡] 规律度=0.86 呼吸率= 15.0/分 体动=0.000  音量=0% 灯=0%
  01:53:00  [入睡] 规律度=0.86 呼吸率= 15.0/分 体动=0.000  音量=0% 灯=0%
  01:53:05  [入睡] 规律度=0.86 呼吸率= 15.0/分 体动=0.000  音量=0% 灯=0%
  01:53:10  [入睡] 规律度=0.86 呼吸率= 15.0/分 体动=0.000  音量=0% 灯=0%
  01:53:15  [入睡] 规律度=0.87 呼吸率= 15.0/分 体动=0.000  音量=0% 灯=0%
  01:53:20  [入睡] 规律度=0.87 呼吸率= 15.0/分 体动=0.000  音量=0% 灯=0%
  01:53:25  [入睡] 规律度=0.86 呼吸率= 15.0/分 体动=0.000  音量=0% 灯=0%
  01:53:30  [入睡] 规律度=0.87 呼吸率= 15.0/分 体动=0.000  音量=0% 灯=0%
  01:53:35  [入睡] 规律度=0.87 呼吸率= 15.0/分 体动=0.000  音量=0% 灯=0%
  01:53:40  [入睡] 规律度=0.87 呼吸率= 15.0/分 体动=0.000  音量=0% 灯=0%
  01:53:45  [入睡] 规律度=0.86 呼吸率= 15.0/分 体动=0.000  音量=0% 灯=0%
  01:53:50  [入睡] 规律度=0.87 呼吸率= 15.0/分 体动=0.000  音量=0% 灯=0%
  01:53:55  [入睡] 规律度=0.86 呼吸率= 15.0/分 体动=0.000  音量=0% 灯=0%
  01:54:00  [入睡] 规律度=0.86 呼吸率= 15.0/分 体动=0.000  音量=0% 灯=0%
  01:54:05  [入睡] 规律度=0.87 呼吸率= 15.0/分 体动=0.000  音量=0% 灯=0%
  01:54:10  [入睡] 规律度=0.86 呼吸率= 15.0/分 体动=0.000  音量=0% 灯=0%
  01:54:15  [入睡] 规律度=0.86 呼吸率= 15.0/分 体动=0.000  音量=0% 灯=0%
  01:54:20  [入睡] 规律度=0.87 呼吸率= 15.0/分 体动=0.000  音量=0% 灯=0%
  01:54:25  [入睡] 规律度=0.86 呼吸率= 15.0/分 体动=0.000  音量=0% 灯=0%
  01:54:30  [入睡] 规律度=0.86 呼吸率= 15.0/分 体动=0.000  音量=0% 灯=0%
  01:54:35  [入睡] 规律度=0.86 呼吸率= 15.0/分 体动=0.000  音量=0% 灯=0%
  01:54:40  [入睡] 规律度=0.86 呼吸率= 15.0/分 体动=0.000  音量=0% 灯=0%
  01:54:45  [入睡] 规律度=0.87 呼吸率= 15.0/分 体动=0.000  音量=0% 灯=0%
  01:54:50  [入睡] 规律度=0.87 呼吸率= 15.0/分 体动=0.000  音量=0% 灯=0%
  01:54:55  [入睡] 规律度=0.86 呼吸率= 15.0/分 体动=0.000  音量=0% 灯=0%
  01:55:00  [入睡] 规律度=0.87 呼吸率= 15.0/分 体动=0.000  音量=0% 灯=0%
  01:55:05  [入睡] 规律度=0.86 呼吸率= 15.0/分 体动=0.000  音量=0% 灯=0%
  01:55:10  [入睡] 规律度=0.86 呼吸率= 15.0/分 体动=0.000  音量=0% 灯=0%
  01:55:15  [入睡] 规律度=0.87 呼吸率= 15.0/分 体动=0.000  音量=0% 灯=0%
[link] ↑ 上报入睡判定：已入睡 置信=100%  呼吸=15次/分
  01:55:20  [入睡] 规律度=0.86 呼吸率= 15.0/分 体动=0.000  音量=0% 灯=0%
  01:55:25  [入睡] 规律度=0.87 呼吸率= 15.0/分 体动=0.000  音量=0% 灯=0%
  01:55:30  [入睡] 规律度=0.86 呼吸率= 15.0/分 体动=0.000  音量=0% 灯=0%
  01:55:35  [入睡] 规律度=0.86 呼吸率= 15.0/分 体动=0.000  音量=0% 灯=0%
  01:55:40  [入睡] 规律度=0.87 呼吸率= 15.0/分 体动=0.000  音量=0% 灯=0%
  01:55:45  [入睡] 规律度=0.86 呼吸率= 15.0/分 体动=0.000  音量=0% 灯=0%
  01:55:50  [入睡] 规律度=0.86 呼吸率= 15.0/分 体动=0.000  音量=0% 灯=0%
  01:55:55  [入睡] 规律度=0.86 呼吸率= 15.0/分 体动=0.000  音量=0% 灯=0%
  01:56:00  [入睡] 规律度=0.86 呼吸率= 15.0/分 体动=0.000  音量=0% 灯=0%
  01:56:05  [入睡] 规律度=0.87 呼吸率= 15.0/分 体动=0.000  音量=0% 灯=0%
  01:56:10  [入睡] 规律度=0.86 呼吸率= 15.0/分 体动=0.000  音量=0% 灯=0%
  01:56:15  [入睡] 规律度=0.86 呼吸率= 15.0/分 体动=0.000  音量=0% 灯=0%
  01:56:20  [入睡] 规律度=0.86 呼吸率= 15.0/分 体动=0.000  音量=0% 灯=0%
  01:56:25  [入睡] 规律度=0.86 呼吸率= 15.0/分 体动=0.000  音量=0% 灯=0%
  01:56:30  [入睡] 规律度=0.87 呼吸率= 15.0/分 体动=0.000  音量=0% 灯=0%
  01:56:35  [入睡] 规律度=0.87 呼吸率= 15.0/分 体动=0.000  音量=0% 灯=0%
  01:56:40  [入睡] 规律度=0.87 呼吸率= 15.0/分 体动=0.000  音量=0% 灯=0%
  01:56:45  [入睡] 规律度=0.86 呼吸率= 15.0/分 体动=0.000  音量=0% 灯=0%
  01:56:50  [入睡] 规律度=0.86 呼吸率= 15.0/分 体动=0.000  音量=0% 灯=0%
  01:56:55  [入睡] 规律度=0.86 呼吸率= 15.0/分 体动=0.000  音量=0% 灯=0%
  01:57:00  [入睡] 规律度=0.86 呼吸率= 15.0/分 体动=0.000  音量=0% 灯=0%
  01:57:05  [入睡] 规律度=0.86 呼吸率= 15.0/分 体动=0.000  音量=0% 灯=0%
  01:57:10  [入睡] 规律度=0.86 呼吸率= 15.0/分 体动=0.000  音量=0% 灯=0%
  01:57:15  [入睡] 规律度=0.87 呼吸率= 15.0/分 体动=0.000  音量=0% 灯=0%
  01:57:20  [入睡] 规律度=0.87 呼吸率= 15.0/分 体动=0.000  音量=0% 灯=0%
  01:57:25  [入睡] 规律度=0.87 呼吸率= 15.0/分 体动=0.000  音量=0% 灯=0%
  01:57:30  [入睡] 规律度=0.86 呼吸率= 15.0/分 体动=0.000  音量=0% 灯=0%
  01:57:35  [入睡] 规律度=0.86 呼吸率= 15.0/分 体动=0.000  音量=0% 灯=0%
  01:57:40  [入睡] 规律度=0.87 呼吸率= 15.0/分 体动=0.000  音量=0% 灯=0%
  01:57:45  [入睡] 规律度=0.86 呼吸率= 15.0/分 体动=0.000  音量=0% 灯=0%
  01:57:50  [入睡] 规律度=0.86 呼吸率= 15.0/分 体动=0.000  音量=0% 灯=0%
  01:57:55  [入睡] 规律度=0.86 呼吸率= 15.0/分 体动=0.000  音量=0% 灯=0%
  01:58:00  [入睡] 规律度=0.87 呼吸率= 15.0/分 体动=0.000  音量=0% 灯=0%
  01:58:05  [入睡] 规律度=0.86 呼吸率= 15.0/分 体动=0.000  音量=0% 灯=0%
  01:58:10  [入睡] 规律度=0.86 呼吸率= 15.0/分 体动=0.000  音量=0% 灯=0%
  01:58:15  [入睡] 规律度=0.86 呼吸率= 15.0/分 体动=0.000  音量=0% 灯=0%
  01:58:20  [入睡] 规律度=0.87 呼吸率= 15.0/分 体动=0.000  音量=0% 灯=0%
  01:58:25  [入睡] 规律度=0.87 呼吸率= 15.0/分 体动=0.000  音量=0% 灯=0%
  01:58:30  [入睡] 规律度=0.86 呼吸率= 15.0/分 体动=0.000  音量=0% 灯=0%
  01:58:35  [入睡] 规律度=0.86 呼吸率= 15.0/分 体动=0.000  音量=0% 灯=0%
  01:58:40  [入睡] 规律度=0.86 呼吸率= 15.0/分 体动=0.000  音量=0% 灯=0%
  01:58:45  [入睡] 规律度=0.87 呼吸率= 15.0/分 体动=0.000  音量=0% 灯=0%
  01:58:50  [入睡] 规律度=0.86 呼吸率= 15.0/分 体动=0.000  音量=0% 灯=0%
  01:58:55  [入睡] 规律度=0.86 呼吸率= 15.0/分 体动=0.000  音量=0% 灯=0%
  01:59:00  [入睡] 规律度=0.87 呼吸率= 15.0/分 体动=0.000  音量=0% 灯=0%
  01:59:05  [入睡] 规律度=0.86 呼吸率= 15.0/分 体动=0.000  音量=0% 灯=0%
  01:59:10  [入睡] 规律度=0.87 呼吸率= 15.0/分 体动=0.000  音量=0% 灯=0%
  01:59:15  [入睡] 规律度=0.86 呼吸率= 15.0/分 体动=0.000  音量=0% 灯=0%
  01:59:20  [入睡] 规律度=0.87 呼吸率= 15.0/分 体动=0.000  音量=0% 灯=0%
  01:59:25  [入睡] 规律度=0.86 呼吸率= 15.0/分 体动=0.000  音量=0% 灯=0%
  01:59:30  [入睡] 规律度=0.86 呼吸率= 15.0/分 体动=0.000  音量=0% 灯=0%
  01:59:35  [入睡] 规律度=0.86 呼吸率= 15.0/分 体动=0.000  音量=0% 灯=0%
  01:59:40  [入睡] 规律度=0.86 呼吸率= 15.0/分 体动=0.000  音量=0% 灯=0%
  01:59:45  [入睡] 规律度=0.87 呼吸率= 15.0/分 体动=0.000  音量=0% 灯=0%
  01:59:50  [入睡] 规律度=0.86 呼吸率= 15.0/分 体动=0.000  音量=0% 灯=0%
  01:59:55  [入睡] 规律度=0.87 呼吸率= 15.0/分 体动=0.000  音量=0% 灯=0%
  02:00:00  [入睡] 规律度=0.86 呼吸率= 15.0/分 体动=0.000  音量=0% 灯=0%
  02:00:05  [入睡] 规律度=0.86 呼吸率= 15.0/分 体动=0.000  音量=0% 灯=0%
  02:00:10  [入睡] 规律度=0.87 呼吸率= 15.0/分 体动=0.000  音量=0% 灯=0%
  02:00:15  [入睡] 规律度=0.86 呼吸率= 15.0/分 体动=0.000  音量=0% 灯=0%
[link] ↑ 上报入睡判定：已入睡 置信=100%  呼吸=15次/分
  02:00:20  [入睡] 规律度=0.87 呼吸率= 15.0/分 体动=0.000  音量=0% 灯=0%
  02:00:25  [入睡] 规律度=0.86 呼吸率= 15.0/分 体动=0.000  音量=0% 灯=0%
  02:00:30  [入睡] 规律度=0.86 呼吸率= 15.0/分 体动=0.000  音量=0% 灯=0%
  02:00:35  [入睡] 规律度=0.86 呼吸率= 15.0/分 体动=0.000  音量=0% 灯=0%
  02:00:40  [入睡] 规律度=0.87 呼吸率= 15.0/分 体动=0.000  音量=0% 灯=0%
  02:00:45  [入睡] 规律度=0.87 呼吸率= 15.0/分 体动=0.000  音量=0% 灯=0%
  02:00:50  [入睡] 规律度=0.86 呼吸率= 15.0/分 体动=0.000  音量=0% 灯=0%
  02:00:55  [入睡] 规律度=0.87 呼吸率= 15.0/分 体动=0.000  音量=0% 灯=0%
  02:01:00  [入睡] 规律度=0.86 呼吸率= 15.0/分 体动=0.000  音量=0% 灯=0%
  02:01:05  [入睡] 规律度=0.87 呼吸率= 15.0/分 体动=0.000  音量=0% 灯=0%
  02:01:10  [入睡] 规律度=0.86 呼吸率= 15.0/分 体动=0.000  音量=0% 灯=0%
  02:01:15  [入睡] 规律度=0.87 呼吸率= 15.0/分 体动=0.000  音量=0% 灯=0%
  02:01:20  [入睡] 规律度=0.87 呼吸率= 15.0/分 体动=0.000  音量=0% 灯=0%
  02:01:25  [入睡] 规律度=0.87 呼吸率= 15.0/分 体动=0.000  音量=0% 灯=0%
  02:01:30  [入睡] 规律度=0.87 呼吸率= 15.0/分 体动=0.000  音量=0% 灯=0%
  02:01:35  [入睡] 规律度=0.86 呼吸率= 15.0/分 体动=0.000  音量=0% 灯=0%
  02:01:40  [入睡] 规律度=0.86 呼吸率= 15.0/分 体动=0.000  音量=0% 灯=0%
  02:01:45  [入睡] 规律度=0.86 呼吸率= 15.0/分 体动=0.000  音量=0% 灯=0%
  02:01:50  [入睡] 规律度=0.86 呼吸率= 15.0/分 体动=0.000  音量=0% 灯=0%
  02:01:55  [入睡] 规律度=0.87 呼吸率= 15.0/分 体动=0.000  音量=0% 灯=0%
  02:02:00  [入睡] 规律度=0.86 呼吸率= 15.0/分 体动=0.000  音量=0% 灯=0%
  02:02:05  [入睡] 规律度=0.87 呼吸率= 15.0/分 体动=0.000  音量=0% 灯=0%
  02:02:10  [入睡] 规律度=0.87 呼吸率= 15.0/分 体动=0.000  音量=0% 灯=0%
  02:02:15  [入睡] 规律度=0.86 呼吸率= 15.0/分 体动=0.000  音量=0% 灯=0%
  02:02:20  [入睡] 规律度=0.86 呼吸率= 15.0/分 体动=0.000  音量=0% 灯=0%
  02:02:25  [入睡] 规律度=0.86 呼吸率= 15.0/分 体动=0.000  音量=0% 灯=0%
  02:02:30  [入睡] 规律度=0.86 呼吸率= 15.0/分 体动=0.000  音量=0% 灯=0%
  02:02:35  [入睡] 规律度=0.87 呼吸率= 15.0/分 体动=0.000  音量=0% 灯=0%
  02:02:40  [入睡] 规律度=0.87 呼吸率= 15.0/分 体动=0.000  音量=0% 灯=0%
  02:02:45  [入睡] 规律度=0.86 呼吸率= 15.0/分 体动=0.000  音量=0% 灯=0%
  02:02:50  [入睡] 规律度=0.86 呼吸率= 15.0/分 体动=0.000  音量=0% 灯=0%
  02:02:55  [入睡] 规律度=0.86 呼吸率= 15.0/分 体动=0.000  音量=0% 灯=0%
  02:03:00  [入睡] 规律度=0.86 呼吸率= 15.0/分 体动=0.000  音量=0% 灯=0%
  02:03:05  [入睡] 规律度=0.87 呼吸率= 15.0/分 体动=0.000  音量=0% 灯=0%
  02:03:10  [入睡] 规律度=0.87 呼吸率= 15.0/分 体动=0.000  音量=0% 灯=0%
  02:03:15  [入睡] 规律度=0.87 呼吸率= 15.0/分 体动=0.000  音量=0% 灯=0%
  02:03:20  [入睡] 规律度=0.86 呼吸率= 15.0/分 体动=0.000  音量=0% 灯=0%
  02:03:25  [入睡] 规律度=0.86 呼吸率= 15.0/分 体动=0.000  音量=0% 灯=0%
  02:03:30  [入睡] 规律度=0.86 呼吸率= 15.0/分 体动=0.000  音量=0% 灯=0%
  02:03:35  [入睡] 规律度=0.86 呼吸率= 15.0/分 体动=0.000  音量=0% 灯=0%
  02:03:40  [入睡] 规律度=0.86 呼吸率= 15.0/分 体动=0.000  音量=0% 灯=0%
  02:03:45  [入睡] 规律度=0.86 呼吸率= 15.0/分 体动=0.000  音量=0% 灯=0%
  02:03:50  [入睡] 规律度=0.87 呼吸率= 15.0/分 体动=0.000  音量=0% 灯=0%
  02:03:55  [入睡] 规律度=0.87 呼吸率= 15.0/分 体动=0.000  音量=0% 灯=0%
  02:04:00  [入睡] 规律度=0.87 呼吸率= 15.0/分 体动=0.000  音量=0% 灯=0%
  02:04:05  [入睡] 规律度=0.86 呼吸率= 15.0/分 体动=0.000  音量=0% 灯=0%
  02:04:10  [入睡] 规律度=0.86 呼吸率= 15.0/分 体动=0.000  音量=0% 灯=0%
  02:04:15  [入睡] 规律度=0.86 呼吸率= 15.0/分 体动=0.000  音量=0% 灯=0%
  02:04:20  [入睡] 规律度=0.87 呼吸率= 15.0/分 体动=0.000  音量=0% 灯=0%
  02:04:25  [入睡] 规律度=0.87 呼吸率= 15.0/分 体动=0.000  音量=0% 灯=0%
  02:04:30  [入睡] 规律度=0.86 呼吸率= 15.0/分 体动=0.000  音量=0% 灯=0%
  02:04:35  [入睡] 规律度=0.87 呼吸率= 15.0/分 体动=0.000  音量=0% 灯=0%
  02:04:40  [入睡] 规律度=0.86 呼吸率= 15.0/分 体动=0.000  音量=0% 灯=0%
  02:04:45  [入睡] 规律度=0.86 呼吸率= 15.0/分 体动=0.000  音量=0% 灯=0%
  02:04:50  [入睡] 规律度=0.86 呼吸率= 15.0/分 体动=0.000  音量=0% 灯=0%
  02:04:55  [入睡] 规律度=0.86 呼吸率= 15.0/分 体动=0.000  音量=0% 灯=0%
  02:05:00  [入睡] 规律度=0.86 呼吸率= 15.0/分 体动=0.000  音量=0% 灯=0%
  02:05:05  [入睡] 规律度=0.86 呼吸率= 15.0/分 体动=0.000  音量=0% 灯=0%
  02:05:10  [入睡] 规律度=0.87 呼吸率= 15.0/分 体动=0.000  音量=0% 灯=0%
  02:05:15  [入睡] 规律度=0.87 呼吸率= 15.0/分 体动=0.000  音量=0% 灯=0%
[link] ↑ 上报入睡判定：已入睡 置信=100%  呼吸=15次/分
  02:05:20  [入睡] 规律度=0.87 呼吸率= 15.0/分 体动=0.000  音量=0% 灯=0%
  02:05:25  [入睡] 规律度=0.86 呼吸率= 15.0/分 体动=0.000  音量=0% 灯=0%
  02:05:30  [入睡] 规律度=0.86 呼吸率= 15.0/分 体动=0.000  音量=0% 灯=0%
  02:05:35  [入睡] 规律度=0.86 呼吸率= 15.0/分 体动=0.000  音量=0% 灯=0%
  02:05:40  [入睡] 规律度=0.87 呼吸率= 15.0/分 体动=0.000  音量=0% 灯=0%
  02:05:45  [入睡] 规律度=0.87 呼吸率= 15.0/分 体动=0.000  音量=0% 灯=0%
  02:05:50  [入睡] 规律度=0.86 呼吸率= 15.0/分 体动=0.000  音量=0% 灯=0%
  02:05:55  [入睡] 规律度=0.86 呼吸率= 15.0/分 体动=0.000  音量=0% 灯=0%
  02:06:00  [入睡] 规律度=0.87 呼吸率= 15.0/分 体动=0.000  音量=0% 灯=0%
  02:06:05  [入睡] 规律度=0.87 呼吸率= 15.0/分 体动=0.000  音量=0% 灯=0%
  02:06:10  [入睡] 规律度=0.86 呼吸率= 15.0/分 体动=0.000  音量=0% 灯=0%
  02:06:15  [入睡] 规律度=0.87 呼吸率= 15.0/分 体动=0.000  音量=0% 灯=0%
  02:06:20  [入睡] 规律度=0.86 呼吸率= 15.0/分 体动=0.000  音量=0% 灯=0%
  02:06:25  [入睡] 规律度=0.86 呼吸率= 15.0/分 体动=0.000  音量=0% 灯=0%
  02:06:30  [入睡] 规律度=0.87 呼吸率= 15.0/分 体动=0.000  音量=0% 灯=0%
  02:06:35  [入睡] 规律度=0.87 呼吸率= 15.0/分 体动=0.000  音量=0% 灯=0%
  02:06:40  [入睡] 规律度=0.87 呼吸率= 15.0/分 体动=0.000  音量=0% 灯=0%
  02:06:45  [入睡] 规律度=0.86 呼吸率= 15.0/分 体动=0.000  音量=0% 灯=0%
  02:06:50  [入睡] 规律度=0.86 呼吸率= 15.0/分 体动=0.000  音量=0% 灯=0%
  02:06:55  [入睡] 规律度=0.87 呼吸率= 15.0/分 体动=0.000  音量=0% 灯=0%
  02:07:00  [入睡] 规律度=0.87 呼吸率= 15.0/分 体动=0.000  音量=0% 灯=0%
  02:07:05  [入睡] 规律度=0.86 呼吸率= 15.0/分 体动=0.000  音量=0% 灯=0%
  02:07:10  [入睡] 规律度=0.87 呼吸率= 15.0/分 体动=0.000  音量=0% 灯=0%
  02:07:15  [入睡] 规律度=0.86 呼吸率= 15.0/分 体动=0.000  音量=0% 灯=0%
  02:07:20  [入睡] 规律度=0.86 呼吸率= 15.0/分 体动=0.000  音量=0% 灯=0%
  02:07:25  [入睡] 规律度=0.86 呼吸率= 15.0/分 体动=0.000  音量=0% 灯=0%
  02:07:30  [入睡] 规律度=0.86 呼吸率= 15.0/分 体动=0.000  音量=0% 灯=0%
  02:07:35  [入睡] 规律度=0.86 呼吸率= 15.0/分 体动=0.000  音量=0% 灯=0%
  02:07:40  [入睡] 规律度=0.86 呼吸率= 15.0/分 体动=0.000  音量=0% 灯=0%
  02:07:45  [入睡] 规律度=0.86 呼吸率= 15.0/分 体动=0.000  音量=0% 灯=0%
  02:07:50  [入睡] 规律度=0.86 呼吸率= 15.0/分 体动=0.000  音量=0% 灯=0%
  02:07:55  [入睡] 规律度=0.86 呼吸率= 15.0/分 体动=0.000  音量=0% 灯=0%
  02:08:00  [入睡] 规律度=0.86 呼吸率= 15.0/分 体动=0.000  音量=0% 灯=0%
  02:08:05  [入睡] 规律度=0.87 呼吸率= 15.0/分 体动=0.000  音量=0% 灯=0%
  02:08:10  [入睡] 规律度=0.86 呼吸率= 15.0/分 体动=0.000  音量=0% 灯=0%
  02:08:15  [入睡] 规律度=0.87 呼吸率= 15.0/分 体动=0.000  音量=0% 灯=0%
  02:08:20  [入睡] 规律度=0.87 呼吸率= 15.0/分 体动=0.000  音量=0% 灯=0%
  02:08:25  [入睡] 规律度=0.86 呼吸率= 15.0/分 体动=0.000  音量=0% 灯=0%
  02:08:30  [入睡] 规律度=0.87 呼吸率= 15.0/分 体动=0.000  音量=0% 灯=0%
  02:08:35  [入睡] 规律度=0.86 呼吸率= 15.0/分 体动=0.000  音量=0% 灯=0%
  02:08:40  [入睡] 规律度=0.87 呼吸率= 15.0/分 体动=0.000  音量=0% 灯=0%
  02:08:45  [入睡] 规律度=0.87 呼吸率= 15.0/分 体动=0.000  音量=0% 灯=0%
  02:08:50  [入睡] 规律度=0.86 呼吸率= 15.0/分 体动=0.000  音量=0% 灯=0%
  02:08:55  [入睡] 规律度=0.86 呼吸率= 15.0/分 体动=0.000  音量=0% 灯=0%
  02:09:00  [入睡] 规律度=0.86 呼吸率= 15.0/分 体动=0.000  音量=0% 灯=0%
  02:09:05  [入睡] 规律度=0.87 呼吸率= 15.0/分 体动=0.000  音量=0% 灯=0%
  02:09:10  [入睡] 规律度=0.87 呼吸率= 15.0/分 体动=0.000  音量=0% 灯=0%
  02:09:15  [入睡] 规律度=0.86 呼吸率= 15.0/分 体动=0.000  音量=0% 灯=0%
  02:09:20  [入睡] 规律度=0.86 呼吸率= 15.0/分 体动=0.000  音量=0% 灯=0%
  02:09:25  [入睡] 规律度=0.86 呼吸率= 15.0/分 体动=0.000  音量=0% 灯=0%
  02:09:30  [入睡] 规律度=0.87 呼吸率= 15.0/分 体动=0.000  音量=0% 灯=0%
  02:09:35  [入睡] 规律度=0.87 呼吸率= 15.0/分 体动=0.000  音量=0% 灯=0%
  02:09:40  [入睡] 规律度=0.87 呼吸率= 15.0/分 体动=0.000  音量=0% 灯=0%
  02:09:45  [入睡] 规律度=0.86 呼吸率= 15.0/分 体动=0.000  音量=0% 灯=0%
  02:09:50  [入睡] 规律度=0.86 呼吸率= 15.0/分 体动=0.000  音量=0% 灯=0%
  02:09:55  [入睡] 规律度=0.86 呼吸率= 15.0/分 体动=0.000  音量=0% 灯=0%
  02:10:00  [入睡] 规律度=0.87 呼吸率= 15.0/分 体动=0.000  音量=0% 灯=0%
  02:10:05  [入睡] 规律度=0.86 呼吸率= 15.0/分 体动=0.000  音量=0% 灯=0%
  02:10:10  [入睡] 规律度=0.86 呼吸率= 15.0/分 体动=0.000  音量=0% 灯=0%
  02:10:15  [入睡] 规律度=0.86 呼吸率= 15.0/分 体动=0.000  音量=0% 灯=0%
[link] ↑ 上报入睡判定：已入睡 置信=100%  呼吸=15次/分
  02:10:20  [入睡] 规律度=0.87 呼吸率= 15.0/分 体动=0.000  音量=0% 灯=0%
  02:10:25  [入睡] 规律度=0.87 呼吸率= 15.0/分 体动=0.000  音量=0% 灯=0%
  02:10:30  [入睡] 规律度=0.86 呼吸率= 15.0/分 体动=0.000  音量=0% 灯=0%
  02:10:35  [入睡] 规律度=0.86 呼吸率= 15.0/分 体动=0.000  音量=0% 灯=0%
  02:10:40  [入睡] 规律度=0.86 呼吸率= 15.0/分 体动=0.000  音量=0% 灯=0%
  02:10:45  [入睡] 规律度=0.87 呼吸率= 15.0/分 体动=0.000  音量=0% 灯=0%
  02:10:50  [入睡] 规律度=0.86 呼吸率= 15.0/分 体动=0.000  音量=0% 灯=0%
  02:10:55  [入睡] 规律度=0.87 呼吸率= 15.0/分 体动=0.000  音量=0% 灯=0%
  02:11:00  [入睡] 规律度=0.86 呼吸率= 15.0/分 体动=0.000  音量=0% 灯=0%
  02:11:05  [入睡] 规律度=0.87 呼吸率= 15.0/分 体动=0.000  音量=0% 灯=0%
  02:11:10  [入睡] 规律度=0.86 呼吸率= 15.0/分 体动=0.000  音量=0% 灯=0%
  02:11:15  [入睡] 规律度=0.87 呼吸率= 15.0/分 体动=0.000  音量=0% 灯=0%
  02:11:20  [入睡] 规律度=0.86 呼吸率= 15.0/分 体动=0.000  音量=0% 灯=0%
  02:11:25  [入睡] 规律度=0.86 呼吸率= 15.0/分 体动=0.000  音量=0% 灯=0%
  02:11:30  [入睡] 规律度=0.86 呼吸率= 15.0/分 体动=0.000  音量=0% 灯=0%
  02:11:35  [入睡] 规律度=0.87 呼吸率= 15.0/分 体动=0.000  音量=0% 灯=0%
  02:11:40  [入睡] 规律度=0.86 呼吸率= 15.0/分 体动=0.000  音量=0% 灯=0%
  02:11:45  [入睡] 规律度=0.86 呼吸率= 15.0/分 体动=0.000  音量=0% 灯=0%
  02:11:50  [入睡] 规律度=0.87 呼吸率= 15.0/分 体动=0.000  音量=0% 灯=0%
  02:11:55  [入睡] 规律度=0.86 呼吸率= 15.0/分 体动=0.000  音量=0% 灯=0%
  02:12:00  [入睡] 规律度=0.87 呼吸率= 15.0/分 体动=0.000  音量=0% 灯=0%
  02:12:05  [入睡] 规律度=0.86 呼吸率= 15.0/分 体动=0.000  音量=0% 灯=0%
  02:12:10  [入睡] 规律度=0.86 呼吸率= 15.0/分 体动=0.000  音量=0% 灯=0%
  02:12:15  [入睡] 规律度=0.87 呼吸率= 15.0/分 体动=0.000  音量=0% 灯=0%
  02:12:20  [入睡] 规律度=0.86 呼吸率= 15.0/分 体动=0.000  音量=0% 灯=0%
  02:12:25  [入睡] 规律度=0.87 呼吸率= 15.0/分 体动=0.000  音量=0% 灯=0%
  02:12:30  [入睡] 规律度=0.86 呼吸率= 15.0/分 体动=0.000  音量=0% 灯=0%
  02:12:35  [入睡] 规律度=0.86 呼吸率= 15.0/分 体动=0.000  音量=0% 灯=0%
  02:12:40  [入睡] 规律度=0.86 呼吸率= 15.0/分 体动=0.000  音量=0% 灯=0%
  02:12:45  [入睡] 规律度=0.87 呼吸率= 15.0/分 体动=0.000  音量=0% 灯=0%
  02:12:50  [入睡] 规律度=0.87 呼吸率= 15.0/分 体动=0.000  音量=0% 灯=0%
  02:12:55  [入睡] 规律度=0.86 呼吸率= 15.0/分 体动=0.000  音量=0% 灯=0%
  02:13:00  [入睡] 规律度=0.86 呼吸率= 15.0/分 体动=0.000  音量=0% 灯=0%
  02:13:05  [入睡] 规律度=0.86 呼吸率= 15.0/分 体动=0.000  音量=0% 灯=0%
  02:13:10  [入睡] 规律度=0.86 呼吸率= 15.0/分 体动=0.000  音量=0% 灯=0%
  02:13:15  [入睡] 规律度=0.87 呼吸率= 15.0/分 体动=0.000  音量=0% 灯=0%
  02:13:20  [入睡] 规律度=0.86 呼吸率= 15.0/分 体动=0.000  音量=0% 灯=0%
  02:13:25  [入睡] 规律度=0.86 呼吸率= 15.0/分 体动=0.000  音量=0% 灯=0%
  02:13:30  [入睡] 规律度=0.86 呼吸率= 15.0/分 体动=0.000  音量=0% 灯=0%
  02:13:35  [入睡] 规律度=0.86 呼吸率= 15.0/分 体动=0.000  音量=0% 灯=0%
  02:13:40  [入睡] 规律度=0.87 呼吸率= 15.0/分 体动=0.000  音量=0% 灯=0%
  02:13:45  [入睡] 规律度=0.86 呼吸率= 15.0/分 体动=0.000  音量=0% 灯=0%
  02:13:50  [入睡] 规律度=0.86 呼吸率= 15.0/分 体动=0.000  音量=0% 灯=0%
  02:13:55  [入睡] 规律度=0.86 呼吸率= 15.0/分 体动=0.000  音量=0% 灯=0%
  02:14:00  [入睡] 规律度=0.86 呼吸率= 15.0/分 体动=0.000  音量=0% 灯=0%
  02:14:05  [入睡] 规律度=0.86 呼吸率= 15.0/分 体动=0.000  音量=0% 灯=0%
  02:14:10  [入睡] 规律度=0.87 呼吸率= 15.0/分 体动=0.000  音量=0% 灯=0%
  02:14:15  [入睡] 规律度=0.86 呼吸率= 15.0/分 体动=0.000  音量=0% 灯=0%
  02:14:20  [入睡] 规律度=0.87 呼吸率= 15.0/分 体动=0.000  音量=0% 灯=0%
  02:14:25  [入睡] 规律度=0.87 呼吸率= 15.0/分 体动=0.000  音量=0% 灯=0%
  02:14:30  [入睡] 规律度=0.86 呼吸率= 15.0/分 体动=0.000  音量=0% 灯=0%
  02:14:35  [入睡] 规律度=0.86 呼吸率= 15.0/分 体动=0.000  音量=0% 灯=0%
  02:14:40  [入睡] 规律度=0.86 呼吸率= 15.0/分 体动=0.000  音量=0% 灯=0%
  02:14:45  [入睡] 规律度=0.86 呼吸率= 15.0/分 体动=0.000  音量=0% 灯=0%
  02:14:50  [入睡] 规律度=0.87 呼吸率= 15.0/分 体动=0.000  音量=0% 灯=0%
  02:14:55  [入睡] 规律度=0.86 呼吸率= 15.0/分 体动=0.000  音量=0% 灯=0%
  02:15:00  [入睡] 规律度=0.87 呼吸率= 15.0/分 体动=0.000  音量=0% 灯=0%
  02:15:05  [入睡] 规律度=0.87 呼吸率= 15.0/分 体动=0.000  音量=0% 灯=0%
  02:15:10  [入睡] 规律度=0.86 呼吸率= 15.0/分 体动=0.000  音量=0% 灯=0%
  02:15:15  [入睡] 规律度=0.87 呼吸率= 15.0/分 体动=0.000  音量=0% 灯=0%
[link] ↑ 上报入睡判定：已入睡 置信=100%  呼吸=15次/分
  02:15:20  [入睡] 规律度=0.86 呼吸率= 15.0/分 体动=0.000  音量=0% 灯=0%
  02:15:25  [入睡] 规律度=0.87 呼吸率= 15.0/分 体动=0.000  音量=0% 灯=0%
  02:15:30  [入睡] 规律度=0.86 呼吸率= 15.0/分 体动=0.000  音量=0% 灯=0%
  02:15:35  [入睡] 规律度=0.87 呼吸率= 15.0/分 体动=0.000  音量=0% 灯=0%
  02:15:40  [入睡] 规律度=0.86 呼吸率= 15.0/分 体动=0.000  音量=0% 灯=0%
  02:15:45  [入睡] 规律度=0.87 呼吸率= 15.0/分 体动=0.000  音量=0% 灯=0%
  02:15:50  [入睡] 规律度=0.87 呼吸率= 15.0/分 体动=0.000  音量=0% 灯=0%
  02:15:55  [入睡] 规律度=0.86 呼吸率= 15.0/分 体动=0.000  音量=0% 灯=0%
  02:16:00  [入睡] 规律度=0.86 呼吸率= 15.0/分 体动=0.000  音量=0% 灯=0%
  02:16:05  [入睡] 规律度=0.86 呼吸率= 15.0/分 体动=0.000  音量=0% 灯=0%
  02:16:10  [入睡] 规律度=0.87 呼吸率= 15.0/分 体动=0.000  音量=0% 灯=0%
  02:16:15  [入睡] 规律度=0.86 呼吸率= 15.0/分 体动=0.000  音量=0% 灯=0%
  02:16:20  [入睡] 规律度=0.87 呼吸率= 15.0/分 体动=0.000  音量=0% 灯=0%
  02:16:25  [入睡] 规律度=0.87 呼吸率= 15.0/分 体动=0.000  音量=0% 灯=0%
  02:16:30  [入睡] 规律度=0.86 呼吸率= 15.0/分 体动=0.000  音量=0% 灯=0%
  02:16:35  [入睡] 规律度=0.86 呼吸率= 15.0/分 体动=0.000  音量=0% 灯=0%
  02:16:40  [入睡] 规律度=0.86 呼吸率= 15.0/分 体动=0.000  音量=0% 灯=0%
  02:16:45  [入睡] 规律度=0.87 呼吸率= 15.0/分 体动=0.000  音量=0% 灯=0%
  02:16:50  [入睡] 规律度=0.86 呼吸率= 15.0/分 体动=0.000  音量=0% 灯=0%
  02:16:55  [入睡] 规律度=0.86 呼吸率= 15.0/分 体动=0.000  音量=0% 灯=0%
  02:17:00  [入睡] 规律度=0.86 呼吸率= 15.0/分 体动=0.000  音量=0% 灯=0%
  02:17:05  [入睡] 规律度=0.86 呼吸率= 15.0/分 体动=0.000  音量=0% 灯=0%
  02:17:10  [入睡] 规律度=0.87 呼吸率= 15.0/分 体动=0.000  音量=0% 灯=0%
  02:17:15  [入睡] 规律度=0.86 呼吸率= 15.0/分 体动=0.000  音量=0% 灯=0%
  02:17:20  [入睡] 规律度=0.87 呼吸率= 15.0/分 体动=0.000  音量=0% 灯=0%
  02:17:25  [入睡] 规律度=0.86 呼吸率= 15.0/分 体动=0.000  音量=0% 灯=0%
  02:17:30  [入睡] 规律度=0.86 呼吸率= 15.0/分 体动=0.000  音量=0% 灯=0%
  02:17:35  [入睡] 规律度=0.87 呼吸率= 15.0/分 体动=0.000  音量=0% 灯=0%
  02:17:40  [入睡] 规律度=0.86 呼吸率= 15.0/分 体动=0.000  音量=0% 灯=0%
  02:17:45  [入睡] 规律度=0.87 呼吸率= 15.0/分 体动=0.000  音量=0% 灯=0%
  02:17:50  [入睡] 规律度=0.87 呼吸率= 15.0/分 体动=0.000  音量=0% 灯=0%
  02:17:55  [入睡] 规律度=0.86 呼吸率= 15.0/分 体动=0.000  音量=0% 灯=0%
  02:18:00  [入睡] 规律度=0.86 呼吸率= 15.0/分 体动=0.000  音量=0% 灯=0%
  02:18:05  [入睡] 规律度=0.86 呼吸率= 15.0/分 体动=0.000  音量=0% 灯=0%
  02:18:10  [入睡] 规律度=0.87 呼吸率= 15.0/分 体动=0.000  音量=0% 灯=0%
  02:18:15  [入睡] 规律度=0.86 呼吸率= 15.0/分 体动=0.000  音量=0% 灯=0%
  02:18:20  [入睡] 规律度=0.86 呼吸率= 15.0/分 体动=0.000  音量=0% 灯=0%
  02:18:25  [入睡] 规律度=0.87 呼吸率= 15.0/分 体动=0.000  音量=0% 灯=0%
  02:18:30  [入睡] 规律度=0.86 呼吸率= 15.0/分 体动=0.000  音量=0% 灯=0%
  02:18:35  [入睡] 规律度=0.87 呼吸率= 15.0/分 体动=0.000  音量=0% 灯=0%
  02:18:40  [入睡] 规律度=0.86 呼吸率= 15.0/分 体动=0.000  音量=0% 灯=0%
  02:18:45  [入睡] 规律度=0.86 呼吸率= 15.0/分 体动=0.000  音量=0% 灯=0%
  02:18:50  [入睡] 规律度=0.87 呼吸率= 15.0/分 体动=0.000  音量=0% 灯=0%
  02:18:55  [入睡] 规律度=0.86 呼吸率= 15.0/分 体动=0.000  音量=0% 灯=0%
  02:19:00  [入睡] 规律度=0.86 呼吸率= 15.0/分 体动=0.000  音量=0% 灯=0%
  02:19:05  [入睡] 规律度=0.87 呼吸率= 15.0/分 体动=0.000  音量=0% 灯=0%
  02:19:10  [入睡] 规律度=0.86 呼吸率= 15.0/分 体动=0.000  音量=0% 灯=0%
  02:19:15  [入睡] 规律度=0.86 呼吸率= 15.0/分 体动=0.000  音量=0% 灯=0%
  02:19:20  [入睡] 规律度=0.87 呼吸率= 15.0/分 体动=0.000  音量=0% 灯=0%
  02:19:25  [入睡] 规律度=0.87 呼吸率= 15.0/分 体动=0.000  音量=0% 灯=0%
  02:19:30  [入睡] 规律度=0.87 呼吸率= 15.0/分 体动=0.000  音量=0% 灯=0%
  02:19:35  [入睡] 规律度=0.86 呼吸率= 15.0/分 体动=0.000  音量=0% 灯=0%
  02:19:40  [入睡] 规律度=0.86 呼吸率= 15.0/分 体动=0.000  音量=0% 灯=0%
  02:19:45  [入睡] 规律度=0.86 呼吸率= 15.0/分 体动=0.000  音量=0% 灯=0%
  02:19:50  [入睡] 规律度=0.86 呼吸率= 15.0/分 体动=0.000  音量=0% 灯=0%
  02:19:55  [入睡] 规律度=0.86 呼吸率= 15.0/分 体动=0.000  音量=0% 灯=0%
  02:20:00  [入睡] 规律度=0.87 呼吸率= 15.0/分 体动=0.000  音量=0% 灯=0%
  02:20:05  [入睡] 规律度=0.86 呼吸率= 15.0/分 体动=0.000  音量=0% 灯=0%
  02:20:10  [入睡] 规律度=0.86 呼吸率= 15.0/分 体动=0.000  音量=0% 灯=0%
  02:20:15  [入睡] 规律度=0.86 呼吸率= 15.0/分 体动=0.000  音量=0% 灯=0%
[link] ↑ 上报入睡判定：已入睡 置信=100%  呼吸=15次/分
  02:20:20  [入睡] 规律度=0.86 呼吸率= 15.0/分 体动=0.000  音量=0% 灯=0%
  02:20:25  [入睡] 规律度=0.87 呼吸率= 15.0/分 体动=0.000  音量=0% 灯=0%
  02:20:30  [入睡] 规律度=0.86 呼吸率= 15.0/分 体动=0.000  音量=0% 灯=0%
  02:20:35  [入睡] 规律度=0.87 呼吸率= 15.0/分 体动=0.000  音量=0% 灯=0%
  02:20:40  [入睡] 规律度=0.86 呼吸率= 15.0/分 体动=0.000  音量=0% 灯=0%
  02:20:45  [入睡] 规律度=0.86 呼吸率= 15.0/分 体动=0.000  音量=0% 灯=0%
  02:20:50  [入睡] 规律度=0.86 呼吸率= 15.0/分 体动=0.000  音量=0% 灯=0%
  02:20:55  [入睡] 规律度=0.86 呼吸率= 15.0/分 体动=0.000  音量=0% 灯=0%
  02:21:00  [入睡] 规律度=0.86 呼吸率= 15.0/分 体动=0.000  音量=0% 灯=0%
  02:21:05  [入睡] 规律度=0.86 呼吸率= 15.0/分 体动=0.000  音量=0% 灯=0%
  02:21:10  [入睡] 规律度=0.87 呼吸率= 15.0/分 体动=0.000  音量=0% 灯=0%
  02:21:15  [入睡] 规律度=0.87 呼吸率= 15.0/分 体动=0.000  音量=0% 灯=0%
  02:21:20  [入睡] 规律度=0.86 呼吸率= 15.0/分 体动=0.000  音量=0% 灯=0%
  02:21:25  [入睡] 规律度=0.87 呼吸率= 15.0/分 体动=0.000  音量=0% 灯=0%
  02:21:30  [入睡] 规律度=0.86 呼吸率= 15.0/分 体动=0.000  音量=0% 灯=0%
  02:21:35  [入睡] 规律度=0.86 呼吸率= 15.0/分 体动=0.000  音量=0% 灯=0%
  02:21:40  [入睡] 规律度=0.86 呼吸率= 15.0/分 体动=0.000  音量=0% 灯=0%
  02:21:45  [入睡] 规律度=0.86 呼吸率= 15.0/分 体动=0.000  音量=0% 灯=0%
  02:21:50  [入睡] 规律度=0.87 呼吸率= 15.0/分 体动=0.000  音量=0% 灯=0%
  02:21:55  [入睡] 规律度=0.87 呼吸率= 15.0/分 体动=0.000  音量=0% 灯=0%
  02:22:00  [入睡] 规律度=0.87 呼吸率= 15.0/分 体动=0.000  音量=0% 灯=0%
  02:22:05  [入睡] 规律度=0.86 呼吸率= 15.0/分 体动=0.000  音量=0% 灯=0%
  02:22:10  [入睡] 规律度=0.86 呼吸率= 15.0/分 体动=0.000  音量=0% 灯=0%
  02:22:15  [入睡] 规律度=0.86 呼吸率= 15.0/分 体动=0.000  音量=0% 灯=0%
  02:22:20  [入睡] 规律度=0.87 呼吸率= 15.0/分 体动=0.000  音量=0% 灯=0%
  02:22:25  [入睡] 规律度=0.87 呼吸率= 15.0/分 体动=0.000  音量=0% 灯=0%
  02:22:30  [入睡] 规律度=0.86 呼吸率= 15.0/分 体动=0.000  音量=0% 灯=0%
  02:22:35  [入睡] 规律度=0.86 呼吸率= 15.0/分 体动=0.000  音量=0% 灯=0%
  02:22:40  [入睡] 规律度=0.86 呼吸率= 15.0/分 体动=0.000  音量=0% 灯=0%
  02:22:45  [入睡] 规律度=0.87 呼吸率= 15.0/分 体动=0.000  音量=0% 灯=0%
  02:22:50  [入睡] 规律度=0.87 呼吸率= 15.0/分 体动=0.000  音量=0% 灯=0%
  02:22:55  [入睡] 规律度=0.86 呼吸率= 15.0/分 体动=0.000  音量=0% 灯=0%
  02:23:00  [入睡] 规律度=0.86 呼吸率= 15.0/分 体动=0.000  音量=0% 灯=0%
  02:23:05  [入睡] 规律度=0.86 呼吸率= 15.0/分 体动=0.000  音量=0% 灯=0%
  02:23:10  [入睡] 规律度=0.87 呼吸率= 15.0/分 体动=0.000  音量=0% 灯=0%
  02:23:15  [入睡] 规律度=0.86 呼吸率= 15.0/分 体动=0.000  音量=0% 灯=0%
  02:23:20  [入睡] 规律度=0.86 呼吸率= 15.0/分 体动=0.000  音量=0% 灯=0%
  02:23:25  [入睡] 规律度=0.86 呼吸率= 15.0/分 体动=0.000  音量=0% 灯=0%
  02:23:30  [入睡] 规律度=0.86 呼吸率= 15.0/分 体动=0.000  音量=0% 灯=0%
  02:23:35  [入睡] 规律度=0.86 呼吸率= 15.0/分 体动=0.000  音量=0% 灯=0%
  02:23:40  [入睡] 规律度=0.87 呼吸率= 15.0/分 体动=0.000  音量=0% 灯=0%
  02:23:45  [入睡] 规律度=0.87 呼吸率= 15.0/分 体动=0.000  音量=0% 灯=0%
  02:23:50  [入睡] 规律度=0.86 呼吸率= 15.0/分 体动=0.000  音量=0% 灯=0%
  02:23:55  [入睡] 规律度=0.86 呼吸率= 15.0/分 体动=0.000  音量=0% 灯=0%
  02:24:00  [入睡] 规律度=0.86 呼吸率= 15.0/分 体动=0.000  音量=0% 灯=0%
  02:24:05  [入睡] 规律度=0.86 呼吸率= 15.0/分 体动=0.000  音量=0% 灯=0%
  02:24:10  [入睡] 规律度=0.86 呼吸率= 15.0/分 体动=0.000  音量=0% 灯=0%
  02:24:15  [入睡] 规律度=0.86 呼吸率= 15.0/分 体动=0.000  音量=0% 灯=0%
  02:24:20  [入睡] 规律度=0.86 呼吸率= 15.0/分 体动=0.000  音量=0% 灯=0%
  02:24:25  [入睡] 规律度=0.87 呼吸率= 15.0/分 体动=0.000  音量=0% 灯=0%
  02:24:30  [入睡] 规律度=0.86 呼吸率= 15.0/分 体动=0.000  音量=0% 灯=0%
  02:24:35  [入睡] 规律度=0.86 呼吸率= 15.0/分 体动=0.000  音量=0% 灯=0%
  02:24:40  [入睡] 规律度=0.86 呼吸率= 15.0/分 体动=0.000  音量=0% 灯=0%
  02:24:45  [入睡] 规律度=0.86 呼吸率= 15.0/分 体动=0.000  音量=0% 灯=0%
  02:24:50  [入睡] 规律度=0.87 呼吸率= 15.0/分 体动=0.000  音量=0% 灯=0%
  02:24:55  [入睡] 规律度=0.86 呼吸率= 15.0/分 体动=0.000  音量=0% 灯=0%
  02:25:00  [入睡] 规律度=0.86 呼吸率= 15.0/分 体动=0.000  音量=0% 灯=0%
  02:25:05  [入睡] 规律度=0.87 呼吸率= 15.0/分 体动=0.000  音量=0% 灯=0%
  02:25:10  [入睡] 规律度=0.86 呼吸率= 15.0/分 体动=0.000  音量=0% 灯=0%
  02:25:15  [入睡] 规律度=0.86 呼吸率= 15.0/分 体动=0.000  音量=0% 灯=0%
[link] ↑ 上报入睡判定：已入睡 置信=100%  呼吸=15次/分
  02:25:20  [入睡] 规律度=0.87 呼吸率= 15.0/分 体动=0.000  音量=0% 灯=0%
  02:25:25  [入睡] 规律度=0.87 呼吸率= 15.0/分 体动=0.000  音量=0% 灯=0%
  02:25:30  [入睡] 规律度=0.87 呼吸率= 15.0/分 体动=0.000  音量=0% 灯=0%
  02:25:35  [入睡] 规律度=0.86 呼吸率= 15.0/分 体动=0.000  音量=0% 灯=0%
  02:25:40  [入睡] 规律度=0.86 呼吸率= 15.0/分 体动=0.000  音量=0% 灯=0%
  02:25:45  [入睡] 规律度=0.87 呼吸率= 15.0/分 体动=0.000  音量=0% 灯=0%
  02:25:50  [入睡] 规律度=0.86 呼吸率= 15.0/分 体动=0.000  音量=0% 灯=0%
  02:25:55  [入睡] 规律度=0.87 呼吸率= 15.0/分 体动=0.000  音量=0% 灯=0%
  02:26:00  [入睡] 规律度=0.86 呼吸率= 15.0/分 体动=0.000  音量=0% 灯=0%
  02:26:05  [入睡] 规律度=0.86 呼吸率= 15.0/分 体动=0.000  音量=0% 灯=0%
  02:26:10  [入睡] 规律度=0.87 呼吸率= 15.0/分 体动=0.000  音量=0% 灯=0%
  02:26:15  [入睡] 规律度=0.86 呼吸率= 15.0/分 体动=0.000  音量=0% 灯=0%
  02:26:20  [入睡] 规律度=0.86 呼吸率= 15.0/分 体动=0.000  音量=0% 灯=0%
  02:26:25  [入睡] 规律度=0.87 呼吸率= 15.0/分 体动=0.000  音量=0% 灯=0%
  02:26:30  [入睡] 规律度=0.87 呼吸率= 15.0/分 体动=0.000  音量=0% 灯=0%
  02:26:35  [入睡] 规律度=0.86 呼吸率= 15.0/分 体动=0.000  音量=0% 灯=0%
  02:26:40  [入睡] 规律度=0.86 呼吸率= 15.0/分 体动=0.000  音量=0% 灯=0%
  02:26:45  [入睡] 规律度=0.86 呼吸率= 15.0/分 体动=0.000  音量=0% 灯=0%
  02:26:50  [入睡] 规律度=0.86 呼吸率= 15.0/分 体动=0.000  音量=0% 灯=0%
  02:26:55  [入睡] 规律度=0.86 呼吸率= 15.0/分 体动=0.000  音量=0% 灯=0%
  02:27:00  [入睡] 规律度=0.87 呼吸率= 15.0/分 体动=0.000  音量=0% 灯=0%
  02:27:05  [入睡] 规律度=0.87 呼吸率= 15.0/分 体动=0.000  音量=0% 灯=0%
  02:27:10  [入睡] 规律度=0.86 呼吸率= 15.0/分 体动=0.000  音量=0% 灯=0%
  02:27:15  [入睡] 规律度=0.86 呼吸率= 15.0/分 体动=0.000  音量=0% 灯=0%
  02:27:20  [入睡] 规律度=0.87 呼吸率= 15.0/分 体动=0.000  音量=0% 灯=0%
  02:27:25  [入睡] 规律度=0.87 呼吸率= 15.0/分 体动=0.000  音量=0% 灯=0%
  02:27:30  [入睡] 规律度=0.86 呼吸率= 15.0/分 体动=0.000  音量=0% 灯=0%
  02:27:35  [入睡] 规律度=0.86 呼吸率= 15.0/分 体动=0.000  音量=0% 灯=0%
  02:27:40  [入睡] 规律度=0.86 呼吸率= 15.0/分 体动=0.000  音量=0% 灯=0%
  02:27:45  [入睡] 规律度=0.86 呼吸率= 15.0/分 体动=0.000  音量=0% 灯=0%
  02:27:50  [入睡] 规律度=0.86 呼吸率= 15.0/分 体动=0.000  音量=0% 灯=0%
  02:27:55  [入睡] 规律度=0.87 呼吸率= 15.0/分 体动=0.000  音量=0% 灯=0%
  02:28:00  [入睡] 规律度=0.86 呼吸率= 15.0/分 体动=0.000  音量=0% 灯=0%
  02:28:05  [入睡] 规律度=0.86 呼吸率= 15.0/分 体动=0.000  音量=0% 灯=0%
  02:28:10  [入睡] 规律度=0.86 呼吸率= 15.0/分 体动=0.000  音量=0% 灯=0%
  02:28:15  [入睡] 规律度=0.86 呼吸率= 15.0/分 体动=0.000  音量=0% 灯=0%
  02:28:20  [入睡] 规律度=0.87 呼吸率= 15.0/分 体动=0.000  音量=0% 灯=0%
  02:28:25  [入睡] 规律度=0.86 呼吸率= 15.0/分 体动=0.000  音量=0% 灯=0%
  02:28:30  [入睡] 规律度=0.86 呼吸率= 15.0/分 体动=0.000  音量=0% 灯=0%
  02:28:35  [入睡] 规律度=0.86 呼吸率= 15.0/分 体动=0.000  音量=0% 灯=0%
  02:28:40  [入睡] 规律度=0.87 呼吸率= 15.0/分 体动=0.000  音量=0% 灯=0%
  02:28:45  [入睡] 规律度=0.87 呼吸率= 15.0/分 体动=0.000  音量=0% 灯=0%
  02:28:50  [入睡] 规律度=0.86 呼吸率= 15.0/分 体动=0.000  音量=0% 灯=0%
  02:28:55  [入睡] 规律度=0.86 呼吸率= 15.0/分 体动=0.000  音量=0% 灯=0%
  02:29:00  [入睡] 规律度=0.86 呼吸率= 15.0/分 体动=0.000  音量=0% 灯=0%
  02:29:05  [入睡] 规律度=0.86 呼吸率= 15.0/分 体动=0.000  音量=0% 灯=0%
  02:29:10  [入睡] 规律度=0.87 呼吸率= 15.0/分 体动=0.000  音量=0% 灯=0%
  02:29:15  [入睡] 规律度=0.87 呼吸率= 15.0/分 体动=0.000  音量=0% 灯=0%
  02:29:20  [入睡] 规律度=0.86 呼吸率= 15.0/分 体动=0.000  音量=0% 灯=0%
  02:29:25  [入睡] 规律度=0.87 呼吸率= 15.0/分 体动=0.000  音量=0% 灯=0%
  02:29:30  [入睡] 规律度=0.87 呼吸率= 15.0/分 体动=0.000  音量=0% 灯=0%
  02:29:35  [入睡] 规律度=0.86 呼吸率= 15.0/分 体动=0.000  音量=0% 灯=0%
  02:29:40  [入睡] 规律度=0.87 呼吸率= 15.0/分 体动=0.000  音量=0% 灯=0%
  02:29:45  [入睡] 规律度=0.86 呼吸率= 15.0/分 体动=0.000  音量=0% 灯=0%
  02:29:50  [入睡] 规律度=0.86 呼吸率= 15.0/分 体动=0.000  音量=0% 灯=0%
  02:29:55  [入睡] 规律度=0.86 呼吸率= 15.0/分 体动=0.000  音量=0% 灯=0%
  02:30:00  [入睡] 规律度=0.86 呼吸率= 15.0/分 体动=0.000  音量=0% 灯=0%
  02:30:05  [入睡] 规律度=0.86 呼吸率= 15.0/分 体动=0.000  音量=0% 灯=0%
  02:30:10  [入睡] 规律度=0.86 呼吸率= 15.0/分 体动=0.000  音量=0% 灯=0%
  02:30:15  [入睡] 规律度=0.87 呼吸率= 15.0/分 体动=0.000  音量=0% 灯=0%
[link] ↑ 上报入睡判定：已入睡 置信=100%  呼吸=15次/分
  02:30:20  [入睡] 规律度=0.86 呼吸率= 15.0/分 体动=0.000  音量=0% 灯=0%
  02:30:25  [入睡] 规律度=0.87 呼吸率= 15.0/分 体动=0.000  音量=0% 灯=0%
  02:30:30  [入睡] 规律度=0.87 呼吸率= 15.0/分 体动=0.000  音量=0% 灯=0%
  02:30:35  [入睡] 规律度=0.87 呼吸率= 15.0/分 体动=0.000  音量=0% 灯=0%
  02:30:40  [入睡] 规律度=0.86 呼吸率= 15.0/分 体动=0.000  音量=0% 灯=0%
  02:30:45  [入睡] 规律度=0.86 呼吸率= 15.0/分 体动=0.000  音量=0% 灯=0%
  02:30:50  [入睡] 规律度=0.86 呼吸率= 15.0/分 体动=0.000  音量=0% 灯=0%
  02:30:55  [入睡] 规律度=0.86 呼吸率= 15.0/分 体动=0.000  音量=0% 灯=0%
  02:31:00  [入睡] 规律度=0.87 呼吸率= 15.0/分 体动=0.000  音量=0% 灯=0%
  02:31:05  [入睡] 规律度=0.87 呼吸率= 15.0/分 体动=0.000  音量=0% 灯=0%
  02:31:10  [入睡] 规律度=0.87 呼吸率= 15.0/分 体动=0.000  音量=0% 灯=0%
  02:31:15  [入睡] 规律度=0.86 呼吸率= 15.0/分 体动=0.000  音量=0% 灯=0%
  02:31:20  [入睡] 规律度=0.86 呼吸率= 15.0/分 体动=0.000  音量=0% 灯=0%
  02:31:25  [入睡] 规律度=0.87 呼吸率= 15.0/分 体动=0.000  音量=0% 灯=0%
  02:31:30  [入睡] 规律度=0.87 呼吸率= 15.0/分 体动=0.000  音量=0% 灯=0%
  02:31:35  [入睡] 规律度=0.86 呼吸率= 15.0/分 体动=0.000  音量=0% 灯=0%
  02:31:40  [入睡] 规律度=0.86 呼吸率= 15.0/分 体动=0.000  音量=0% 灯=0%
  02:31:45  [入睡] 规律度=0.86 呼吸率= 15.0/分 体动=0.000  音量=0% 灯=0%
  02:31:50  [入睡] 规律度=0.86 呼吸率= 15.0/分 体动=0.000  音量=0% 灯=0%
  02:31:55  [入睡] 规律度=0.86 呼吸率= 15.0/分 体动=0.000  音量=0% 灯=0%
  02:32:00  [入睡] 规律度=0.87 呼吸率= 15.0/分 体动=0.000  音量=0% 灯=0%
  02:32:05  [入睡] 规律度=0.87 呼吸率= 15.0/分 体动=0.000  音量=0% 灯=0%
  02:32:10  [入睡] 规律度=0.86 呼吸率= 15.0/分 体动=0.000  音量=0% 灯=0%
  02:32:15  [入睡] 规律度=0.86 呼吸率= 15.0/分 体动=0.000  音量=0% 灯=0%
  02:32:20  [入睡] 规律度=0.87 呼吸率= 15.0/分 体动=0.000  音量=0% 灯=0%
  02:32:25  [入睡] 规律度=0.86 呼吸率= 15.0/分 体动=0.000  音量=0% 灯=0%
  02:32:30  [入睡] 规律度=0.87 呼吸率= 15.0/分 体动=0.000  音量=0% 灯=0%
  02:32:35  [入睡] 规律度=0.86 呼吸率= 15.0/分 体动=0.000  音量=0% 灯=0%
  02:32:40  [入睡] 规律度=0.86 呼吸率= 15.0/分 体动=0.000  音量=0% 灯=0%
  02:32:45  [入睡] 规律度=0.87 呼吸率= 15.0/分 体动=0.000  音量=0% 灯=0%
  02:32:50  [入睡] 规律度=0.86 呼吸率= 15.0/分 体动=0.000  音量=0% 灯=0%
  02:32:55  [入睡] 规律度=0.86 呼吸率= 15.0/分 体动=0.000  音量=0% 灯=0%
  02:33:00  [入睡] 规律度=0.87 呼吸率= 15.0/分 体动=0.000  音量=0% 灯=0%
  02:33:05  [入睡] 规律度=0.86 呼吸率= 15.0/分 体动=0.000  音量=0% 灯=0%
  02:33:10  [入睡] 规律度=0.86 呼吸率= 15.0/分 体动=0.000  音量=0% 灯=0%
  02:33:15  [入睡] 规律度=0.86 呼吸率= 15.0/分 体动=0.000  音量=0% 灯=0%
  02:33:20  [入睡] 规律度=0.86 呼吸率= 15.0/分 体动=0.000  音量=0% 灯=0%
  02:33:25  [入睡] 规律度=0.87 呼吸率= 15.0/分 体动=0.000  音量=0% 灯=0%
  02:33:30  [入睡] 规律度=0.86 呼吸率= 15.0/分 体动=0.000  音量=0% 灯=0%
  02:33:35  [入睡] 规律度=0.87 呼吸率= 15.0/分 体动=0.000  音量=0% 灯=0%
  02:33:40  [入睡] 规律度=0.87 呼吸率= 15.0/分 体动=0.000  音量=0% 灯=0%
  02:33:45  [入睡] 规律度=0.86 呼吸率= 15.0/分 体动=0.000  音量=0% 灯=0%
  02:33:50  [入睡] 规律度=0.87 呼吸率= 15.0/分 体动=0.000  音量=0% 灯=0%
  02:33:55  [入睡] 规律度=0.86 呼吸率= 15.0/分 体动=0.000  音量=0% 灯=0%
  02:34:00  [入睡] 规律度=0.86 呼吸率= 15.0/分 体动=0.000  音量=0% 灯=0%
  02:34:05  [入睡] 规律度=0.87 呼吸率= 15.0/分 体动=0.000  音量=0% 灯=0%
  02:34:10  [入睡] 规律度=0.86 呼吸率= 15.0/分 体动=0.000  音量=0% 灯=0%
  02:34:15  [入睡] 规律度=0.87 呼吸率= 15.0/分 体动=0.000  音量=0% 灯=0%
  02:34:20  [入睡] 规律度=0.87 呼吸率= 15.0/分 体动=0.000  音量=0% 灯=0%
  02:34:25  [入睡] 规律度=0.86 呼吸率= 15.0/分 体动=0.000  音量=0% 灯=0%
  02:34:30  [入睡] 规律度=0.86 呼吸率= 15.0/分 体动=0.000  音量=0% 灯=0%
  02:34:35  [入睡] 规律度=0.86 呼吸率= 15.0/分 体动=0.000  音量=0% 灯=0%
  02:34:40  [入睡] 规律度=0.86 呼吸率= 15.0/分 体动=0.000  音量=0% 灯=0%
  02:34:45  [入睡] 规律度=0.86 呼吸率= 15.0/分 体动=0.000  音量=0% 灯=0%
  02:34:50  [入睡] 规律度=0.86 呼吸率= 15.0/分 体动=0.000  音量=0% 灯=0%
  02:34:55  [入睡] 规律度=0.86 呼吸率= 15.0/分 体动=0.000  音量=0% 灯=0%
  02:35:00  [入睡] 规律度=0.87 呼吸率= 15.0/分 体动=0.000  音量=0% 灯=0%
  02:35:05  [入睡] 规律度=0.87 呼吸率= 15.0/分 体动=0.000  音量=0% 灯=0%
  02:35:10  [入睡] 规律度=0.86 呼吸率= 15.0/分 体动=0.000  音量=0% 灯=0%
  02:35:15  [入睡] 规律度=0.86 呼吸率= 15.0/分 体动=0.000  音量=0% 灯=0%
[link] ↑ 上报入睡判定：已入睡 置信=100%  呼吸=15次/分
  02:35:20  [入睡] 规律度=0.87 呼吸率= 15.0/分 体动=0.000  音量=0% 灯=0%
  02:35:25  [入睡] 规律度=0.86 呼吸率= 15.0/分 体动=0.000  音量=0% 灯=0%
  02:35:30  [入睡] 规律度=0.86 呼吸率= 15.0/分 体动=0.000  音量=0% 灯=0%
  02:35:35  [入睡] 规律度=0.87 呼吸率= 15.0/分 体动=0.000  音量=0% 灯=0%
  02:35:40  [入睡] 规律度=0.86 呼吸率= 15.0/分 体动=0.000  音量=0% 灯=0%
  02:35:45  [入睡] 规律度=0.87 呼吸率= 15.0/分 体动=0.000  音量=0% 灯=0%
  02:35:50  [入睡] 规律度=0.87 呼吸率= 15.0/分 体动=0.000  音量=0% 灯=0%
  02:35:55  [入睡] 规律度=0.87 呼吸率= 15.0/分 体动=0.000  音量=0% 灯=0%
  02:36:00  [入睡] 规律度=0.87 呼吸率= 15.0/分 体动=0.000  音量=0% 灯=0%
  02:36:05  [入睡] 规律度=0.86 呼吸率= 15.0/分 体动=0.000  音量=0% 灯=0%
  02:36:10  [入睡] 规律度=0.86 呼吸率= 15.0/分 体动=0.000  音量=0% 灯=0%
  02:36:15  [入睡] 规律度=0.86 呼吸率= 15.0/分 体动=0.000  音量=0% 灯=0%
  02:36:20  [入睡] 规律度=0.87 呼吸率= 15.0/分 体动=0.000  音量=0% 灯=0%
  02:36:25  [入睡] 规律度=0.86 呼吸率= 15.0/分 体动=0.000  音量=0% 灯=0%
  02:36:30  [入睡] 规律度=0.87 呼吸率= 15.0/分 体动=0.000  音量=0% 灯=0%
  02:36:35  [入睡] 规律度=0.87 呼吸率= 15.0/分 体动=0.000  音量=0% 灯=0%
  02:36:40  [入睡] 规律度=0.86 呼吸率= 15.0/分 体动=0.000  音量=0% 灯=0%
  02:36:45  [入睡] 规律度=0.86 呼吸率= 15.0/分 体动=0.000  音量=0% 灯=0%
  02:36:50  [入睡] 规律度=0.86 呼吸率= 15.0/分 体动=0.000  音量=0% 灯=0%
  02:36:55  [入睡] 规律度=0.87 呼吸率= 15.0/分 体动=0.000  音量=0% 灯=0%
  02:37:00  [入睡] 规律度=0.87 呼吸率= 15.0/分 体动=0.000  音量=0% 灯=0%
  02:37:05  [入睡] 规律度=0.86 呼吸率= 15.0/分 体动=0.000  音量=0% 灯=0%
  02:37:10  [入睡] 规律度=0.86 呼吸率= 15.0/分 体动=0.000  音量=0% 灯=0%
  02:37:15  [入睡] 规律度=0.86 呼吸率= 15.0/分 体动=0.000  音量=0% 灯=0%
  02:37:20  [入睡] 规律度=0.87 呼吸率= 15.0/分 体动=0.000  音量=0% 灯=0%
  02:37:25  [入睡] 规律度=0.87 呼吸率= 15.0/分 体动=0.000  音量=0% 灯=0%
  02:37:30  [入睡] 规律度=0.86 呼吸率= 15.0/分 体动=0.000  音量=0% 灯=0%
  02:37:35  [入睡] 规律度=0.86 呼吸率= 15.0/分 体动=0.000  音量=0% 灯=0%
  02:37:40  [入睡] 规律度=0.86 呼吸率= 15.0/分 体动=0.000  音量=0% 灯=0%
  02:37:45  [入睡] 规律度=0.87 呼吸率= 15.0/分 体动=0.000  音量=0% 灯=0%
  02:37:50  [入睡] 规律度=0.87 呼吸率= 15.0/分 体动=0.000  音量=0% 灯=0%
  02:37:55  [入睡] 规律度=0.87 呼吸率= 15.0/分 体动=0.000  音量=0% 灯=0%
  02:38:00  [入睡] 规律度=0.87 呼吸率= 15.0/分 体动=0.000  音量=0% 灯=0%
  02:38:05  [入睡] 规律度=0.86 呼吸率= 15.0/分 体动=0.000  音量=0% 灯=0%
  02:38:10  [入睡] 规律度=0.86 呼吸率= 15.0/分 体动=0.000  音量=0% 灯=0%
  02:38:15  [入睡] 规律度=0.87 呼吸率= 15.0/分 体动=0.000  音量=0% 灯=0%
  02:38:20  [入睡] 规律度=0.87 呼吸率= 15.0/分 体动=0.000  音量=0% 灯=0%
  02:38:25  [入睡] 规律度=0.86 呼吸率= 15.0/分 体动=0.000  音量=0% 灯=0%
  02:38:30  [入睡] 规律度=0.86 呼吸率= 15.0/分 体动=0.000  音量=0% 灯=0%
  02:38:35  [入睡] 规律度=0.86 呼吸率= 15.0/分 体动=0.000  音量=0% 灯=0%
  02:38:40  [入睡] 规律度=0.86 呼吸率= 15.0/分 体动=0.000  音量=0% 灯=0%
  02:38:45  [入睡] 规律度=0.86 呼吸率= 15.0/分 体动=0.000  音量=0% 灯=0%
  02:38:50  [入睡] 规律度=0.87 呼吸率= 15.0/分 体动=0.000  音量=0% 灯=0%
  02:38:55  [入睡] 规律度=0.86 呼吸率= 15.0/分 体动=0.000  音量=0% 灯=0%
  02:39:00  [入睡] 规律度=0.86 呼吸率= 15.0/分 体动=0.000  音量=0% 灯=0%
  02:39:05  [入睡] 规律度=0.86 呼吸率= 15.0/分 体动=0.000  音量=0% 灯=0%
  02:39:10  [入睡] 规律度=0.87 呼吸率= 15.0/分 体动=0.000  音量=0% 灯=0%
  02:39:15  [入睡] 规律度=0.86 呼吸率= 15.0/分 体动=0.000  音量=0% 灯=0%
  02:39:20  [入睡] 规律度=0.86 呼吸率= 15.0/分 体动=0.000  音量=0% 灯=0%
  02:39:25  [入睡] 规律度=0.86 呼吸率= 15.0/分 体动=0.000  音量=0% 灯=0%
  02:39:30  [入睡] 规律度=0.86 呼吸率= 15.0/分 体动=0.000  音量=0% 灯=0%
  02:39:35  [入睡] 规律度=0.87 呼吸率= 15.0/分 体动=0.000  音量=0% 灯=0%
  02:39:40  [入睡] 规律度=0.86 呼吸率= 15.0/分 体动=0.000  音量=0% 灯=0%
  02:39:45  [入睡] 规律度=0.86 呼吸率= 15.0/分 体动=0.000  音量=0% 灯=0%
  02:39:50  [入睡] 规律度=0.87 呼吸率= 15.0/分 体动=0.000  音量=0% 灯=0%
  02:39:55  [入睡] 规律度=0.86 呼吸率= 15.0/分 体动=0.000  音量=0% 灯=0%
  02:40:00  [入睡] 规律度=0.86 呼吸率= 15.0/分 体动=0.000  音量=0% 灯=0%
  02:40:05  [入睡] 规律度=0.87 呼吸率= 15.0/分 体动=0.000  音量=0% 灯=0%
  02:40:10  [入睡] 规律度=0.86 呼吸率= 15.0/分 体动=0.000  音量=0% 灯=0%
  02:40:15  [入睡] 规律度=0.86 呼吸率= 15.0/分 体动=0.000  音量=0% 灯=0%
[link] ↑ 上报入睡判定：已入睡 置信=100%  呼吸=15次/分
  02:40:20  [入睡] 规律度=0.86 呼吸率= 15.0/分 体动=0.000  音量=0% 灯=0%
  02:40:25  [入睡] 规律度=0.86 呼吸率= 15.0/分 体动=0.000  音量=0% 灯=0%
  02:40:30  [入睡] 规律度=0.86 呼吸率= 15.0/分 体动=0.000  音量=0% 灯=0%
  02:40:35  [入睡] 规律度=0.86 呼吸率= 15.0/分 体动=0.000  音量=0% 灯=0%
  02:40:40  [入睡] 规律度=0.87 呼吸率= 15.0/分 体动=0.000  音量=0% 灯=0%
  02:40:45  [入睡] 规律度=0.86 呼吸率= 15.0/分 体动=0.000  音量=0% 灯=0%
  02:40:50  [入睡] 规律度=0.87 呼吸率= 15.0/分 体动=0.000  音量=0% 灯=0%
  02:40:55  [入睡] 规律度=0.86 呼吸率= 15.0/分 体动=0.000  音量=0% 灯=0%
  02:41:00  [入睡] 规律度=0.86 呼吸率= 15.0/分 体动=0.000  音量=0% 灯=0%
  02:41:05  [入睡] 规律度=0.87 呼吸率= 15.0/分 体动=0.000  音量=0% 灯=0%
  02:41:10  [入睡] 规律度=0.86 呼吸率= 15.0/分 体动=0.000  音量=0% 灯=0%
  02:41:15  [入睡] 规律度=0.86 呼吸率= 15.0/分 体动=0.000  音量=0% 灯=0%
  02:41:20  [入睡] 规律度=0.87 呼吸率= 15.0/分 体动=0.000  音量=0% 灯=0%
  02:41:25  [入睡] 规律度=0.86 呼吸率= 15.0/分 体动=0.000  音量=0% 灯=0%
  02:41:30  [入睡] 规律度=0.87 呼吸率= 15.0/分 体动=0.000  音量=0% 灯=0%
  02:41:35  [入睡] 规律度=0.87 呼吸率= 15.0/分 体动=0.000  音量=0% 灯=0%
  02:41:40  [入睡] 规律度=0.86 呼吸率= 15.0/分 体动=0.000  音量=0% 灯=0%
  02:41:45  [入睡] 规律度=0.86 呼吸率= 15.0/分 体动=0.000  音量=0% 灯=0%
  02:41:50  [入睡] 规律度=0.86 呼吸率= 15.0/分 体动=0.000  音量=0% 灯=0%
  02:41:55  [入睡] 规律度=0.86 呼吸率= 15.0/分 体动=0.000  音量=0% 灯=0%
  02:42:00  [入睡] 规律度=0.87 呼吸率= 15.0/分 体动=0.000  音量=0% 灯=0%
  02:42:05  [入睡] 规律度=0.86 呼吸率= 15.0/分 体动=0.000  音量=0% 灯=0%
  02:42:10  [入睡] 规律度=0.87 呼吸率= 15.0/分 体动=0.000  音量=0% 灯=0%
  02:42:15  [入睡] 规律度=0.86 呼吸率= 15.0/分 体动=0.000  音量=0% 灯=0%
  02:42:20  [入睡] 规律度=0.87 呼吸率= 15.0/分 体动=0.000  音量=0% 灯=0%
  02:42:25  [入睡] 规律度=0.86 呼吸率= 15.0/分 体动=0.000  音量=0% 灯=0%
  02:42:30  [入睡] 规律度=0.86 呼吸率= 15.0/分 体动=0.000  音量=0% 灯=0%
  02:42:35  [入睡] 规律度=0.87 呼吸率= 15.0/分 体动=0.000  音量=0% 灯=0%
  02:42:40  [入睡] 规律度=0.86 呼吸率= 15.0/分 体动=0.000  音量=0% 灯=0%
  02:42:45  [入睡] 规律度=0.86 呼吸率= 15.0/分 体动=0.000  音量=0% 灯=0%
  02:42:50  [入睡] 规律度=0.86 呼吸率= 15.0/分 体动=0.000  音量=0% 灯=0%
  02:42:55  [入睡] 规律度=0.86 呼吸率= 15.0/分 体动=0.000  音量=0% 灯=0%
  02:43:00  [入睡] 规律度=0.86 呼吸率= 15.0/分 体动=0.000  音量=0% 灯=0%
  02:43:05  [入睡] 规律度=0.87 呼吸率= 15.0/分 体动=0.000  音量=0% 灯=0%
  02:43:10  [入睡] 规律度=0.87 呼吸率= 15.0/分 体动=0.000  音量=0% 灯=0%
  02:43:15  [入睡] 规律度=0.86 呼吸率= 15.0/分 体动=0.000  音量=0% 灯=0%
  02:43:20  [入睡] 规律度=0.87 呼吸率= 15.0/分 体动=0.000  音量=0% 灯=0%
  02:43:25  [入睡] 规律度=0.86 呼吸率= 15.0/分 体动=0.000  音量=0% 灯=0%
  02:43:30  [入睡] 规律度=0.87 呼吸率= 15.0/分 体动=0.000  音量=0% 灯=0%
  02:43:35  [入睡] 规律度=0.86 呼吸率= 15.0/分 体动=0.000  音量=0% 灯=0%
  02:43:40  [入睡] 规律度=0.86 呼吸率= 15.0/分 体动=0.000  音量=0% 灯=0%
  02:43:45  [入睡] 规律度=0.86 呼吸率= 15.0/分 体动=0.000  音量=0% 灯=0%
  02:43:50  [入睡] 规律度=0.87 呼吸率= 15.0/分 体动=0.000  音量=0% 灯=0%
  02:43:55  [入睡] 规律度=0.86 呼吸率= 15.0/分 体动=0.000  音量=0% 灯=0%
  02:44:00  [入睡] 规律度=0.86 呼吸率= 15.0/分 体动=0.000  音量=0% 灯=0%
  02:44:05  [入睡] 规律度=0.87 呼吸率= 15.0/分 体动=0.000  音量=0% 灯=0%
  02:44:10  [入睡] 规律度=0.86 呼吸率= 15.0/分 体动=0.000  音量=0% 灯=0%
  02:44:15  [入睡] 规律度=0.86 呼吸率= 15.0/分 体动=0.000  音量=0% 灯=0%
  02:44:20  [入睡] 规律度=0.86 呼吸率= 15.0/分 体动=0.000  音量=0% 灯=0%
  02:44:25  [入睡] 规律度=0.86 呼吸率= 15.0/分 体动=0.000  音量=0% 灯=0%
  02:44:30  [入睡] 规律度=0.87 呼吸率= 15.0/分 体动=0.000  音量=0% 灯=0%
  02:44:35  [入睡] 规律度=0.87 呼吸率= 15.0/分 体动=0.000  音量=0% 灯=0%
  02:44:40  [入睡] 规律度=0.86 呼吸率= 15.0/分 体动=0.000  音量=0% 灯=0%
  02:44:45  [入睡] 规律度=0.87 呼吸率= 15.0/分 体动=0.000  音量=0% 灯=0%
  02:44:50  [入睡] 规律度=0.86 呼吸率= 15.0/分 体动=0.000  音量=0% 灯=0%
  02:44:55  [入睡] 规律度=0.86 呼吸率= 15.0/分 体动=0.000  音量=0% 灯=0%
  02:45:00  [入睡] 规律度=0.86 呼吸率= 15.0/分 体动=0.000  音量=0% 灯=0%
  02:45:05  [入睡] 规律度=0.86 呼吸率= 15.0/分 体动=0.000  音量=0% 灯=0%
  02:45:10  [入睡] 规律度=0.86 呼吸率= 15.0/分 体动=0.000  音量=0% 灯=0%
  02:45:15  [入睡] 规律度=0.86 呼吸率= 15.0/分 体动=0.000  音量=0% 灯=0%
[link] ↑ 上报入睡判定：已入睡 置信=100%  呼吸=15次/分
  02:45:20  [入睡] 规律度=0.87 呼吸率= 15.0/分 体动=0.000  音量=0% 灯=0%
  02:45:25  [入睡] 规律度=0.87 呼吸率= 15.0/分 体动=0.000  音量=0% 灯=0%
  02:45:30  [入睡] 规律度=0.86 呼吸率= 15.0/分 体动=0.000  音量=0% 灯=0%
  02:45:35  [入睡] 规律度=0.86 呼吸率= 15.0/分 体动=0.000  音量=0% 灯=0%
  02:45:40  [入睡] 规律度=0.86 呼吸率= 15.0/分 体动=0.000  音量=0% 灯=0%
  02:45:45  [入睡] 规律度=0.86 呼吸率= 15.0/分 体动=0.000  音量=0% 灯=0%
  02:45:50  [入睡] 规律度=0.87 呼吸率= 15.0/分 体动=0.000  音量=0% 灯=0%
  02:45:55  [入睡] 规律度=0.87 呼吸率= 15.0/分 体动=0.000  音量=0% 灯=0%
  02:46:00  [入睡] 规律度=0.86 呼吸率= 15.0/分 体动=0.000  音量=0% 灯=0%
  02:46:05  [入睡] 规律度=0.87 呼吸率= 15.0/分 体动=0.000  音量=0% 灯=0%
  02:46:10  [入睡] 规律度=0.86 呼吸率= 15.0/分 体动=0.000  音量=0% 灯=0%
  02:46:15  [入睡] 规律度=0.86 呼吸率= 15.0/分 体动=0.000  音量=0% 灯=0%
  02:46:20  [入睡] 规律度=0.87 呼吸率= 15.0/分 体动=0.000  音量=0% 灯=0%
  02:46:25  [入睡] 规律度=0.86 呼吸率= 15.0/分 体动=0.000  音量=0% 灯=0%
  02:46:30  [入睡] 规律度=0.86 呼吸率= 15.0/分 体动=0.000  音量=0% 灯=0%
  02:46:35  [入睡] 规律度=0.86 呼吸率= 15.0/分 体动=0.000  音量=0% 灯=0%
  02:46:40  [入睡] 规律度=0.87 呼吸率= 15.0/分 体动=0.000  音量=0% 灯=0%
  02:46:45  [入睡] 规律度=0.87 呼吸率= 15.0/分 体动=0.000  音量=0% 灯=0%
  02:46:50  [入睡] 规律度=0.86 呼吸率= 15.0/分 体动=0.000  音量=0% 灯=0%
  02:46:55  [入睡] 规律度=0.86 呼吸率= 15.0/分 体动=0.000  音量=0% 灯=0%
  02:47:00  [入睡] 规律度=0.86 呼吸率= 15.0/分 体动=0.000  音量=0% 灯=0%
  02:47:05  [入睡] 规律度=0.86 呼吸率= 15.0/分 体动=0.000  音量=0% 灯=0%
  02:47:10  [入睡] 规律度=0.86 呼吸率= 15.0/分 体动=0.000  音量=0% 灯=0%
  02:47:15  [入睡] 规律度=0.86 呼吸率= 15.0/分 体动=0.000  音量=0% 灯=0%
  02:47:20  [入睡] 规律度=0.86 呼吸率= 15.0/分 体动=0.000  音量=0% 灯=0%
  02:47:25  [入睡] 规律度=0.86 呼吸率= 15.0/分 体动=0.000  音量=0% 灯=0%
  02:47:30  [入睡] 规律度=0.86 呼吸率= 15.0/分 体动=0.000  音量=0% 灯=0%
  02:47:35  [入睡] 规律度=0.86 呼吸率= 15.0/分 体动=0.000  音量=0% 灯=0%
  02:47:40  [入睡] 规律度=0.86 呼吸率= 15.0/分 体动=0.000  音量=0% 灯=0%
  02:47:45  [入睡] 规律度=0.86 呼吸率= 15.0/分 体动=0.000  音量=0% 灯=0%
  02:47:50  [入睡] 规律度=0.86 呼吸率= 15.0/分 体动=0.000  音量=0% 灯=0%
  02:47:55  [入睡] 规律度=0.86 呼吸率= 15.0/分 体动=0.000  音量=0% 灯=0%
  02:48:00  [入睡] 规律度=0.87 呼吸率= 15.0/分 体动=0.000  音量=0% 灯=0%
  02:48:05  [入睡] 规律度=0.86 呼吸率= 15.0/分 体动=0.000  音量=0% 灯=0%
  02:48:10  [入睡] 规律度=0.86 呼吸率= 15.0/分 体动=0.000  音量=0% 灯=0%
  02:48:15  [入睡] 规律度=0.87 呼吸率= 15.0/分 体动=0.000  音量=0% 灯=0%
  02:48:20  [入睡] 规律度=0.86 呼吸率= 15.0/分 体动=0.000  音量=0% 灯=0%
  02:48:25  [入睡] 规律度=0.87 呼吸率= 15.0/分 体动=0.000  音量=0% 灯=0%
  02:48:30  [入睡] 规律度=0.86 呼吸率= 15.0/分 体动=0.000  音量=0% 灯=0%
  02:48:35  [入睡] 规律度=0.86 呼吸率= 15.0/分 体动=0.000  音量=0% 灯=0%
  02:48:40  [入睡] 规律度=0.86 呼吸率= 15.0/分 体动=0.000  音量=0% 灯=0%
  02:48:45  [入睡] 规律度=0.87 呼吸率= 15.0/分 体动=0.000  音量=0% 灯=0%
  02:48:50  [入睡] 规律度=0.87 呼吸率= 15.0/分 体动=0.000  音量=0% 灯=0%
  02:48:55  [入睡] 规律度=0.87 呼吸率= 15.0/分 体动=0.000  音量=0% 灯=0%
  02:49:00  [入睡] 规律度=0.87 呼吸率= 15.0/分 体动=0.000  音量=0% 灯=0%
  02:49:05  [入睡] 规律度=0.86 呼吸率= 15.0/分 体动=0.000  音量=0% 灯=0%
  02:49:10  [入睡] 规律度=0.86 呼吸率= 15.0/分 体动=0.000  音量=0% 灯=0%
  02:49:15  [入睡] 规律度=0.86 呼吸率= 15.0/分 体动=0.000  音量=0% 灯=0%
  02:49:20  [入睡] 规律度=0.87 呼吸率= 15.0/分 体动=0.000  音量=0% 灯=0%
  02:49:25  [入睡] 规律度=0.86 呼吸率= 15.0/分 体动=0.000  音量=0% 灯=0%
  02:49:30  [入睡] 规律度=0.86 呼吸率= 15.0/分 体动=0.000  音量=0% 灯=0%
  02:49:35  [入睡] 规律度=0.87 呼吸率= 15.0/分 体动=0.000  音量=0% 灯=0%
  02:49:40  [入睡] 规律度=0.86 呼吸率= 15.0/分 体动=0.000  音量=0% 灯=0%
  02:49:45  [入睡] 规律度=0.86 呼吸率= 15.0/分 体动=0.000  音量=0% 灯=0%
  02:49:50  [入睡] 规律度=0.86 呼吸率= 15.0/分 体动=0.000  音量=0% 灯=0%
  02:49:55  [入睡] 规律度=0.86 呼吸率= 15.0/分 体动=0.000  音量=0% 灯=0%
  02:50:00  [入睡] 规律度=0.86 呼吸率= 15.0/分 体动=0.000  音量=0% 灯=0%
  02:50:05  [入睡] 规律度=0.87 呼吸率= 15.0/分 体动=0.000  音量=0% 灯=0%
  02:50:10  [入睡] 规律度=0.87 呼吸率= 15.0/分 体动=0.000  音量=0% 灯=0%
  02:50:15  [入睡] 规律度=0.86 呼吸率= 15.0/分 体动=0.000  音量=0% 灯=0%
[link] ↑ 上报入睡判定：已入睡 置信=100%  呼吸=15次/分
  02:50:20  [入睡] 规律度=0.87 呼吸率= 15.0/分 体动=0.000  音量=0% 灯=0%
  02:50:25  [入睡] 规律度=0.86 呼吸率= 15.0/分 体动=0.000  音量=0% 灯=0%
  02:50:30  [入睡] 规律度=0.87 呼吸率= 15.0/分 体动=0.000  音量=0% 灯=0%
  02:50:35  [入睡] 规律度=0.87 呼吸率= 15.0/分 体动=0.000  音量=0% 灯=0%
  02:50:40  [入睡] 规律度=0.87 呼吸率= 15.0/分 体动=0.000  音量=0% 灯=0%
  02:50:45  [入睡] 规律度=0.86 呼吸率= 15.0/分 体动=0.000  音量=0% 灯=0%
  02:50:50  [入睡] 规律度=0.86 呼吸率= 15.0/分 体动=0.000  音量=0% 灯=0%
  02:50:55  [入睡] 规律度=0.86 呼吸率= 15.0/分 体动=0.000  音量=0% 灯=0%
  02:51:00  [入睡] 规律度=0.87 呼吸率= 15.0/分 体动=0.000  音量=0% 灯=0%
  02:51:05  [入睡] 规律度=0.86 呼吸率= 15.0/分 体动=0.000  音量=0% 灯=0%
  02:51:10  [入睡] 规律度=0.86 呼吸率= 15.0/分 体动=0.000  音量=0% 灯=0%
  02:51:15  [入睡] 规律度=0.86 呼吸率= 15.0/分 体动=0.000  音量=0% 灯=0%
  02:51:20  [入睡] 规律度=0.87 呼吸率= 15.0/分 体动=0.000  音量=0% 灯=0%
  02:51:25  [入睡] 规律度=0.87 呼吸率= 15.0/分 体动=0.000  音量=0% 灯=0%
  02:51:30  [入睡] 规律度=0.86 呼吸率= 15.0/分 体动=0.000  音量=0% 灯=0%
  02:51:35  [入睡] 规律度=0.86 呼吸率= 15.0/分 体动=0.000  音量=0% 灯=0%
  02:51:40  [入睡] 规律度=0.86 呼吸率= 15.0/分 体动=0.000  音量=0% 灯=0%
  02:51:45  [入睡] 规律度=0.86 呼吸率= 15.0/分 体动=0.000  音量=0% 灯=0%
  02:51:50  [入睡] 规律度=0.86 呼吸率= 15.0/分 体动=0.000  音量=0% 灯=0%
  02:51:55  [入睡] 规律度=0.87 呼吸率= 15.0/分 体动=0.000  音量=0% 灯=0%
  02:52:00  [入睡] 规律度=0.87 呼吸率= 15.0/分 体动=0.000  音量=0% 灯=0%
  02:52:05  [入睡] 规律度=0.86 呼吸率= 15.0/分 体动=0.000  音量=0% 灯=0%
  02:52:10  [入睡] 规律度=0.87 呼吸率= 15.0/分 体动=0.000  音量=0% 灯=0%
  02:52:15  [入睡] 规律度=0.87 呼吸率= 15.0/分 体动=0.000  音量=0% 灯=0%
  02:52:20  [入睡] 规律度=0.86 呼吸率= 15.0/分 体动=0.000  音量=0% 灯=0%
  02:52:25  [入睡] 规律度=0.86 呼吸率= 15.0/分 体动=0.000  音量=0% 灯=0%
  02:52:30  [入睡] 规律度=0.86 呼吸率= 15.0/分 体动=0.000  音量=0% 灯=0%
  02:52:35  [入睡] 规律度=0.86 呼吸率= 15.0/分 体动=0.000  音量=0% 灯=0%
  02:52:40  [入睡] 规律度=0.87 呼吸率= 15.0/分 体动=0.000  音量=0% 灯=0%
  02:52:45  [入睡] 规律度=0.87 呼吸率= 15.0/分 体动=0.000  音量=0% 灯=0%
  02:52:50  [入睡] 规律度=0.87 呼吸率= 15.0/分 体动=0.000  音量=0% 灯=0%
  02:52:55  [入睡] 规律度=0.86 呼吸率= 15.0/分 体动=0.000  音量=0% 灯=0%
  02:53:00  [入睡] 规律度=0.86 呼吸率= 15.0/分 体动=0.000  音量=0% 灯=0%
  02:53:05  [入睡] 规律度=0.86 呼吸率= 15.0/分 体动=0.000  音量=0% 灯=0%
  02:53:10  [入睡] 规律度=0.86 呼吸率= 15.0/分 体动=0.000  音量=0% 灯=0%
  02:53:15  [入睡] 规律度=0.87 呼吸率= 15.0/分 体动=0.000  音量=0% 灯=0%
  02:53:20  [入睡] 规律度=0.87 呼吸率= 15.0/分 体动=0.000  音量=0% 灯=0%
  02:53:25  [入睡] 规律度=0.86 呼吸率= 15.0/分 体动=0.000  音量=0% 灯=0%
  02:53:30  [入睡] 规律度=0.86 呼吸率= 15.0/分 体动=0.000  音量=0% 灯=0%
  02:53:35  [入睡] 规律度=0.86 呼吸率= 15.0/分 体动=0.000  音量=0% 灯=0%
  02:53:40  [入睡] 规律度=0.86 呼吸率= 15.0/分 体动=0.000  音量=0% 灯=0%
  02:53:45  [入睡] 规律度=0.87 呼吸率= 15.0/分 体动=0.000  音量=0% 灯=0%
  02:53:50  [入睡] 规律度=0.87 呼吸率= 15.0/分 体动=0.000  音量=0% 灯=0%
  02:53:55  [入睡] 规律度=0.86 呼吸率= 15.0/分 体动=0.000  音量=0% 灯=0%
  02:54:00  [入睡] 规律度=0.86 呼吸率= 15.0/分 体动=0.000  音量=0% 灯=0%
  02:54:05  [入睡] 规律度=0.87 呼吸率= 15.0/分 体动=0.000  音量=0% 灯=0%
  02:54:10  [入睡] 规律度=0.86 呼吸率= 15.0/分 体动=0.000  音量=0% 灯=0%
  02:54:15  [入睡] 规律度=0.86 呼吸率= 15.0/分 体动=0.000  音量=0% 灯=0%
  02:54:20  [入睡] 规律度=0.86 呼吸率= 15.0/分 体动=0.000  音量=0% 灯=0%
  02:54:25  [入睡] 规律度=0.86 呼吸率= 15.0/分 体动=0.000  音量=0% 灯=0%
  02:54:30  [入睡] 规律度=0.87 呼吸率= 15.0/分 体动=0.000  音量=0% 灯=0%
  02:54:35  [入睡] 规律度=0.86 呼吸率= 15.0/分 体动=0.000  音量=0% 灯=0%
  02:54:40  [入睡] 规律度=0.86 呼吸率= 15.0/分 体动=0.000  音量=0% 灯=0%
  02:54:45  [入睡] 规律度=0.86 呼吸率= 15.0/分 体动=0.000  音量=0% 灯=0%
  02:54:50  [入睡] 规律度=0.86 呼吸率= 15.0/分 体动=0.000  音量=0% 灯=0%
  02:54:55  [入睡] 规律度=0.86 呼吸率= 15.0/分 体动=0.000  音量=0% 灯=0%
  02:55:00  [入睡] 规律度=0.87 呼吸率= 15.0/分 体动=0.000  音量=0% 灯=0%
  02:55:05  [入睡] 规律度=0.86 呼吸率= 15.0/分 体动=0.000  音量=0% 灯=0%
  02:55:10  [入睡] 规律度=0.86 呼吸率= 15.0/分 体动=0.000  音量=0% 灯=0%
  02:55:15  [入睡] 规律度=0.87 呼吸率= 15.0/分 体动=0.000  音量=0% 灯=0%
[link] ↑ 上报入睡判定：已入睡 置信=100%  呼吸=15次/分
  02:55:20  [入睡] 规律度=0.86 呼吸率= 15.0/分 体动=0.000  音量=0% 灯=0%
  02:55:25  [入睡] 规律度=0.87 呼吸率= 15.0/分 体动=0.000  音量=0% 灯=0%
  02:55:30  [入睡] 规律度=0.86 呼吸率= 15.0/分 体动=0.000  音量=0% 灯=0%
  02:55:35  [入睡] 规律度=0.87 呼吸率= 15.0/分 体动=0.000  音量=0% 灯=0%
  02:55:40  [入睡] 规律度=0.87 呼吸率= 15.0/分 体动=0.000  音量=0% 灯=0%
  02:55:45  [入睡] 规律度=0.86 呼吸率= 15.0/分 体动=0.000  音量=0% 灯=0%
  02:55:50  [入睡] 规律度=0.87 呼吸率= 15.0/分 体动=0.000  音量=0% 灯=0%
  02:55:55  [入睡] 规律度=0.86 呼吸率= 15.0/分 体动=0.000  音量=0% 灯=0%
  02:56:00  [入睡] 规律度=0.86 呼吸率= 15.0/分 体动=0.000  音量=0% 灯=0%
  02:56:05  [入睡] 规律度=0.87 呼吸率= 15.0/分 体动=0.000  音量=0% 灯=0%
  02:56:10  [入睡] 规律度=0.86 呼吸率= 15.0/分 体动=0.000  音量=0% 灯=0%
  02:56:15  [入睡] 规律度=0.87 呼吸率= 15.0/分 体动=0.000  音量=0% 灯=0%
  02:56:20  [入睡] 规律度=0.87 呼吸率= 15.0/分 体动=0.000  音量=0% 灯=0%
  02:56:25  [入睡] 规律度=0.86 呼吸率= 15.0/分 体动=0.000  音量=0% 灯=0%
  02:56:30  [入睡] 规律度=0.86 呼吸率= 15.0/分 体动=0.000  音量=0% 灯=0%
  02:56:35  [入睡] 规律度=0.86 呼吸率= 15.0/分 体动=0.000  音量=0% 灯=0%
  02:56:40  [入睡] 规律度=0.87 呼吸率= 15.0/分 体动=0.000  音量=0% 灯=0%
  02:56:45  [入睡] 规律度=0.87 呼吸率= 15.0/分 体动=0.000  音量=0% 灯=0%
  02:56:50  [入睡] 规律度=0.86 呼吸率= 15.0/分 体动=0.000  音量=0% 灯=0%
  02:56:55  [入睡] 规律度=0.87 呼吸率= 15.0/分 体动=0.000  音量=0% 灯=0%
  02:57:00  [入睡] 规律度=0.86 呼吸率= 15.0/分 体动=0.000  音量=0% 灯=0%
  02:57:05  [入睡] 规律度=0.87 呼吸率= 15.0/分 体动=0.000  音量=0% 灯=0%
  02:57:10  [入睡] 规律度=0.86 呼吸率= 15.0/分 体动=0.000  音量=0% 灯=0%
  02:57:15  [入睡] 规律度=0.87 呼吸率= 15.0/分 体动=0.000  音量=0% 灯=0%
  02:57:20  [入睡] 规律度=0.87 呼吸率= 15.0/分 体动=0.000  音量=0% 灯=0%
  02:57:25  [入睡] 规律度=0.87 呼吸率= 15.0/分 体动=0.000  音量=0% 灯=0%
  02:57:30  [入睡] 规律度=0.87 呼吸率= 15.0/分 体动=0.000  音量=0% 灯=0%
  02:57:35  [入睡] 规律度=0.86 呼吸率= 15.0/分 体动=0.000  音量=0% 灯=0%
  02:57:40  [入睡] 规律度=0.87 呼吸率= 15.0/分 体动=0.000  音量=0% 灯=0%
  02:57:45  [入睡] 规律度=0.86 呼吸率= 15.0/分 体动=0.000  音量=0% 灯=0%
  02:57:50  [入睡] 规律度=0.86 呼吸率= 15.0/分 体动=0.000  音量=0% 灯=0%
  02:57:55  [入睡] 规律度=0.86 呼吸率= 15.0/分 体动=0.000  音量=0% 灯=0%
  02:58:00  [入睡] 规律度=0.87 呼吸率= 15.0/分 体动=0.000  音量=0% 灯=0%
  02:58:05  [入睡] 规律度=0.86 呼吸率= 15.0/分 体动=0.000  音量=0% 灯=0%
  02:58:10  [入睡] 规律度=0.87 呼吸率= 15.0/分 体动=0.000  音量=0% 灯=0%
  02:58:15  [入睡] 规律度=0.86 呼吸率= 15.0/分 体动=0.000  音量=0% 灯=0%
  02:58:20  [入睡] 规律度=0.86 呼吸率= 15.0/分 体动=0.000  音量=0% 灯=0%
  02:58:25  [入睡] 规律度=0.86 呼吸率= 15.0/分 体动=0.000  音量=0% 灯=0%
  02:58:30  [入睡] 规律度=0.86 呼吸率= 15.0/分 体动=0.000  音量=0% 灯=0%
  02:58:35  [入睡] 规律度=0.86 呼吸率= 15.0/分 体动=0.000  音量=0% 灯=0%
  02:58:40  [入睡] 规律度=0.86 呼吸率= 15.0/分 体动=0.000  音量=0% 灯=0%
  02:58:45  [入睡] 规律度=0.87 呼吸率= 15.0/分 体动=0.000  音量=0% 灯=0%
  02:58:50  [入睡] 规律度=0.87 呼吸率= 15.0/分 体动=0.000  音量=0% 灯=0%
  02:58:55  [入睡] 规律度=0.86 呼吸率= 15.0/分 体动=0.000  音量=0% 灯=0%
  02:59:00  [入睡] 规律度=0.86 呼吸率= 15.0/分 体动=0.000  音量=0% 灯=0%
  02:59:05  [入睡] 规律度=0.86 呼吸率= 15.0/分 体动=0.000  音量=0% 灯=0%
  02:59:10  [入睡] 规律度=0.87 呼吸率= 15.0/分 体动=0.000  音量=0% 灯=0%
  02:59:15  [入睡] 规律度=0.86 呼吸率= 15.0/分 体动=0.000  音量=0% 灯=0%
  02:59:20  [入睡] 规律度=0.86 呼吸率= 15.0/分 体动=0.000  音量=0% 灯=0%
  02:59:25  [入睡] 规律度=0.86 呼吸率= 15.0/分 体动=0.000  音量=0% 灯=0%
  02:59:30  [入睡] 规律度=0.87 呼吸率= 15.0/分 体动=0.000  音量=0% 灯=0%
  02:59:35  [入睡] 规律度=0.87 呼吸率= 15.0/分 体动=0.000  音量=0% 灯=0%
  02:59:40  [入睡] 规律度=0.86 呼吸率= 15.0/分 体动=0.000  音量=0% 灯=0%
  02:59:45  [入睡] 规律度=0.86 呼吸率= 15.0/分 体动=0.000  音量=0% 灯=0%
  02:59:50  [入睡] 规律度=0.86 呼吸率= 15.0/分 体动=0.000  音量=0% 灯=0%
  02:59:55  [入睡] 规律度=0.86 呼吸率= 15.0/分 体动=0.000  音量=0% 灯=0%
  03:00:00  [入睡] 规律度=0.86 呼吸率= 15.0/分 体动=0.000  音量=0% 灯=0%
  03:00:05  [入睡] 规律度=0.87 呼吸率= 15.0/分 体动=0.000  音量=0% 灯=0%
  03:00:10  [入睡] 规律度=0.86 呼吸率= 15.0/分 体动=0.000  音量=0% 灯=0%
  03:00:15  [入睡] 规律度=0.86 呼吸率= 15.0/分 体动=0.000  音量=0% 灯=0%
[link] ↑ 上报入睡判定：已入睡 置信=100%  呼吸=15次/分
  03:00:20  [入睡] 规律度=0.87 呼吸率= 15.0/分 体动=0.000  音量=0% 灯=0%
  03:00:25  [入睡] 规律度=0.86 呼吸率= 15.0/分 体动=0.000  音量=0% 灯=0%
  03:00:30  [入睡] 规律度=0.87 呼吸率= 15.0/分 体动=0.000  音量=0% 灯=0%
  03:00:35  [入睡] 规律度=0.87 呼吸率= 15.0/分 体动=0.000  音量=0% 灯=0%
  03:00:40  [入睡] 规律度=0.87 呼吸率= 15.0/分 体动=0.000  音量=0% 灯=0%
  03:00:45  [入睡] 规律度=0.86 呼吸率= 15.0/分 体动=0.000  音量=0% 灯=0%
  03:00:50  [入睡] 规律度=0.86 呼吸率= 15.0/分 体动=0.000  音量=0% 灯=0%
  03:00:55  [入睡] 规律度=0.87 呼吸率= 15.0/分 体动=0.000  音量=0% 灯=0%
  03:01:00  [入睡] 规律度=0.87 呼吸率= 15.0/分 体动=0.000  音量=0% 灯=0%
  03:01:05  [入睡] 规律度=0.87 呼吸率= 15.0/分 体动=0.000  音量=0% 灯=0%
  03:01:10  [入睡] 规律度=0.86 呼吸率= 15.0/分 体动=0.000  音量=0% 灯=0%
  03:01:15  [入睡] 规律度=0.86 呼吸率= 15.0/分 体动=0.000  音量=0% 灯=0%
  03:01:20  [入睡] 规律度=0.86 呼吸率= 15.0/分 体动=0.000  音量=0% 灯=0%
  03:01:25  [入睡] 规律度=0.86 呼吸率= 15.0/分 体动=0.000  音量=0% 灯=0%
  03:01:30  [入睡] 规律度=0.87 呼吸率= 15.0/分 体动=0.000  音量=0% 灯=0%
  03:01:35  [入睡] 规律度=0.86 呼吸率= 15.0/分 体动=0.000  音量=0% 灯=0%
  03:01:40  [入睡] 规律度=0.86 呼吸率= 15.0/分 体动=0.000  音量=0% 灯=0%
  03:01:45  [入睡] 规律度=0.87 呼吸率= 15.0/分 体动=0.000  音量=0% 灯=0%
  03:01:50  [入睡] 规律度=0.87 呼吸率= 15.0/分 体动=0.000  音量=0% 灯=0%
  03:01:55  [入睡] 规律度=0.86 呼吸率= 15.0/分 体动=0.000  音量=0% 灯=0%
  03:02:00  [入睡] 规律度=0.87 呼吸率= 15.0/分 体动=0.000  音量=0% 灯=0%
  03:02:05  [入睡] 规律度=0.86 呼吸率= 15.0/分 体动=0.000  音量=0% 灯=0%
  03:02:10  [入睡] 规律度=0.86 呼吸率= 15.0/分 体动=0.000  音量=0% 灯=0%
  03:02:15  [入睡] 规律度=0.86 呼吸率= 15.0/分 体动=0.000  音量=0% 灯=0%
  03:02:20  [入睡] 规律度=0.86 呼吸率= 15.0/分 体动=0.000  音量=0% 灯=0%
  03:02:25  [入睡] 规律度=0.86 呼吸率= 15.0/分 体动=0.000  音量=0% 灯=0%
  03:02:30  [入睡] 规律度=0.87 呼吸率= 15.0/分 体动=0.000  音量=0% 灯=0%
  03:02:35  [入睡] 规律度=0.87 呼吸率= 15.0/分 体动=0.000  音量=0% 灯=0%
  03:02:40  [入睡] 规律度=0.87 呼吸率= 15.0/分 体动=0.000  音量=0% 灯=0%
  03:02:45  [入睡] 规律度=0.86 呼吸率= 15.0/分 体动=0.000  音量=0% 灯=0%
  03:02:50  [入睡] 规律度=0.87 呼吸率= 15.0/分 体动=0.000  音量=0% 灯=0%
  03:02:55  [入睡] 规律度=0.87 呼吸率= 15.0/分 体动=0.000  音量=0% 灯=0%
  03:03:00  [入睡] 规律度=0.86 呼吸率= 15.0/分 体动=0.000  音量=0% 灯=0%
  03:03:05  [入睡] 规律度=0.87 呼吸率= 15.0/分 体动=0.000  音量=0% 灯=0%
  03:03:10  [入睡] 规律度=0.86 呼吸率= 15.0/分 体动=0.000  音量=0% 灯=0%
  03:03:15  [入睡] 规律度=0.86 呼吸率= 15.0/分 体动=0.000  音量=0% 灯=0%
  03:03:20  [入睡] 规律度=0.86 呼吸率= 15.0/分 体动=0.000  音量=0% 灯=0%
  03:03:25  [入睡] 规律度=0.86 呼吸率= 15.0/分 体动=0.000  音量=0% 灯=0%
  03:03:30  [入睡] 规律度=0.87 呼吸率= 15.0/分 体动=0.000  音量=0% 灯=0%
  03:03:35  [入睡] 规律度=0.87 呼吸率= 15.0/分 体动=0.000  音量=0% 灯=0%
  03:03:40  [入睡] 规律度=0.86 呼吸率= 15.0/分 体动=0.000  音量=0% 灯=0%
  03:03:45  [入睡] 规律度=0.86 呼吸率= 15.0/分 体动=0.000  音量=0% 灯=0%
  03:03:50  [入睡] 规律度=0.86 呼吸率= 15.0/分 体动=0.000  音量=0% 灯=0%
  03:03:55  [入睡] 规律度=0.87 呼吸率= 15.0/分 体动=0.000  音量=0% 灯=0%
  03:04:00  [入睡] 规律度=0.87 呼吸率= 15.0/分 体动=0.000  音量=0% 灯=0%
  03:04:05  [入睡] 规律度=0.86 呼吸率= 15.0/分 体动=0.000  音量=0% 灯=0%
  03:04:10  [入睡] 规律度=0.87 呼吸率= 15.0/分 体动=0.000  音量=0% 灯=0%
  03:04:15  [入睡] 规律度=0.86 呼吸率= 15.0/分 体动=0.000  音量=0% 灯=0%
  03:04:20  [入睡] 规律度=0.86 呼吸率= 15.0/分 体动=0.000  音量=0% 灯=0%
  03:04:25  [入睡] 规律度=0.87 呼吸率= 15.0/分 体动=0.000  音量=0% 灯=0%
  03:04:30  [入睡] 规律度=0.86 呼吸率= 15.0/分 体动=0.000  音量=0% 灯=0%
  03:04:35  [入睡] 规律度=0.87 呼吸率= 15.0/分 体动=0.000  音量=0% 灯=0%
  03:04:40  [入睡] 规律度=0.86 呼吸率= 15.0/分 体动=0.000  音量=0% 灯=0%
  03:04:45  [入睡] 规律度=0.86 呼吸率= 15.0/分 体动=0.000  音量=0% 灯=0%
  03:04:50  [入睡] 规律度=0.87 呼吸率= 15.0/分 体动=0.000  音量=0% 灯=0%
  03:04:55  [入睡] 规律度=0.86 呼吸率= 15.0/分 体动=0.000  音量=0% 灯=0%
  03:05:00  [入睡] 规律度=0.87 呼吸率= 15.0/分 体动=0.000  音量=0% 灯=0%
  03:05:05  [入睡] 规律度=0.86 呼吸率= 15.0/分 体动=0.000  音量=0% 灯=0%
  03:05:10  [入睡] 规律度=0.87 呼吸率= 15.0/分 体动=0.000  音量=0% 灯=0%
  03:05:15  [入睡] 规律度=0.87 呼吸率= 15.0/分 体动=0.000  音量=0% 灯=0%
[link] ↑ 上报入睡判定：已入睡 置信=100%  呼吸=15次/分
  03:05:20  [入睡] 规律度=0.86 呼吸率= 15.0/分 体动=0.000  音量=0% 灯=0%
  03:05:25  [入睡] 规律度=0.87 呼吸率= 15.0/分 体动=0.000  音量=0% 灯=0%
  03:05:30  [入睡] 规律度=0.86 呼吸率= 15.0/分 体动=0.000  音量=0% 灯=0%
  03:05:35  [入睡] 规律度=0.86 呼吸率= 15.0/分 体动=0.000  音量=0% 灯=0%
  03:05:40  [入睡] 规律度=0.87 呼吸率= 15.0/分 体动=0.000  音量=0% 灯=0%
  03:05:45  [入睡] 规律度=0.86 呼吸率= 15.0/分 体动=0.000  音量=0% 灯=0%
  03:05:50  [入睡] 规律度=0.87 呼吸率= 15.0/分 体动=0.000  音量=0% 灯=0%
  03:05:55  [入睡] 规律度=0.86 呼吸率= 15.0/分 体动=0.000  音量=0% 灯=0%
  03:06:00  [入睡] 规律度=0.86 呼吸率= 15.0/分 体动=0.000  音量=0% 灯=0%
  03:06:05  [入睡] 规律度=0.86 呼吸率= 15.0/分 体动=0.000  音量=0% 灯=0%
  03:06:10  [入睡] 规律度=0.87 呼吸率= 15.0/分 体动=0.000  音量=0% 灯=0%
  03:06:15  [入睡] 规律度=0.86 呼吸率= 15.0/分 体动=0.000  音量=0% 灯=0%
  03:06:20  [入睡] 规律度=0.87 呼吸率= 15.0/分 体动=0.000  音量=0% 灯=0%
  03:06:25  [入睡] 规律度=0.87 呼吸率= 15.0/分 体动=0.000  音量=0% 灯=0%
  03:06:30  [入睡] 规律度=0.86 呼吸率= 15.0/分 体动=0.000  音量=0% 灯=0%
  03:06:35  [入睡] 规律度=0.86 呼吸率= 15.0/分 体动=0.000  音量=0% 灯=0%
  03:06:40  [入睡] 规律度=0.86 呼吸率= 15.0/分 体动=0.000  音量=0% 灯=0%
  03:06:45  [入睡] 规律度=0.87 呼吸率= 15.0/分 体动=0.000  音量=0% 灯=0%
  03:06:50  [入睡] 规律度=0.86 呼吸率= 15.0/分 体动=0.000  音量=0% 灯=0%
  03:06:55  [入睡] 规律度=0.86 呼吸率= 15.0/分 体动=0.000  音量=0% 灯=0%
  03:07:00  [入睡] 规律度=0.86 呼吸率= 15.0/分 体动=0.000  音量=0% 灯=0%
  03:07:05  [入睡] 规律度=0.86 呼吸率= 15.0/分 体动=0.000  音量=0% 灯=0%
  03:07:10  [入睡] 规律度=0.86 呼吸率= 15.0/分 体动=0.000  音量=0% 灯=0%
  03:07:15  [入睡] 规律度=0.87 呼吸率= 15.0/分 体动=0.000  音量=0% 灯=0%
  03:07:20  [入睡] 规律度=0.87 呼吸率= 15.0/分 体动=0.000  音量=0% 灯=0%
  03:07:25  [入睡] 规律度=0.87 呼吸率= 15.0/分 体动=0.000  音量=0% 灯=0%
  03:07:30  [入睡] 规律度=0.86 呼吸率= 15.0/分 体动=0.000  音量=0% 灯=0%
  03:07:35  [入睡] 规律度=0.86 呼吸率= 15.0/分 体动=0.000  音量=0% 灯=0%
  03:07:40  [入睡] 规律度=0.87 呼吸率= 15.0/分 体动=0.000  音量=0% 灯=0%
  03:07:45  [入睡] 规律度=0.87 呼吸率= 15.0/分 体动=0.000  音量=0% 灯=0%
  03:07:50  [入睡] 规律度=0.87 呼吸率= 15.0/分 体动=0.000  音量=0% 灯=0%
  03:07:55  [入睡] 规律度=0.87 呼吸率= 15.0/分 体动=0.000  音量=0% 灯=0%
  03:08:00  [入睡] 规律度=0.86 呼吸率= 15.0/分 体动=0.000  音量=0% 灯=0%
  03:08:05  [入睡] 规律度=0.87 呼吸率= 15.0/分 体动=0.000  音量=0% 灯=0%
  03:08:10  [入睡] 规律度=0.86 呼吸率= 15.0/分 体动=0.000  音量=0% 灯=0%
  03:08:15  [入睡] 规律度=0.86 呼吸率= 15.0/分 体动=0.000  音量=0% 灯=0%
  03:08:20  [入睡] 规律度=0.87 呼吸率= 15.0/分 体动=0.000  音量=0% 灯=0%
  03:08:25  [入睡] 规律度=0.87 呼吸率= 15.0/分 体动=0.000  音量=0% 灯=0%
  03:08:30  [入睡] 规律度=0.86 呼吸率= 15.0/分 体动=0.000  音量=0% 灯=0%
  03:08:35  [入睡] 规律度=0.86 呼吸率= 15.0/分 体动=0.000  音量=0% 灯=0%
  03:08:40  [入睡] 规律度=0.87 呼吸率= 15.0/分 体动=0.000  音量=0% 灯=0%
  03:08:45  [入睡] 规律度=0.86 呼吸率= 15.0/分 体动=0.000  音量=0% 灯=0%
  03:08:50  [入睡] 规律度=0.87 呼吸率= 15.0/分 体动=0.000  音量=0% 灯=0%
  03:08:55  [入睡] 规律度=0.86 呼吸率= 15.0/分 体动=0.000  音量=0% 灯=0%
  03:09:00  [入睡] 规律度=0.86 呼吸率= 15.0/分 体动=0.000  音量=0% 灯=0%
  03:09:05  [入睡] 规律度=0.87 呼吸率= 15.0/分 体动=0.000  音量=0% 灯=0%
  03:09:10  [入睡] 规律度=0.87 呼吸率= 15.0/分 体动=0.000  音量=0% 灯=0%
  03:09:15  [入睡] 规律度=0.86 呼吸率= 15.0/分 体动=0.000  音量=0% 灯=0%
  03:09:20  [入睡] 规律度=0.86 呼吸率= 15.0/分 体动=0.000  音量=0% 灯=0%
  03:09:25  [入睡] 规律度=0.86 呼吸率= 15.0/分 体动=0.000  音量=0% 灯=0%
  03:09:30  [入睡] 规律度=0.86 呼吸率= 15.0/分 体动=0.000  音量=0% 灯=0%
  03:09:35  [入睡] 规律度=0.87 呼吸率= 15.0/分 体动=0.000  音量=0% 灯=0%
  03:09:40  [入睡] 规律度=0.87 呼吸率= 15.0/分 体动=0.000  音量=0% 灯=0%
  03:09:45  [入睡] 规律度=0.87 呼吸率= 15.0/分 体动=0.000  音量=0% 灯=0%
  03:09:50  [入睡] 规律度=0.86 呼吸率= 15.0/分 体动=0.000  音量=0% 灯=0%
  03:09:55  [入睡] 规律度=0.86 呼吸率= 15.0/分 体动=0.000  音量=0% 灯=0%
  03:10:00  [入睡] 规律度=0.87 呼吸率= 15.0/分 体动=0.000  音量=0% 灯=0%
  03:10:05  [入睡] 规律度=0.87 呼吸率= 15.0/分 体动=0.000  音量=0% 灯=0%
  03:10:10  [入睡] 规律度=0.87 呼吸率= 15.0/分 体动=0.000  音量=0% 灯=0%
  03:10:15  [入睡] 规律度=0.87 呼吸率= 15.0/分 体动=0.000  音量=0% 灯=0%
[link] ↑ 上报入睡判定：已入睡 置信=100%  呼吸=15次/分
  03:10:20  [入睡] 规律度=0.86 呼吸率= 15.0/分 体动=0.000  音量=0% 灯=0%
  03:10:25  [入睡] 规律度=0.86 呼吸率= 15.0/分 体动=0.000  音量=0% 灯=0%
  03:10:30  [入睡] 规律度=0.86 呼吸率= 15.0/分 体动=0.000  音量=0% 灯=0%
  03:10:35  [入睡] 规律度=0.87 呼吸率= 15.0/分 体动=0.000  音量=0% 灯=0%
  03:10:40  [入睡] 规律度=0.87 呼吸率= 15.0/分 体动=0.000  音量=0% 灯=0%
  03:10:45  [入睡] 规律度=0.86 呼吸率= 15.0/分 体动=0.000  音量=0% 灯=0%
  03:10:50  [入睡] 规律度=0.86 呼吸率= 15.0/分 体动=0.000  音量=0% 灯=0%
  03:10:55  [入睡] 规律度=0.87 呼吸率= 15.0/分 体动=0.000  音量=0% 灯=0%
  03:11:00  [入睡] 规律度=0.87 呼吸率= 15.0/分 体动=0.000  音量=0% 灯=0%
  03:11:05  [入睡] 规律度=0.87 呼吸率= 15.0/分 体动=0.000  音量=0% 灯=0%
  03:11:10  [入睡] 规律度=0.87 呼吸率= 15.0/分 体动=0.000  音量=0% 灯=0%
  03:11:15  [入睡] 规律度=0.86 呼吸率= 15.0/分 体动=0.000  音量=0% 灯=0%
  03:11:20  [入睡] 规律度=0.86 呼吸率= 15.0/分 体动=0.000  音量=0% 灯=0%
  03:11:25  [入睡] 规律度=0.86 呼吸率= 15.0/分 体动=0.000  音量=0% 灯=0%
  03:11:30  [入睡] 规律度=0.87 呼吸率= 15.0/分 体动=0.000  音量=0% 灯=0%
  03:11:35  [入睡] 规律度=0.86 呼吸率= 15.0/分 体动=0.000  音量=0% 灯=0%
  03:11:40  [入睡] 规律度=0.87 呼吸率= 15.0/分 体动=0.000  音量=0% 灯=0%
  03:11:45  [入睡] 规律度=0.86 呼吸率= 15.0/分 体动=0.000  音量=0% 灯=0%
  03:11:50  [入睡] 规律度=0.86 呼吸率= 15.0/分 体动=0.000  音量=0% 灯=0%
  03:11:55  [入睡] 规律度=0.86 呼吸率= 15.0/分 体动=0.000  音量=0% 灯=0%
  03:12:00  [入睡] 规律度=0.87 呼吸率= 15.0/分 体动=0.000  音量=0% 灯=0%
  03:12:05  [入睡] 规律度=0.87 呼吸率= 15.0/分 体动=0.000  音量=0% 灯=0%
  03:12:10  [入睡] 规律度=0.86 呼吸率= 15.0/分 体动=0.000  音量=0% 灯=0%
  03:12:15  [入睡] 规律度=0.86 呼吸率= 15.0/分 体动=0.000  音量=0% 灯=0%
  03:12:20  [入睡] 规律度=0.86 呼吸率= 15.0/分 体动=0.000  音量=0% 灯=0%
  03:12:25  [入睡] 规律度=0.86 呼吸率= 15.0/分 体动=0.000  音量=0% 灯=0%
  03:12:30  [入睡] 规律度=0.86 呼吸率= 15.0/分 体动=0.000  音量=0% 灯=0%
  03:12:35  [入睡] 规律度=0.86 呼吸率= 15.0/分 体动=0.000  音量=0% 灯=0%
  03:12:40  [入睡] 规律度=0.87 呼吸率= 15.0/分 体动=0.000  音量=0% 灯=0%
  03:12:45  [入睡] 规律度=0.86 呼吸率= 15.0/分 体动=0.000  音量=0% 灯=0%
  03:12:50  [入睡] 规律度=0.87 呼吸率= 15.0/分 体动=0.000  音量=0% 灯=0%
  03:12:55  [入睡] 规律度=0.86 呼吸率= 15.0/分 体动=0.000  音量=0% 灯=0%
  03:13:00  [入睡] 规律度=0.86 呼吸率= 15.0/分 体动=0.000  音量=0% 灯=0%
  03:13:05  [入睡] 规律度=0.86 呼吸率= 15.0/分 体动=0.000  音量=0% 灯=0%
  03:13:10  [入睡] 规律度=0.86 呼吸率= 15.0/分 体动=0.000  音量=0% 灯=0%
  03:13:15  [入睡] 规律度=0.86 呼吸率= 15.0/分 体动=0.000  音量=0% 灯=0%
  03:13:20  [入睡] 规律度=0.86 呼吸率= 15.0/分 体动=0.000  音量=0% 灯=0%
  03:13:25  [入睡] 规律度=0.87 呼吸率= 15.0/分 体动=0.000  音量=0% 灯=0%
  03:13:30  [入睡] 规律度=0.86 呼吸率= 15.0/分 体动=0.000  音量=0% 灯=0%
  03:13:35  [入睡] 规律度=0.86 呼吸率= 15.0/分 体动=0.000  音量=0% 灯=0%
  03:13:40  [入睡] 规律度=0.87 呼吸率= 15.0/分 体动=0.000  音量=0% 灯=0%
  03:13:45  [入睡] 规律度=0.86 呼吸率= 15.0/分 体动=0.000  音量=0% 灯=0%
  03:13:50  [入睡] 规律度=0.86 呼吸率= 15.0/分 体动=0.000  音量=0% 灯=0%
  03:13:55  [入睡] 规律度=0.86 呼吸率= 15.0/分 体动=0.000  音量=0% 灯=0%
  03:14:00  [入睡] 规律度=0.86 呼吸率= 15.0/分 体动=0.000  音量=0% 灯=0%
  03:14:05  [入睡] 规律度=0.87 呼吸率= 15.0/分 体动=0.000  音量=0% 灯=0%
  03:14:10  [入睡] 规律度=0.86 呼吸率= 15.0/分 体动=0.000  音量=0% 灯=0%
  03:14:15  [入睡] 规律度=0.87 呼吸率= 15.0/分 体动=0.000  音量=0% 灯=0%
  03:14:20  [入睡] 规律度=0.86 呼吸率= 15.0/分 体动=0.000  音量=0% 灯=0%
  03:14:25  [入睡] 规律度=0.86 呼吸率= 15.0/分 体动=0.000  音量=0% 灯=0%
  03:14:30  [入睡] 规律度=0.86 呼吸率= 15.0/分 体动=0.000  音量=0% 灯=0%
  03:14:35  [入睡] 规律度=0.86 呼吸率= 15.0/分 体动=0.000  音量=0% 灯=0%
  03:14:40  [入睡] 规律度=0.86 呼吸率= 15.0/分 体动=0.000  音量=0% 灯=0%
  03:14:45  [入睡] 规律度=0.86 呼吸率= 15.0/分 体动=0.000  音量=0% 灯=0%
  03:14:50  [入睡] 规律度=0.87 呼吸率= 15.0/分 体动=0.000  音量=0% 灯=0%
  03:14:55  [入睡] 规律度=0.86 呼吸率= 15.0/分 体动=0.000  音量=0% 灯=0%
  03:15:00  [入睡] 规律度=0.86 呼吸率= 15.0/分 体动=0.000  音量=0% 灯=0%
  03:15:05  [入睡] 规律度=0.87 呼吸率= 15.0/分 体动=0.000  音量=0% 灯=0%
  03:15:10  [入睡] 规律度=0.86 呼吸率= 15.0/分 体动=0.000  音量=0% 灯=0%
  03:15:15  [入睡] 规律度=0.87 呼吸率= 15.0/分 体动=0.000  音量=0% 灯=0%
[link] ↑ 上报入睡判定：已入睡 置信=100%  呼吸=15次/分
  03:15:20  [入睡] 规律度=0.87 呼吸率= 15.0/分 体动=0.000  音量=0% 灯=0%
  03:15:25  [入睡] 规律度=0.87 呼吸率= 15.0/分 体动=0.000  音量=0% 灯=0%
  03:15:30  [入睡] 规律度=0.87 呼吸率= 15.0/分 体动=0.000  音量=0% 灯=0%
  03:15:35  [入睡] 规律度=0.86 呼吸率= 15.0/分 体动=0.000  音量=0% 灯=0%
  03:15:40  [入睡] 规律度=0.86 呼吸率= 15.0/分 体动=0.000  音量=0% 灯=0%
  03:15:45  [入睡] 规律度=0.86 呼吸率= 15.0/分 体动=0.000  音量=0% 灯=0%
  03:15:50  [入睡] 规律度=0.86 呼吸率= 15.0/分 体动=0.000  音量=0% 灯=0%
  03:15:55  [入睡] 规律度=0.86 呼吸率= 15.0/分 体动=0.000  音量=0% 灯=0%
  03:16:00  [入睡] 规律度=0.87 呼吸率= 15.0/分 体动=0.000  音量=0% 灯=0%
  03:16:05  [入睡] 规律度=0.87 呼吸率= 15.0/分 体动=0.000  音量=0% 灯=0%
  03:16:10  [入睡] 规律度=0.87 呼吸率= 15.0/分 体动=0.000  音量=0% 灯=0%
  03:16:15  [入睡] 规律度=0.87 呼吸率= 15.0/分 体动=0.000  音量=0% 灯=0%
  03:16:20  [入睡] 规律度=0.86 呼吸率= 15.0/分 体动=0.000  音量=0% 灯=0%
  03:16:25  [入睡] 规律度=0.86 呼吸率= 15.0/分 体动=0.000  音量=0% 灯=0%
  03:16:30  [入睡] 规律度=0.86 呼吸率= 15.0/分 体动=0.000  音量=0% 灯=0%
  03:16:35  [入睡] 规律度=0.86 呼吸率= 15.0/分 体动=0.000  音量=0% 灯=0%
  03:16:40  [入睡] 规律度=0.86 呼吸率= 15.0/分 体动=0.000  音量=0% 灯=0%
  03:16:45  [入睡] 规律度=0.87 呼吸率= 15.0/分 体动=0.000  音量=0% 灯=0%
  03:16:50  [入睡] 规律度=0.86 呼吸率= 15.0/分 体动=0.000  音量=0% 灯=0%
  03:16:55  [入睡] 规律度=0.87 呼吸率= 15.0/分 体动=0.000  音量=0% 灯=0%
  03:17:00  [入睡] 规律度=0.86 呼吸率= 15.0/分 体动=0.000  音量=0% 灯=0%
  03:17:05  [入睡] 规律度=0.86 呼吸率= 15.0/分 体动=0.000  音量=0% 灯=0%
  03:17:10  [入睡] 规律度=0.86 呼吸率= 15.0/分 体动=0.000  音量=0% 灯=0%
  03:17:15  [入睡] 规律度=0.86 呼吸率= 15.0/分 体动=0.000  音量=0% 灯=0%
  03:17:20  [入睡] 规律度=0.86 呼吸率= 15.0/分 体动=0.000  音量=0% 灯=0%
  03:17:25  [入睡] 规律度=0.87 呼吸率= 15.0/分 体动=0.000  音量=0% 灯=0%
  03:17:30  [入睡] 规律度=0.86 呼吸率= 15.0/分 体动=0.000  音量=0% 灯=0%
  03:17:35  [入睡] 规律度=0.86 呼吸率= 15.0/分 体动=0.000  音量=0% 灯=0%
  03:17:40  [入睡] 规律度=0.87 呼吸率= 15.0/分 体动=0.000  音量=0% 灯=0%
  03:17:45  [入睡] 规律度=0.86 呼吸率= 15.0/分 体动=0.000  音量=0% 灯=0%
  03:17:50  [入睡] 规律度=0.87 呼吸率= 15.0/分 体动=0.000  音量=0% 灯=0%
  03:17:55  [入睡] 规律度=0.86 呼吸率= 15.0/分 体动=0.000  音量=0% 灯=0%
  03:18:00  [入睡] 规律度=0.86 呼吸率= 15.0/分 体动=0.000  音量=0% 灯=0%
  03:18:05  [入睡] 规律度=0.86 呼吸率= 15.0/分 体动=0.000  音量=0% 灯=0%
  03:18:10  [入睡] 规律度=0.87 呼吸率= 15.0/分 体动=0.000  音量=0% 灯=0%
  03:18:15  [入睡] 规律度=0.86 呼吸率= 15.0/分 体动=0.000  音量=0% 灯=0%
  03:18:20  [入睡] 规律度=0.86 呼吸率= 15.0/分 体动=0.000  音量=0% 灯=0%
  03:18:25  [入睡] 规律度=0.87 呼吸率= 15.0/分 体动=0.000  音量=0% 灯=0%
  03:18:30  [入睡] 规律度=0.86 呼吸率= 15.0/分 体动=0.000  音量=0% 灯=0%
  03:18:35  [入睡] 规律度=0.86 呼吸率= 15.0/分 体动=0.000  音量=0% 灯=0%
  03:18:40  [入睡] 规律度=0.86 呼吸率= 15.0/分 体动=0.000  音量=0% 灯=0%
  03:18:45  [入睡] 规律度=0.87 呼吸率= 15.0/分 体动=0.000  音量=0% 灯=0%
  03:18:50  [入睡] 规律度=0.87 呼吸率= 15.0/分 体动=0.000  音量=0% 灯=0%
  03:18:55  [入睡] 规律度=0.87 呼吸率= 15.0/分 体动=0.000  音量=0% 灯=0%
  03:19:00  [入睡] 规律度=0.86 呼吸率= 15.0/分 体动=0.000  音量=0% 灯=0%
  03:19:05  [入睡] 规律度=0.87 呼吸率= 15.0/分 体动=0.000  音量=0% 灯=0%
  03:19:10  [入睡] 规律度=0.86 呼吸率= 15.0/分 体动=0.000  音量=0% 灯=0%
  03:19:15  [入睡] 规律度=0.86 呼吸率= 15.0/分 体动=0.000  音量=0% 灯=0%
  03:19:20  [入睡] 规律度=0.86 呼吸率= 15.0/分 体动=0.000  音量=0% 灯=0%
  03:19:25  [入睡] 规律度=0.86 呼吸率= 15.0/分 体动=0.000  音量=0% 灯=0%
  03:19:30  [入睡] 规律度=0.87 呼吸率= 15.0/分 体动=0.000  音量=0% 灯=0%
  03:19:35  [入睡] 规律度=0.86 呼吸率= 15.0/分 体动=0.000  音量=0% 灯=0%
  03:19:40  [入睡] 规律度=0.86 呼吸率= 15.0/分 体动=0.000  音量=0% 灯=0%
  03:19:45  [入睡] 规律度=0.87 呼吸率= 15.0/分 体动=0.000  音量=0% 灯=0%
  03:19:50  [入睡] 规律度=0.86 呼吸率= 15.0/分 体动=0.000  音量=0% 灯=0%
  03:19:55  [入睡] 规律度=0.87 呼吸率= 15.0/分 体动=0.000  音量=0% 灯=0%
  03:20:00  [入睡] 规律度=0.86 呼吸率= 15.0/分 体动=0.000  音量=0% 灯=0%
  03:20:05  [入睡] 规律度=0.87 呼吸率= 15.0/分 体动=0.000  音量=0% 灯=0%
  03:20:10  [入睡] 规律度=0.86 呼吸率= 15.0/分 体动=0.000  音量=0% 灯=0%
  03:20:15  [入睡] 规律度=0.87 呼吸率= 15.0/分 体动=0.000  音量=0% 灯=0%
[link] ↑ 上报入睡判定：已入睡 置信=100%  呼吸=15次/分
  03:20:20  [入睡] 规律度=0.86 呼吸率= 15.0/分 体动=0.000  音量=0% 灯=0%
  03:20:25  [入睡] 规律度=0.87 呼吸率= 15.0/分 体动=0.000  音量=0% 灯=0%
  03:20:30  [入睡] 规律度=0.87 呼吸率= 15.0/分 体动=0.000  音量=0% 灯=0%
  03:20:35  [入睡] 规律度=0.86 呼吸率= 15.0/分 体动=0.000  音量=0% 灯=0%
  03:20:40  [入睡] 规律度=0.86 呼吸率= 15.0/分 体动=0.000  音量=0% 灯=0%
  03:20:45  [入睡] 规律度=0.86 呼吸率= 15.0/分 体动=0.000  音量=0% 灯=0%
  03:20:50  [入睡] 规律度=0.86 呼吸率= 15.0/分 体动=0.000  音量=0% 灯=0%
  03:20:55  [入睡] 规律度=0.87 呼吸率= 15.0/分 体动=0.000  音量=0% 灯=0%
  03:21:00  [入睡] 规律度=0.86 呼吸率= 15.0/分 体动=0.000  音量=0% 灯=0%
  03:21:05  [入睡] 规律度=0.86 呼吸率= 15.0/分 体动=0.000  音量=0% 灯=0%
  03:21:10  [入睡] 规律度=0.86 呼吸率= 15.0/分 体动=0.000  音量=0% 灯=0%
  03:21:15  [入睡] 规律度=0.87 呼吸率= 15.0/分 体动=0.000  音量=0% 灯=0%
  03:21:20  [入睡] 规律度=0.87 呼吸率= 15.0/分 体动=0.000  音量=0% 灯=0%
  03:21:25  [入睡] 规律度=0.86 呼吸率= 15.0/分 体动=0.000  音量=0% 灯=0%
  03:21:30  [入睡] 规律度=0.86 呼吸率= 15.0/分 体动=0.000  音量=0% 灯=0%
  03:21:35  [入睡] 规律度=0.87 呼吸率= 15.0/分 体动=0.000  音量=0% 灯=0%
  03:21:40  [入睡] 规律度=0.87 呼吸率= 15.0/分 体动=0.000  音量=0% 灯=0%
  03:21:45  [入睡] 规律度=0.86 呼吸率= 15.0/分 体动=0.000  音量=0% 灯=0%
  03:21:50  [入睡] 规律度=0.86 呼吸率= 15.0/分 体动=0.000  音量=0% 灯=0%
  03:21:55  [入睡] 规律度=0.87 呼吸率= 15.0/分 体动=0.000  音量=0% 灯=0%
  03:22:00  [入睡] 规律度=0.86 呼吸率= 15.0/分 体动=0.000  音量=0% 灯=0%
  03:22:05  [入睡] 规律度=0.86 呼吸率= 15.0/分 体动=0.000  音量=0% 灯=0%
  03:22:10  [入睡] 规律度=0.86 呼吸率= 15.0/分 体动=0.000  音量=0% 灯=0%
  03:22:15  [入睡] 规律度=0.87 呼吸率= 15.0/分 体动=0.000  音量=0% 灯=0%
  03:22:20  [入睡] 规律度=0.86 呼吸率= 15.0/分 体动=0.000  音量=0% 灯=0%
  03:22:25  [入睡] 规律度=0.87 呼吸率= 15.0/分 体动=0.000  音量=0% 灯=0%
  03:22:30  [入睡] 规律度=0.87 呼吸率= 15.0/分 体动=0.000  音量=0% 灯=0%
  03:22:35  [入睡] 规律度=0.86 呼吸率= 15.0/分 体动=0.000  音量=0% 灯=0%
  03:22:40  [入睡] 规律度=0.87 呼吸率= 15.0/分 体动=0.000  音量=0% 灯=0%
  03:22:45  [入睡] 规律度=0.86 呼吸率= 15.0/分 体动=0.000  音量=0% 灯=0%
  03:22:50  [入睡] 规律度=0.86 呼吸率= 15.0/分 体动=0.000  音量=0% 灯=0%
  03:22:55  [入睡] 规律度=0.86 呼吸率= 15.0/分 体动=0.000  音量=0% 灯=0%
  03:23:00  [入睡] 规律度=0.87 呼吸率= 15.0/分 体动=0.000  音量=0% 灯=0%
  03:23:05  [入睡] 规律度=0.87 呼吸率= 15.0/分 体动=0.000  音量=0% 灯=0%
  03:23:10  [入睡] 规律度=0.86 呼吸率= 15.0/分 体动=0.000  音量=0% 灯=0%
  03:23:15  [入睡] 规律度=0.86 呼吸率= 15.0/分 体动=0.000  音量=0% 灯=0%
  03:23:20  [入睡] 规律度=0.86 呼吸率= 15.0/分 体动=0.000  音量=0% 灯=0%
  03:23:25  [入睡] 规律度=0.86 呼吸率= 15.0/分 体动=0.000  音量=0% 灯=0%
  03:23:30  [入睡] 规律度=0.86 呼吸率= 15.0/分 体动=0.000  音量=0% 灯=0%
  03:23:35  [入睡] 规律度=0.86 呼吸率= 15.0/分 体动=0.000  音量=0% 灯=0%
  03:23:40  [入睡] 规律度=0.86 呼吸率= 15.0/分 体动=0.000  音量=0% 灯=0%
  03:23:45  [入睡] 规律度=0.87 呼吸率= 15.0/分 体动=0.000  音量=0% 灯=0%
  03:23:50  [入睡] 规律度=0.86 呼吸率= 15.0/分 体动=0.000  音量=0% 灯=0%
  03:23:55  [入睡] 规律度=0.86 呼吸率= 15.0/分 体动=0.000  音量=0% 灯=0%
  03:24:00  [入睡] 规律度=0.87 呼吸率= 15.0/分 体动=0.000  音量=0% 灯=0%
  03:24:05  [入睡] 规律度=0.86 呼吸率= 15.0/分 体动=0.000  音量=0% 灯=0%
  03:24:10  [入睡] 规律度=0.86 呼吸率= 15.0/分 体动=0.000  音量=0% 灯=0%
  03:24:15  [入睡] 规律度=0.86 呼吸率= 15.0/分 体动=0.000  音量=0% 灯=0%
  03:24:20  [入睡] 规律度=0.86 呼吸率= 15.0/分 体动=0.000  音量=0% 灯=0%
  03:24:25  [入睡] 规律度=0.87 呼吸率= 15.0/分 体动=0.000  音量=0% 灯=0%
  03:24:30  [入睡] 规律度=0.86 呼吸率= 15.0/分 体动=0.000  音量=0% 灯=0%
  03:24:35  [入睡] 规律度=0.87 呼吸率= 15.0/分 体动=0.000  音量=0% 灯=0%
  03:24:40  [入睡] 规律度=0.86 呼吸率= 15.0/分 体动=0.000  音量=0% 灯=0%
  03:24:45  [入睡] 规律度=0.86 呼吸率= 15.0/分 体动=0.000  音量=0% 灯=0%
  03:24:50  [入睡] 规律度=0.87 呼吸率= 15.0/分 体动=0.000  音量=0% 灯=0%
  03:24:55  [入睡] 规律度=0.86 呼吸率= 15.0/分 体动=0.000  音量=0% 灯=0%
  03:25:00  [入睡] 规律度=0.86 呼吸率= 15.0/分 体动=0.000  音量=0% 灯=0%
  03:25:05  [入睡] 规律度=0.86 呼吸率= 15.0/分 体动=0.000  音量=0% 灯=0%
  03:25:10  [入睡] 规律度=0.86 呼吸率= 15.0/分 体动=0.000  音量=0% 灯=0%
  03:25:15  [入睡] 规律度=0.86 呼吸率= 15.0/分 体动=0.000  音量=0% 灯=0%
[link] ↑ 上报入睡判定：已入睡 置信=100%  呼吸=15次/分
  03:25:20  [入睡] 规律度=0.86 呼吸率= 15.0/分 体动=0.000  音量=0% 灯=0%
  03:25:25  [入睡] 规律度=0.86 呼吸率= 15.0/分 体动=0.000  音量=0% 灯=0%
  03:25:30  [入睡] 规律度=0.86 呼吸率= 15.0/分 体动=0.000  音量=0% 灯=0%
  03:25:35  [入睡] 规律度=0.87 呼吸率= 15.0/分 体动=0.000  音量=0% 灯=0%
  03:25:40  [入睡] 规律度=0.86 呼吸率= 15.0/分 体动=0.000  音量=0% 灯=0%
  03:25:45  [入睡] 规律度=0.86 呼吸率= 15.0/分 体动=0.000  音量=0% 灯=0%
  03:25:50  [入睡] 规律度=0.86 呼吸率= 15.0/分 体动=0.000  音量=0% 灯=0%
  03:25:55  [入睡] 规律度=0.86 呼吸率= 15.0/分 体动=0.000  音量=0% 灯=0%
  03:26:00  [入睡] 规律度=0.87 呼吸率= 15.0/分 体动=0.000  音量=0% 灯=0%
  03:26:05  [入睡] 规律度=0.86 呼吸率= 15.0/分 体动=0.000  音量=0% 灯=0%
  03:26:10  [入睡] 规律度=0.86 呼吸率= 15.0/分 体动=0.000  音量=0% 灯=0%
  03:26:15  [入睡] 规律度=0.87 呼吸率= 15.0/分 体动=0.000  音量=0% 灯=0%
  03:26:20  [入睡] 规律度=0.86 呼吸率= 15.0/分 体动=0.000  音量=0% 灯=0%
  03:26:25  [入睡] 规律度=0.87 呼吸率= 15.0/分 体动=0.000  音量=0% 灯=0%
  03:26:30  [入睡] 规律度=0.86 呼吸率= 15.0/分 体动=0.000  音量=0% 灯=0%
  03:26:35  [入睡] 规律度=0.86 呼吸率= 15.0/分 体动=0.000  音量=0% 灯=0%
  03:26:40  [入睡] 规律度=0.87 呼吸率= 15.0/分 体动=0.000  音量=0% 灯=0%
  03:26:45  [入睡] 规律度=0.86 呼吸率= 15.0/分 体动=0.000  音量=0% 灯=0%
  03:26:50  [入睡] 规律度=0.87 呼吸率= 15.0/分 体动=0.000  音量=0% 灯=0%
  03:26:55  [入睡] 规律度=0.87 呼吸率= 15.0/分 体动=0.000  音量=0% 灯=0%
  03:27:00  [入睡] 规律度=0.86 呼吸率= 15.0/分 体动=0.000  音量=0% 灯=0%
  03:27:05  [入睡] 规律度=0.86 呼吸率= 15.0/分 体动=0.000  音量=0% 灯=0%
  03:27:10  [入睡] 规律度=0.87 呼吸率= 15.0/分 体动=0.000  音量=0% 灯=0%
  03:27:15  [入睡] 规律度=0.86 呼吸率= 15.0/分 体动=0.000  音量=0% 灯=0%
  03:27:20  [入睡] 规律度=0.86 呼吸率= 15.0/分 体动=0.000  音量=0% 灯=0%
  03:27:25  [入睡] 规律度=0.86 呼吸率= 15.0/分 体动=0.000  音量=0% 灯=0%
  03:27:30  [入睡] 规律度=0.86 呼吸率= 15.0/分 体动=0.000  音量=0% 灯=0%
  03:27:35  [入睡] 规律度=0.86 呼吸率= 15.0/分 体动=0.000  音量=0% 灯=0%
  03:27:40  [入睡] 规律度=0.86 呼吸率= 15.0/分 体动=0.000  音量=0% 灯=0%
  03:27:45  [入睡] 规律度=0.87 呼吸率= 15.0/分 体动=0.000  音量=0% 灯=0%
  03:27:50  [入睡] 规律度=0.86 呼吸率= 15.0/分 体动=0.000  音量=0% 灯=0%
  03:27:55  [入睡] 规律度=0.87 呼吸率= 15.0/分 体动=0.000  音量=0% 灯=0%
  03:28:00  [入睡] 规律度=0.87 呼吸率= 15.0/分 体动=0.000  音量=0% 灯=0%
  03:28:05  [入睡] 规律度=0.86 呼吸率= 15.0/分 体动=0.000  音量=0% 灯=0%
  03:28:10  [入睡] 规律度=0.86 呼吸率= 15.0/分 体动=0.000  音量=0% 灯=0%
  03:28:15  [入睡] 规律度=0.86 呼吸率= 15.0/分 体动=0.000  音量=0% 灯=0%
  03:28:20  [入睡] 规律度=0.86 呼吸率= 15.0/分 体动=0.000  音量=0% 灯=0%
  03:28:25  [入睡] 规律度=0.86 呼吸率= 15.0/分 体动=0.000  音量=0% 灯=0%
  03:28:30  [入睡] 规律度=0.86 呼吸率= 15.0/分 体动=0.000  音量=0% 灯=0%
  03:28:35  [入睡] 规律度=0.86 呼吸率= 15.0/分 体动=0.000  音量=0% 灯=0%
  03:28:40  [入睡] 规律度=0.87 呼吸率= 15.0/分 体动=0.000  音量=0% 灯=0%
  03:28:45  [入睡] 规律度=0.87 呼吸率= 15.0/分 体动=0.000  音量=0% 灯=0%
  03:28:50  [入睡] 规律度=0.87 呼吸率= 15.0/分 体动=0.000  音量=0% 灯=0%
  03:28:55  [入睡] 规律度=0.87 呼吸率= 15.0/分 体动=0.000  音量=0% 灯=0%
  03:29:00  [入睡] 规律度=0.86 呼吸率= 15.0/分 体动=0.000  音量=0% 灯=0%
  03:29:05  [入睡] 规律度=0.86 呼吸率= 15.0/分 体动=0.000  音量=0% 灯=0%
  03:29:10  [入睡] 规律度=0.86 呼吸率= 15.0/分 体动=0.000  音量=0% 灯=0%
  03:29:15  [入睡] 规律度=0.86 呼吸率= 15.0/分 体动=0.000  音量=0% 灯=0%
  03:29:20  [入睡] 规律度=0.87 呼吸率= 15.0/分 体动=0.000  音量=0% 灯=0%
  03:29:25  [入睡] 规律度=0.86 呼吸率= 15.0/分 体动=0.000  音量=0% 灯=0%
  03:29:30  [入睡] 规律度=0.87 呼吸率= 15.0/分 体动=0.000  音量=0% 灯=0%
  03:29:35  [入睡] 规律度=0.86 呼吸率= 15.0/分 体动=0.000  音量=0% 灯=0%
  03:29:40  [入睡] 规律度=0.87 呼吸率= 15.0/分 体动=0.000  音量=0% 灯=0%
  03:29:45  [入睡] 规律度=0.86 呼吸率= 15.0/分 体动=0.000  音量=0% 灯=0%
  03:29:50  [入睡] 规律度=0.86 呼吸率= 15.0/分 体动=0.000  音量=0% 灯=0%
  03:29:55  [入睡] 规律度=0.86 呼吸率= 15.0/分 体动=0.000  音量=0% 灯=0%
  03:30:00  [入睡] 规律度=0.87 呼吸率= 15.0/分 体动=0.000  音量=0% 灯=0%
  03:30:05  [入睡] 规律度=0.87 呼吸率= 15.0/分 体动=0.000  音量=0% 灯=0%
  03:30:10  [入睡] 规律度=0.87 呼吸率= 15.0/分 体动=0.000  音量=0% 灯=0%
  03:30:15  [入睡] 规律度=0.86 呼吸率= 15.0/分 体动=0.000  音量=0% 灯=0%
[link] ↑ 上报入睡判定：已入睡 置信=100%  呼吸=15次/分
  03:30:20  [入睡] 规律度=0.86 呼吸率= 15.0/分 体动=0.000  音量=0% 灯=0%
  03:30:25  [入睡] 规律度=0.86 呼吸率= 15.0/分 体动=0.000  音量=0% 灯=0%
  03:30:30  [入睡] 规律度=0.87 呼吸率= 15.0/分 体动=0.000  音量=0% 灯=0%
  03:30:35  [入睡] 规律度=0.86 呼吸率= 15.0/分 体动=0.000  音量=0% 灯=0%
  03:30:40  [入睡] 规律度=0.87 呼吸率= 15.0/分 体动=0.000  音量=0% 灯=0%
  03:30:45  [入睡] 规律度=0.87 呼吸率= 15.0/分 体动=0.000  音量=0% 灯=0%
  03:30:50  [入睡] 规律度=0.86 呼吸率= 15.0/分 体动=0.000  音量=0% 灯=0%
  03:30:55  [入睡] 规律度=0.86 呼吸率= 15.0/分 体动=0.000  音量=0% 灯=0%
  03:31:00  [入睡] 规律度=0.87 呼吸率= 15.0/分 体动=0.000  音量=0% 灯=0%
  03:31:05  [入睡] 规律度=0.86 呼吸率= 15.0/分 体动=0.000  音量=0% 灯=0%
  03:31:10  [入睡] 规律度=0.86 呼吸率= 15.0/分 体动=0.000  音量=0% 灯=0%
  03:31:15  [入睡] 规律度=0.86 呼吸率= 15.0/分 体动=0.000  音量=0% 灯=0%
  03:31:20  [入睡] 规律度=0.87 呼吸率= 15.0/分 体动=0.000  音量=0% 灯=0%
  03:31:25  [入睡] 规律度=0.86 呼吸率= 15.0/分 体动=0.000  音量=0% 灯=0%
  03:31:30  [入睡] 规律度=0.87 呼吸率= 15.0/分 体动=0.000  音量=0% 灯=0%
  03:31:35  [入睡] 规律度=0.87 呼吸率= 15.0/分 体动=0.000  音量=0% 灯=0%
  03:31:40  [入睡] 规律度=0.86 呼吸率= 15.0/分 体动=0.000  音量=0% 灯=0%
  03:31:45  [入睡] 规律度=0.86 呼吸率= 15.0/分 体动=0.000  音量=0% 灯=0%
  03:31:50  [入睡] 规律度=0.87 呼吸率= 15.0/分 体动=0.000  音量=0% 灯=0%
  03:31:55  [入睡] 规律度=0.86 呼吸率= 15.0/分 体动=0.000  音量=0% 灯=0%
  03:32:00  [入睡] 规律度=0.86 呼吸率= 15.0/分 体动=0.000  音量=0% 灯=0%
  03:32:05  [入睡] 规律度=0.87 呼吸率= 15.0/分 体动=0.000  音量=0% 灯=0%
  03:32:10  [入睡] 规律度=0.86 呼吸率= 15.0/分 体动=0.000  音量=0% 灯=0%
  03:32:15  [入睡] 规律度=0.86 呼吸率= 15.0/分 体动=0.000  音量=0% 灯=0%
  03:32:20  [入睡] 规律度=0.86 呼吸率= 15.0/分 体动=0.000  音量=0% 灯=0%
  03:32:25  [入睡] 规律度=0.86 呼吸率= 15.0/分 体动=0.000  音量=0% 灯=0%
  03:32:30  [入睡] 规律度=0.87 呼吸率= 15.0/分 体动=0.000  音量=0% 灯=0%
  03:32:35  [入睡] 规律度=0.86 呼吸率= 15.0/分 体动=0.000  音量=0% 灯=0%
  03:32:40  [入睡] 规律度=0.87 呼吸率= 15.0/分 体动=0.000  音量=0% 灯=0%
  03:32:45  [入睡] 规律度=0.86 呼吸率= 15.0/分 体动=0.000  音量=0% 灯=0%
  03:32:50  [入睡] 规律度=0.86 呼吸率= 15.0/分 体动=0.000  音量=0% 灯=0%
  03:32:55  [入睡] 规律度=0.86 呼吸率= 15.0/分 体动=0.000  音量=0% 灯=0%
  03:33:00  [入睡] 规律度=0.86 呼吸率= 15.0/分 体动=0.000  音量=0% 灯=0%
  03:33:05  [入睡] 规律度=0.86 呼吸率= 15.0/分 体动=0.000  音量=0% 灯=0%
  03:33:10  [入睡] 规律度=0.86 呼吸率= 15.0/分 体动=0.000  音量=0% 灯=0%
  03:33:15  [入睡] 规律度=0.86 呼吸率= 15.0/分 体动=0.000  音量=0% 灯=0%
  03:33:20  [入睡] 规律度=0.86 呼吸率= 15.0/分 体动=0.000  音量=0% 灯=0%
  03:33:25  [入睡] 规律度=0.87 呼吸率= 15.0/分 体动=0.000  音量=0% 灯=0%
  03:33:30  [入睡] 规律度=0.86 呼吸率= 15.0/分 体动=0.000  音量=0% 灯=0%
  03:33:35  [入睡] 规律度=0.87 呼吸率= 15.0/分 体动=0.000  音量=0% 灯=0%
  03:33:40  [入睡] 规律度=0.86 呼吸率= 15.0/分 体动=0.000  音量=0% 灯=0%
  03:33:45  [入睡] 规律度=0.87 呼吸率= 15.0/分 体动=0.000  音量=0% 灯=0%
  03:33:50  [入睡] 规律度=0.87 呼吸率= 15.0/分 体动=0.000  音量=0% 灯=0%
  03:33:55  [入睡] 规律度=0.86 呼吸率= 15.0/分 体动=0.000  音量=0% 灯=0%
  03:34:00  [入睡] 规律度=0.87 呼吸率= 15.0/分 体动=0.000  音量=0% 灯=0%
  03:34:05  [入睡] 规律度=0.86 呼吸率= 15.0/分 体动=0.000  音量=0% 灯=0%
  03:34:10  [入睡] 规律度=0.87 呼吸率= 15.0/分 体动=0.000  音量=0% 灯=0%
  03:34:15  [入睡] 规律度=0.87 呼吸率= 15.0/分 体动=0.000  音量=0% 灯=0%
  03:34:20  [入睡] 规律度=0.86 呼吸率= 15.0/分 体动=0.000  音量=0% 灯=0%
  03:34:25  [入睡] 规律度=0.86 呼吸率= 15.0/分 体动=0.000  音量=0% 灯=0%
  03:34:30  [入睡] 规律度=0.86 呼吸率= 15.0/分 体动=0.000  音量=0% 灯=0%
  03:34:35  [入睡] 规律度=0.87 呼吸率= 15.0/分 体动=0.000  音量=0% 灯=0%
  03:34:40  [入睡] 规律度=0.87 呼吸率= 15.0/分 体动=0.000  音量=0% 灯=0%
  03:34:45  [入睡] 规律度=0.86 呼吸率= 15.0/分 体动=0.000  音量=0% 灯=0%
  03:34:50  [入睡] 规律度=0.87 呼吸率= 15.0/分 体动=0.000  音量=0% 灯=0%
  03:34:55  [入睡] 规律度=0.86 呼吸率= 15.0/分 体动=0.000  音量=0% 灯=0%
  03:35:00  [入睡] 规律度=0.86 呼吸率= 15.0/分 体动=0.000  音量=0% 灯=0%
  03:35:05  [入睡] 规律度=0.87 呼吸率= 15.0/分 体动=0.000  音量=0% 灯=0%
  03:35:10  [入睡] 规律度=0.86 呼吸率= 15.0/分 体动=0.000  音量=0% 灯=0%
  03:35:15  [入睡] 规律度=0.86 呼吸率= 15.0/分 体动=0.000  音量=0% 灯=0%
[link] ↑ 上报入睡判定：已入睡 置信=100%  呼吸=15次/分
  03:35:20  [入睡] 规律度=0.86 呼吸率= 15.0/分 体动=0.000  音量=0% 灯=0%
  03:35:25  [入睡] 规律度=0.86 呼吸率= 15.0/分 体动=0.000  音量=0% 灯=0%
  03:35:30  [入睡] 规律度=0.87 呼吸率= 15.0/分 体动=0.000  音量=0% 灯=0%
  03:35:35  [入睡] 规律度=0.86 呼吸率= 15.0/分 体动=0.000  音量=0% 灯=0%
  03:35:40  [入睡] 规律度=0.86 呼吸率= 15.0/分 体动=0.000  音量=0% 灯=0%
  03:35:45  [入睡] 规律度=0.86 呼吸率= 15.0/分 体动=0.000  音量=0% 灯=0%
  03:35:50  [入睡] 规律度=0.87 呼吸率= 15.0/分 体动=0.000  音量=0% 灯=0%
  03:35:55  [入睡] 规律度=0.87 呼吸率= 15.0/分 体动=0.000  音量=0% 灯=0%
  03:36:00  [入睡] 规律度=0.86 呼吸率= 15.0/分 体动=0.000  音量=0% 灯=0%
  03:36:05  [入睡] 规律度=0.87 呼吸率= 15.0/分 体动=0.000  音量=0% 灯=0%
  03:36:10  [入睡] 规律度=0.86 呼吸率= 15.0/分 体动=0.000  音量=0% 灯=0%
  03:36:15  [入睡] 规律度=0.86 呼吸率= 15.0/分 体动=0.000  音量=0% 灯=0%
  03:36:20  [入睡] 规律度=0.86 呼吸率= 15.0/分 体动=0.000  音量=0% 灯=0%
  03:36:25  [入睡] 规律度=0.86 呼吸率= 15.0/分 体动=0.000  音量=0% 灯=0%
  03:36:30  [入睡] 规律度=0.87 呼吸率= 15.0/分 体动=0.000  音量=0% 灯=0%
  03:36:35  [入睡] 规律度=0.87 呼吸率= 15.0/分 体动=0.000  音量=0% 灯=0%
  03:36:40  [入睡] 规律度=0.87 呼吸率= 15.0/分 体动=0.000  音量=0% 灯=0%
  03:36:45  [入睡] 规律度=0.87 呼吸率= 15.0/分 体动=0.000  音量=0% 灯=0%
  03:36:50  [入睡] 规律度=0.86 呼吸率= 15.0/分 体动=0.000  音量=0% 灯=0%
  03:36:55  [入睡] 规律度=0.86 呼吸率= 15.0/分 体动=0.000  音量=0% 灯=0%
  03:37:00  [入睡] 规律度=0.86 呼吸率= 15.0/分 体动=0.000  音量=0% 灯=0%
  03:37:05  [入睡] 规律度=0.87 呼吸率= 15.0/分 体动=0.000  音量=0% 灯=0%
  03:37:10  [入睡] 规律度=0.87 呼吸率= 15.0/分 体动=0.000  音量=0% 灯=0%
  03:37:15  [入睡] 规律度=0.86 呼吸率= 15.0/分 体动=0.000  音量=0% 灯=0%
  03:37:20  [入睡] 规律度=0.87 呼吸率= 15.0/分 体动=0.000  音量=0% 灯=0%
  03:37:25  [入睡] 规律度=0.86 呼吸率= 15.0/分 体动=0.000  音量=0% 灯=0%
  03:37:30  [入睡] 规律度=0.87 呼吸率= 15.0/分 体动=0.000  音量=0% 灯=0%
  03:37:35  [入睡] 规律度=0.86 呼吸率= 15.0/分 体动=0.000  音量=0% 灯=0%
  03:37:40  [入睡] 规律度=0.86 呼吸率= 15.0/分 体动=0.000  音量=0% 灯=0%
  03:37:45  [入睡] 规律度=0.87 呼吸率= 15.0/分 体动=0.000  音量=0% 灯=0%
  03:37:50  [入睡] 规律度=0.86 呼吸率= 15.0/分 体动=0.000  音量=0% 灯=0%
  03:37:55  [入睡] 规律度=0.86 呼吸率= 15.0/分 体动=0.000  音量=0% 灯=0%
  03:38:00  [入睡] 规律度=0.86 呼吸率= 15.0/分 体动=0.000  音量=0% 灯=0%
  03:38:05  [入睡] 规律度=0.86 呼吸率= 15.0/分 体动=0.000  音量=0% 灯=0%
  03:38:10  [入睡] 规律度=0.87 呼吸率= 15.0/分 体动=0.000  音量=0% 灯=0%
  03:38:15  [入睡] 规律度=0.86 呼吸率= 15.0/分 体动=0.000  音量=0% 灯=0%
  03:38:20  [入睡] 规律度=0.87 呼吸率= 15.0/分 体动=0.000  音量=0% 灯=0%
  03:38:25  [入睡] 规律度=0.87 呼吸率= 15.0/分 体动=0.000  音量=0% 灯=0%
  03:38:30  [入睡] 规律度=0.86 呼吸率= 15.0/分 体动=0.000  音量=0% 灯=0%
  03:38:35  [入睡] 规律度=0.87 呼吸率= 15.0/分 体动=0.000  音量=0% 灯=0%
  03:38:40  [入睡] 规律度=0.86 呼吸率= 15.0/分 体动=0.000  音量=0% 灯=0%
  03:38:45  [入睡] 规律度=0.86 呼吸率= 15.0/分 体动=0.000  音量=0% 灯=0%
  03:38:50  [入睡] 规律度=0.86 呼吸率= 15.0/分 体动=0.000  音量=0% 灯=0%
  03:38:55  [入睡] 规律度=0.86 呼吸率= 15.0/分 体动=0.000  音量=0% 灯=0%
  03:39:00  [入睡] 规律度=0.86 呼吸率= 15.0/分 体动=0.000  音量=0% 灯=0%
  03:39:05  [入睡] 规律度=0.87 呼吸率= 15.0/分 体动=0.000  音量=0% 灯=0%
  03:39:10  [入睡] 规律度=0.87 呼吸率= 15.0/分 体动=0.000  音量=0% 灯=0%
  03:39:15  [入睡] 规律度=0.86 呼吸率= 15.0/分 体动=0.000  音量=0% 灯=0%
  03:39:20  [入睡] 规律度=0.86 呼吸率= 15.0/分 体动=0.000  音量=0% 灯=0%
  03:39:25  [入睡] 规律度=0.86 呼吸率= 15.0/分 体动=0.000  音量=0% 灯=0%
  03:39:30  [入睡] 规律度=0.86 呼吸率= 15.0/分 体动=0.000  音量=0% 灯=0%
  03:39:35  [入睡] 规律度=0.86 呼吸率= 15.0/分 体动=0.000  音量=0% 灯=0%
  03:39:40  [入睡] 规律度=0.86 呼吸率= 15.0/分 体动=0.000  音量=0% 灯=0%
  03:39:45  [入睡] 规律度=0.86 呼吸率= 15.0/分 体动=0.000  音量=0% 灯=0%
  03:39:50  [入睡] 规律度=0.87 呼吸率= 15.0/分 体动=0.000  音量=0% 灯=0%
  03:39:55  [入睡] 规律度=0.87 呼吸率= 15.0/分 体动=0.000  音量=0% 灯=0%
  03:40:00  [入睡] 规律度=0.86 呼吸率= 15.0/分 体动=0.000  音量=0% 灯=0%
  03:40:05  [入睡] 规律度=0.86 呼吸率= 15.0/分 体动=0.000  音量=0% 灯=0%
  03:40:10  [入睡] 规律度=0.86 呼吸率= 15.0/分 体动=0.000  音量=0% 灯=0%
  03:40:15  [入睡] 规律度=0.86 呼吸率= 15.0/分 体动=0.000  音量=0% 灯=0%
[link] ↑ 上报入睡判定：已入睡 置信=100%  呼吸=15次/分
  03:40:20  [入睡] 规律度=0.86 呼吸率= 15.0/分 体动=0.000  音量=0% 灯=0%
  03:40:25  [入睡] 规律度=0.87 呼吸率= 15.0/分 体动=0.000  音量=0% 灯=0%
  03:40:30  [入睡] 规律度=0.86 呼吸率= 15.0/分 体动=0.000  音量=0% 灯=0%
  03:40:35  [入睡] 规律度=0.87 呼吸率= 15.0/分 体动=0.000  音量=0% 灯=0%
  03:40:40  [入睡] 规律度=0.86 呼吸率= 15.0/分 体动=0.000  音量=0% 灯=0%
  03:40:45  [入睡] 规律度=0.86 呼吸率= 15.0/分 体动=0.000  音量=0% 灯=0%
  03:40:50  [入睡] 规律度=0.87 呼吸率= 15.0/分 体动=0.000  音量=0% 灯=0%
  03:40:55  [入睡] 规律度=0.86 呼吸率= 15.0/分 体动=0.000  音量=0% 灯=0%
  03:41:00  [入睡] 规律度=0.86 呼吸率= 15.0/分 体动=0.000  音量=0% 灯=0%
  03:41:05  [入睡] 规律度=0.86 呼吸率= 15.0/分 体动=0.000  音量=0% 灯=0%
  03:41:10  [入睡] 规律度=0.86 呼吸率= 15.0/分 体动=0.000  音量=0% 灯=0%
  03:41:15  [入睡] 规律度=0.86 呼吸率= 15.0/分 体动=0.000  音量=0% 灯=0%
  03:41:20  [入睡] 规律度=0.86 呼吸率= 15.0/分 体动=0.000  音量=0% 灯=0%
  03:41:25  [入睡] 规律度=0.87 呼吸率= 15.0/分 体动=0.000  音量=0% 灯=0%
  03:41:30  [入睡] 规律度=0.86 呼吸率= 15.0/分 体动=0.000  音量=0% 灯=0%
  03:41:35  [入睡] 规律度=0.87 呼吸率= 15.0/分 体动=0.000  音量=0% 灯=0%
  03:41:40  [入睡] 规律度=0.87 呼吸率= 15.0/分 体动=0.000  音量=0% 灯=0%
  03:41:45  [入睡] 规律度=0.86 呼吸率= 15.0/分 体动=0.000  音量=0% 灯=0%
  03:41:50  [入睡] 规律度=0.87 呼吸率= 15.0/分 体动=0.000  音量=0% 灯=0%
  03:41:55  [入睡] 规律度=0.87 呼吸率= 15.0/分 体动=0.000  音量=0% 灯=0%
  03:42:00  [入睡] 规律度=0.86 呼吸率= 15.0/分 体动=0.000  音量=0% 灯=0%
  03:42:05  [入睡] 规律度=0.87 呼吸率= 15.0/分 体动=0.000  音量=0% 灯=0%
  03:42:10  [入睡] 规律度=0.86 呼吸率= 15.0/分 体动=0.000  音量=0% 灯=0%
  03:42:15  [入睡] 规律度=0.86 呼吸率= 15.0/分 体动=0.000  音量=0% 灯=0%
  03:42:20  [入睡] 规律度=0.86 呼吸率= 15.0/分 体动=0.000  音量=0% 灯=0%
  03:42:25  [入睡] 规律度=0.87 呼吸率= 15.0/分 体动=0.000  音量=0% 灯=0%
  03:42:30  [入睡] 规律度=0.86 呼吸率= 15.0/分 体动=0.000  音量=0% 灯=0%
  03:42:35  [入睡] 规律度=0.87 呼吸率= 15.0/分 体动=0.000  音量=0% 灯=0%
  03:42:40  [入睡] 规律度=0.86 呼吸率= 15.0/分 体动=0.000  音量=0% 灯=0%
  03:42:45  [入睡] 规律度=0.86 呼吸率= 15.0/分 体动=0.000  音量=0% 灯=0%
  03:42:50  [入睡] 规律度=0.87 呼吸率= 15.0/分 体动=0.000  音量=0% 灯=0%
  03:42:55  [入睡] 规律度=0.86 呼吸率= 15.0/分 体动=0.000  音量=0% 灯=0%
  03:43:00  [入睡] 规律度=0.87 呼吸率= 15.0/分 体动=0.000  音量=0% 灯=0%
  03:43:05  [入睡] 规律度=0.86 呼吸率= 15.0/分 体动=0.000  音量=0% 灯=0%
  03:43:10  [入睡] 规律度=0.87 呼吸率= 15.0/分 体动=0.000  音量=0% 灯=0%
  03:43:15  [入睡] 规律度=0.86 呼吸率= 15.0/分 体动=0.000  音量=0% 灯=0%
  03:43:20  [入睡] 规律度=0.87 呼吸率= 15.0/分 体动=0.000  音量=0% 灯=0%
  03:43:25  [入睡] 规律度=0.87 呼吸率= 15.0/分 体动=0.000  音量=0% 灯=0%
  03:43:30  [入睡] 规律度=0.86 呼吸率= 15.0/分 体动=0.000  音量=0% 灯=0%
  03:43:35  [入睡] 规律度=0.86 呼吸率= 15.0/分 体动=0.000  音量=0% 灯=0%
  03:43:40  [入睡] 规律度=0.86 呼吸率= 15.0/分 体动=0.000  音量=0% 灯=0%
  03:43:45  [入睡] 规律度=0.86 呼吸率= 15.0/分 体动=0.000  音量=0% 灯=0%
  03:43:50  [入睡] 规律度=0.87 呼吸率= 15.0/分 体动=0.000  音量=0% 灯=0%
  03:43:55  [入睡] 规律度=0.87 呼吸率= 15.0/分 体动=0.000  音量=0% 灯=0%
  03:44:00  [入睡] 规律度=0.87 呼吸率= 15.0/分 体动=0.000  音量=0% 灯=0%
  03:44:05  [入睡] 规律度=0.87 呼吸率= 15.0/分 体动=0.000  音量=0% 灯=0%
  03:44:10  [入睡] 规律度=0.87 呼吸率= 15.0/分 体动=0.000  音量=0% 灯=0%
  03:44:15  [入睡] 规律度=0.86 呼吸率= 15.0/分 体动=0.000  音量=0% 灯=0%
  03:44:20  [入睡] 规律度=0.86 呼吸率= 15.0/分 体动=0.000  音量=0% 灯=0%
  03:44:25  [入睡] 规律度=0.86 呼吸率= 15.0/分 体动=0.000  音量=0% 灯=0%
  03:44:30  [入睡] 规律度=0.87 呼吸率= 15.0/分 体动=0.000  音量=0% 灯=0%
  03:44:35  [入睡] 规律度=0.86 呼吸率= 15.0/分 体动=0.000  音量=0% 灯=0%
  03:44:40  [入睡] 规律度=0.86 呼吸率= 15.0/分 体动=0.000  音量=0% 灯=0%
  03:44:45  [入睡] 规律度=0.87 呼吸率= 15.0/分 体动=0.000  音量=0% 灯=0%
  03:44:50  [入睡] 规律度=0.86 呼吸率= 15.0/分 体动=0.000  音量=0% 灯=0%
  03:44:55  [入睡] 规律度=0.86 呼吸率= 15.0/分 体动=0.000  音量=0% 灯=0%
  03:45:00  [入睡] 规律度=0.86 呼吸率= 15.0/分 体动=0.000  音量=0% 灯=0%
  03:45:05  [入睡] 规律度=0.86 呼吸率= 15.0/分 体动=0.000  音量=0% 灯=0%
  03:45:10  [入睡] 规律度=0.87 呼吸率= 15.0/分 体动=0.000  音量=0% 灯=0%
  03:45:15  [入睡] 规律度=0.87 呼吸率= 15.0/分 体动=0.000  音量=0% 灯=0%
[link] ↑ 上报入睡判定：已入睡 置信=100%  呼吸=15次/分
  03:45:20  [入睡] 规律度=0.86 呼吸率= 15.0/分 体动=0.000  音量=0% 灯=0%
  03:45:25  [入睡] 规律度=0.87 呼吸率= 15.0/分 体动=0.000  音量=0% 灯=0%
  03:45:30  [入睡] 规律度=0.86 呼吸率= 15.0/分 体动=0.000  音量=0% 灯=0%
  03:45:35  [入睡] 规律度=0.86 呼吸率= 15.0/分 体动=0.000  音量=0% 灯=0%
  03:45:40  [入睡] 规律度=0.86 呼吸率= 15.0/分 体动=0.000  音量=0% 灯=0%
  03:45:45  [入睡] 规律度=0.87 呼吸率= 15.0/分 体动=0.000  音量=0% 灯=0%
  03:45:50  [入睡] 规律度=0.87 呼吸率= 15.0/分 体动=0.000  音量=0% 灯=0%
  03:45:55  [入睡] 规律度=0.86 呼吸率= 15.0/分 体动=0.000  音量=0% 灯=0%
  03:46:00  [入睡] 规律度=0.86 呼吸率= 15.0/分 体动=0.000  音量=0% 灯=0%
  03:46:05  [入睡] 规律度=0.87 呼吸率= 15.0/分 体动=0.000  音量=0% 灯=0%
  03:46:10  [入睡] 规律度=0.87 呼吸率= 15.0/分 体动=0.000  音量=0% 灯=0%
  03:46:15  [入睡] 规律度=0.87 呼吸率= 15.0/分 体动=0.000  音量=0% 灯=0%
  03:46:20  [入睡] 规律度=0.86 呼吸率= 15.0/分 体动=0.000  音量=0% 灯=0%
  03:46:25  [入睡] 规律度=0.86 呼吸率= 15.0/分 体动=0.000  音量=0% 灯=0%
  03:46:30  [入睡] 规律度=0.86 呼吸率= 15.0/分 体动=0.000  音量=0% 灯=0%
  03:46:35  [入睡] 规律度=0.86 呼吸率= 15.0/分 体动=0.000  音量=0% 灯=0%
  03:46:40  [入睡] 规律度=0.87 呼吸率= 15.0/分 体动=0.000  音量=0% 灯=0%
  03:46:45  [入睡] 规律度=0.87 呼吸率= 15.0/分 体动=0.000  音量=0% 灯=0%
  03:46:50  [入睡] 规律度=0.86 呼吸率= 15.0/分 体动=0.000  音量=0% 灯=0%
  03:46:55  [入睡] 规律度=0.86 呼吸率= 15.0/分 体动=0.000  音量=0% 灯=0%
  03:47:00  [入睡] 规律度=0.86 呼吸率= 15.0/分 体动=0.000  音量=0% 灯=0%
  03:47:05  [入睡] 规律度=0.86 呼吸率= 15.0/分 体动=0.000  音量=0% 灯=0%
  03:47:10  [入睡] 规律度=0.87 呼吸率= 15.0/分 体动=0.000  音量=0% 灯=0%
  03:47:15  [入睡] 规律度=0.87 呼吸率= 15.0/分 体动=0.000  音量=0% 灯=0%
  03:47:20  [入睡] 规律度=0.86 呼吸率= 15.0/分 体动=0.000  音量=0% 灯=0%
  03:47:25  [入睡] 规律度=0.87 呼吸率= 15.0/分 体动=0.000  音量=0% 灯=0%
  03:47:30  [入睡] 规律度=0.86 呼吸率= 15.0/分 体动=0.000  音量=0% 灯=0%
  03:47:35  [入睡] 规律度=0.86 呼吸率= 15.0/分 体动=0.000  音量=0% 灯=0%
  03:47:40  [入睡] 规律度=0.86 呼吸率= 15.0/分 体动=0.000  音量=0% 灯=0%
  03:47:45  [入睡] 规律度=0.87 呼吸率= 15.0/分 体动=0.000  音量=0% 灯=0%
  03:47:50  [入睡] 规律度=0.86 呼吸率= 15.0/分 体动=0.000  音量=0% 灯=0%
  03:47:55  [入睡] 规律度=0.87 呼吸率= 15.0/分 体动=0.000  音量=0% 灯=0%
  03:48:00  [入睡] 规律度=0.86 呼吸率= 15.0/分 体动=0.000  音量=0% 灯=0%
  03:48:05  [入睡] 规律度=0.86 呼吸率= 15.0/分 体动=0.000  音量=0% 灯=0%
  03:48:10  [入睡] 规律度=0.87 呼吸率= 15.0/分 体动=0.000  音量=0% 灯=0%
  03:48:15  [入睡] 规律度=0.86 呼吸率= 15.0/分 体动=0.000  音量=0% 灯=0%
  03:48:20  [入睡] 规律度=0.86 呼吸率= 15.0/分 体动=0.000  音量=0% 灯=0%
  03:48:25  [入睡] 规律度=0.86 呼吸率= 15.0/分 体动=0.000  音量=0% 灯=0%
  03:48:30  [入睡] 规律度=0.86 呼吸率= 15.0/分 体动=0.000  音量=0% 灯=0%
  03:48:35  [入睡] 规律度=0.87 呼吸率= 15.0/分 体动=0.000  音量=0% 灯=0%
  03:48:40  [入睡] 规律度=0.86 呼吸率= 15.0/分 体动=0.000  音量=0% 灯=0%
  03:48:45  [入睡] 规律度=0.86 呼吸率= 15.0/分 体动=0.000  音量=0% 灯=0%
  03:48:50  [入睡] 规律度=0.86 呼吸率= 15.0/分 体动=0.000  音量=0% 灯=0%
  03:48:55  [入睡] 规律度=0.87 呼吸率= 15.0/分 体动=0.000  音量=0% 灯=0%
  03:49:00  [入睡] 规律度=0.86 呼吸率= 15.0/分 体动=0.000  音量=0% 灯=0%
  03:49:05  [入睡] 规律度=0.87 呼吸率= 15.0/分 体动=0.000  音量=0% 灯=0%
  03:49:10  [入睡] 规律度=0.87 呼吸率= 15.0/分 体动=0.000  音量=0% 灯=0%
  03:49:15  [入睡] 规律度=0.87 呼吸率= 15.0/分 体动=0.000  音量=0% 灯=0%
  03:49:20  [入睡] 规律度=0.86 呼吸率= 15.0/分 体动=0.000  音量=0% 灯=0%
  03:49:25  [入睡] 规律度=0.86 呼吸率= 15.0/分 体动=0.000  音量=0% 灯=0%
  03:49:30  [入睡] 规律度=0.86 呼吸率= 15.0/分 体动=0.000  音量=0% 灯=0%
  03:49:35  [入睡] 规律度=0.86 呼吸率= 15.0/分 体动=0.000  音量=0% 灯=0%
  03:49:40  [入睡] 规律度=0.86 呼吸率= 15.0/分 体动=0.000  音量=0% 灯=0%
  03:49:45  [入睡] 规律度=0.86 呼吸率= 15.0/分 体动=0.000  音量=0% 灯=0%
  03:49:50  [入睡] 规律度=0.86 呼吸率= 15.0/分 体动=0.000  音量=0% 灯=0%
  03:49:55  [入睡] 规律度=0.86 呼吸率= 15.0/分 体动=0.000  音量=0% 灯=0%
  03:50:00  [入睡] 规律度=0.86 呼吸率= 15.0/分 体动=0.000  音量=0% 灯=0%
  03:50:05  [入睡] 规律度=0.87 呼吸率= 15.0/分 体动=0.000  音量=0% 灯=0%
  03:50:10  [入睡] 规律度=0.86 呼吸率= 15.0/分 体动=0.000  音量=0% 灯=0%
  03:50:15  [入睡] 规律度=0.87 呼吸率= 15.0/分 体动=0.000  音量=0% 灯=0%
[link] ↑ 上报入睡判定：已入睡 置信=100%  呼吸=15次/分
  03:50:20  [入睡] 规律度=0.87 呼吸率= 15.0/分 体动=0.000  音量=0% 灯=0%
  03:50:25  [入睡] 规律度=0.86 呼吸率= 15.0/分 体动=0.000  音量=0% 灯=0%
  03:50:30  [入睡] 规律度=0.87 呼吸率= 15.0/分 体动=0.000  音量=0% 灯=0%
  03:50:35  [入睡] 规律度=0.87 呼吸率= 15.0/分 体动=0.000  音量=0% 灯=0%
  03:50:40  [入睡] 规律度=0.86 呼吸率= 15.0/分 体动=0.000  音量=0% 灯=0%
  03:50:45  [入睡] 规律度=0.87 呼吸率= 15.0/分 体动=0.000  音量=0% 灯=0%
  03:50:50  [入睡] 规律度=0.86 呼吸率= 15.0/分 体动=0.000  音量=0% 灯=0%
  03:50:55  [入睡] 规律度=0.86 呼吸率= 15.0/分 体动=0.000  音量=0% 灯=0%
  03:51:00  [入睡] 规律度=0.86 呼吸率= 15.0/分 体动=0.000  音量=0% 灯=0%
  03:51:05  [入睡] 规律度=0.86 呼吸率= 15.0/分 体动=0.000  音量=0% 灯=0%
  03:51:10  [入睡] 规律度=0.86 呼吸率= 15.0/分 体动=0.000  音量=0% 灯=0%
  03:51:15  [入睡] 规律度=0.86 呼吸率= 15.0/分 体动=0.000  音量=0% 灯=0%
  03:51:20  [入睡] 规律度=0.86 呼吸率= 15.0/分 体动=0.000  音量=0% 灯=0%
  03:51:25  [入睡] 规律度=0.87 呼吸率= 15.0/分 体动=0.000  音量=0% 灯=0%
  03:51:30  [入睡] 规律度=0.87 呼吸率= 15.0/分 体动=0.000  音量=0% 灯=0%
  03:51:35  [入睡] 规律度=0.86 呼吸率= 15.0/分 体动=0.000  音量=0% 灯=0%
  03:51:40  [入睡] 规律度=0.87 呼吸率= 15.0/分 体动=0.000  音量=0% 灯=0%
  03:51:45  [入睡] 规律度=0.86 呼吸率= 15.0/分 体动=0.000  音量=0% 灯=0%
  03:51:50  [入睡] 规律度=0.87 呼吸率= 15.0/分 体动=0.000  音量=0% 灯=0%
  03:51:55  [入睡] 规律度=0.86 呼吸率= 15.0/分 体动=0.000  音量=0% 灯=0%
  03:52:00  [入睡] 规律度=0.87 呼吸率= 15.0/分 体动=0.000  音量=0% 灯=0%
  03:52:05  [入睡] 规律度=0.86 呼吸率= 15.0/分 体动=0.000  音量=0% 灯=0%
  03:52:10  [入睡] 规律度=0.86 呼吸率= 15.0/分 体动=0.000  音量=0% 灯=0%
  03:52:15  [入睡] 规律度=0.86 呼吸率= 15.0/分 体动=0.000  音量=0% 灯=0%
  03:52:20  [入睡] 规律度=0.86 呼吸率= 15.0/分 体动=0.000  音量=0% 灯=0%
  03:52:25  [入睡] 规律度=0.87 呼吸率= 15.0/分 体动=0.000  音量=0% 灯=0%
  03:52:30  [入睡] 规律度=0.86 呼吸率= 15.0/分 体动=0.000  音量=0% 灯=0%
  03:52:35  [入睡] 规律度=0.86 呼吸率= 15.0/分 体动=0.000  音量=0% 灯=0%
  03:52:40  [入睡] 规律度=0.87 呼吸率= 15.0/分 体动=0.000  音量=0% 灯=0%
  03:52:45  [入睡] 规律度=0.86 呼吸率= 15.0/分 体动=0.000  音量=0% 灯=0%
  03:52:50  [入睡] 规律度=0.86 呼吸率= 15.0/分 体动=0.000  音量=0% 灯=0%
  03:52:55  [入睡] 规律度=0.86 呼吸率= 15.0/分 体动=0.000  音量=0% 灯=0%
  03:53:00  [入睡] 规律度=0.86 呼吸率= 15.0/分 体动=0.000  音量=0% 灯=0%
  03:53:05  [入睡] 规律度=0.87 呼吸率= 15.0/分 体动=0.000  音量=0% 灯=0%
  03:53:10  [入睡] 规律度=0.87 呼吸率= 15.0/分 体动=0.000  音量=0% 灯=0%
  03:53:15  [入睡] 规律度=0.87 呼吸率= 15.0/分 体动=0.000  音量=0% 灯=0%
  03:53:20  [入睡] 规律度=0.87 呼吸率= 15.0/分 体动=0.000  音量=0% 灯=0%
  03:53:25  [入睡] 规律度=0.86 呼吸率= 15.0/分 体动=0.000  音量=0% 灯=0%
  03:53:30  [入睡] 规律度=0.86 呼吸率= 15.0/分 体动=0.000  音量=0% 灯=0%
  03:53:35  [入睡] 规律度=0.86 呼吸率= 15.0/分 体动=0.000  音量=0% 灯=0%
  03:53:40  [入睡] 规律度=0.87 呼吸率= 15.0/分 体动=0.000  音量=0% 灯=0%
  03:53:45  [入睡] 规律度=0.87 呼吸率= 15.0/分 体动=0.000  音量=0% 灯=0%
  03:53:50  [入睡] 规律度=0.86 呼吸率= 15.0/分 体动=0.000  音量=0% 灯=0%
  03:53:55  [入睡] 规律度=0.86 呼吸率= 15.0/分 体动=0.000  音量=0% 灯=0%
  03:54:00  [入睡] 规律度=0.86 呼吸率= 15.0/分 体动=0.000  音量=0% 灯=0%
  03:54:05  [入睡] 规律度=0.86 呼吸率= 15.0/分 体动=0.000  音量=0% 灯=0%
  03:54:10  [入睡] 规律度=0.87 呼吸率= 15.0/分 体动=0.000  音量=0% 灯=0%
  03:54:15  [入睡] 规律度=0.86 呼吸率= 15.0/分 体动=0.000  音量=0% 灯=0%
  03:54:20  [入睡] 规律度=0.87 呼吸率= 15.0/分 体动=0.000  音量=0% 灯=0%
  03:54:25  [入睡] 规律度=0.86 呼吸率= 15.0/分 体动=0.000  音量=0% 灯=0%
  03:54:30  [入睡] 规律度=0.86 呼吸率= 15.0/分 体动=0.000  音量=0% 灯=0%
  03:54:35  [入睡] 规律度=0.87 呼吸率= 15.0/分 体动=0.000  音量=0% 灯=0%
  03:54:40  [入睡] 规律度=0.86 呼吸率= 15.0/分 体动=0.000  音量=0% 灯=0%
  03:54:45  [入睡] 规律度=0.87 呼吸率= 15.0/分 体动=0.000  音量=0% 灯=0%
  03:54:50  [入睡] 规律度=0.87 呼吸率= 15.0/分 体动=0.000  音量=0% 灯=0%
  03:54:55  [入睡] 规律度=0.86 呼吸率= 15.0/分 体动=0.000  音量=0% 灯=0%
  03:55:00  [入睡] 规律度=0.86 呼吸率= 15.0/分 体动=0.000  音量=0% 灯=0%
  03:55:05  [入睡] 规律度=0.87 呼吸率= 15.0/分 体动=0.000  音量=0% 灯=0%
  03:55:10  [入睡] 规律度=0.86 呼吸率= 15.0/分 体动=0.000  音量=0% 灯=0%
  03:55:15  [入睡] 规律度=0.86 呼吸率= 15.0/分 体动=0.000  音量=0% 灯=0%
[link] ↑ 上报入睡判定：已入睡 置信=100%  呼吸=15次/分
  03:55:20  [入睡] 规律度=0.86 呼吸率= 15.0/分 体动=0.000  音量=0% 灯=0%
  03:55:25  [入睡] 规律度=0.86 呼吸率= 15.0/分 体动=0.000  音量=0% 灯=0%
  03:55:30  [入睡] 规律度=0.87 呼吸率= 15.0/分 体动=0.000  音量=0% 灯=0%
  03:55:35  [入睡] 规律度=0.86 呼吸率= 15.0/分 体动=0.000  音量=0% 灯=0%
  03:55:40  [入睡] 规律度=0.86 呼吸率= 15.0/分 体动=0.000  音量=0% 灯=0%
  03:55:45  [入睡] 规律度=0.86 呼吸率= 15.0/分 体动=0.000  音量=0% 灯=0%
  03:55:50  [入睡] 规律度=0.86 呼吸率= 15.0/分 体动=0.000  音量=0% 灯=0%
  03:55:55  [入睡] 规律度=0.86 呼吸率= 15.0/分 体动=0.000  音量=0% 灯=0%
  03:56:00  [入睡] 规律度=0.86 呼吸率= 15.0/分 体动=0.000  音量=0% 灯=0%
  03:56:05  [入睡] 规律度=0.86 呼吸率= 15.0/分 体动=0.000  音量=0% 灯=0%
  03:56:10  [入睡] 规律度=0.87 呼吸率= 15.0/分 体动=0.000  音量=0% 灯=0%
  03:56:15  [入睡] 规律度=0.86 呼吸率= 15.0/分 体动=0.000  音量=0% 灯=0%
  03:56:20  [入睡] 规律度=0.87 呼吸率= 15.0/分 体动=0.000  音量=0% 灯=0%
  03:56:25  [入睡] 规律度=0.87 呼吸率= 15.0/分 体动=0.000  音量=0% 灯=0%
  03:56:30  [入睡] 规律度=0.87 呼吸率= 15.0/分 体动=0.000  音量=0% 灯=0%
  03:56:35  [入睡] 规律度=0.86 呼吸率= 15.0/分 体动=0.000  音量=0% 灯=0%
  03:56:40  [入睡] 规律度=0.86 呼吸率= 15.0/分 体动=0.000  音量=0% 灯=0%
  03:56:45  [入睡] 规律度=0.87 呼吸率= 15.0/分 体动=0.000  音量=0% 灯=0%
  03:56:50  [入睡] 规律度=0.86 呼吸率= 15.0/分 体动=0.000  音量=0% 灯=0%
  03:56:55  [入睡] 规律度=0.86 呼吸率= 15.0/分 体动=0.000  音量=0% 灯=0%
  03:57:00  [入睡] 规律度=0.86 呼吸率= 15.0/分 体动=0.000  音量=0% 灯=0%
  03:57:05  [入睡] 规律度=0.86 呼吸率= 15.0/分 体动=0.000  音量=0% 灯=0%
  03:57:10  [入睡] 规律度=0.87 呼吸率= 15.0/分 体动=0.000  音量=0% 灯=0%
  03:57:15  [入睡] 规律度=0.87 呼吸率= 15.0/分 体动=0.000  音量=0% 灯=0%
  03:57:20  [入睡] 规律度=0.87 呼吸率= 15.0/分 体动=0.000  音量=0% 灯=0%
  03:57:25  [入睡] 规律度=0.87 呼吸率= 15.0/分 体动=0.000  音量=0% 灯=0%
  03:57:30  [入睡] 规律度=0.86 呼吸率= 15.0/分 体动=0.000  音量=0% 灯=0%
  03:57:35  [入睡] 规律度=0.86 呼吸率= 15.0/分 体动=0.000  音量=0% 灯=0%
  03:57:40  [入睡] 规律度=0.86 呼吸率= 15.0/分 体动=0.000  音量=0% 灯=0%
  03:57:45  [入睡] 规律度=0.86 呼吸率= 15.0/分 体动=0.000  音量=0% 灯=0%
  03:57:50  [入睡] 规律度=0.86 呼吸率= 15.0/分 体动=0.000  音量=0% 灯=0%
  03:57:55  [入睡] 规律度=0.86 呼吸率= 15.0/分 体动=0.000  音量=0% 灯=0%
  03:58:00  [入睡] 规律度=0.87 呼吸率= 15.0/分 体动=0.000  音量=0% 灯=0%
  03:58:05  [入睡] 规律度=0.86 呼吸率= 15.0/分 体动=0.000  音量=0% 灯=0%
  03:58:10  [入睡] 规律度=0.86 呼吸率= 15.0/分 体动=0.000  音量=0% 灯=0%
  03:58:15  [入睡] 规律度=0.86 呼吸率= 15.0/分 体动=0.000  音量=0% 灯=0%
  03:58:20  [入睡] 规律度=0.86 呼吸率= 15.0/分 体动=0.000  音量=0% 灯=0%
  03:58:25  [入睡] 规律度=0.87 呼吸率= 15.0/分 体动=0.000  音量=0% 灯=0%
  03:58:30  [入睡] 规律度=0.86 呼吸率= 15.0/分 体动=0.000  音量=0% 灯=0%
  03:58:35  [入睡] 规律度=0.86 呼吸率= 15.0/分 体动=0.000  音量=0% 灯=0%
  03:58:40  [入睡] 规律度=0.87 呼吸率= 15.0/分 体动=0.000  音量=0% 灯=0%
  03:58:45  [入睡] 规律度=0.86 呼吸率= 15.0/分 体动=0.000  音量=0% 灯=0%
  03:58:50  [入睡] 规律度=0.87 呼吸率= 15.0/分 体动=0.000  音量=0% 灯=0%
  03:58:55  [入睡] 规律度=0.87 呼吸率= 15.0/分 体动=0.000  音量=0% 灯=0%
  03:59:00  [入睡] 规律度=0.86 呼吸率= 15.0/分 体动=0.000  音量=0% 灯=0%
  03:59:05  [入睡] 规律度=0.87 呼吸率= 15.0/分 体动=0.000  音量=0% 灯=0%
  03:59:10  [入睡] 规律度=0.86 呼吸率= 15.0/分 体动=0.000  音量=0% 灯=0%
  03:59:15  [入睡] 规律度=0.86 呼吸率= 15.0/分 体动=0.000  音量=0% 灯=0%
  03:59:20  [入睡] 规律度=0.86 呼吸率= 15.0/分 体动=0.000  音量=0% 灯=0%
  03:59:25  [入睡] 规律度=0.86 呼吸率= 15.0/分 体动=0.000  音量=0% 灯=0%
  03:59:30  [入睡] 规律度=0.87 呼吸率= 15.0/分 体动=0.000  音量=0% 灯=0%
  03:59:35  [入睡] 规律度=0.87 呼吸率= 15.0/分 体动=0.000  音量=0% 灯=0%
  03:59:40  [入睡] 规律度=0.87 呼吸率= 15.0/分 体动=0.000  音量=0% 灯=0%
  03:59:45  [入睡] 规律度=0.86 呼吸率= 15.0/分 体动=0.000  音量=0% 灯=0%
  03:59:50  [入睡] 规律度=0.87 呼吸率= 15.0/分 体动=0.000  音量=0% 灯=0%
  03:59:55  [入睡] 规律度=0.87 呼吸率= 15.0/分 体动=0.000  音量=0% 灯=0%
  04:00:00  [入睡] 规律度=0.87 呼吸率= 15.0/分 体动=0.000  音量=0% 灯=0%
  04:00:05  [入睡] 规律度=0.86 呼吸率= 15.0/分 体动=0.000  音量=0% 灯=0%
  04:00:10  [入睡] 规律度=0.86 呼吸率= 15.0/分 体动=0.000  音量=0% 灯=0%
  04:00:15  [入睡] 规律度=0.86 呼吸率= 15.0/分 体动=0.000  音量=0% 灯=0%
[link] ↑ 上报入睡判定：已入睡 置信=100%  呼吸=15次/分
  04:00:20  [入睡] 规律度=0.86 呼吸率= 15.0/分 体动=0.000  音量=0% 灯=0%
  04:00:25  [入睡] 规律度=0.86 呼吸率= 15.0/分 体动=0.000  音量=0% 灯=0%
  04:00:30  [入睡] 规律度=0.86 呼吸率= 15.0/分 体动=0.000  音量=0% 灯=0%
  04:00:35  [入睡] 规律度=0.86 呼吸率= 15.0/分 体动=0.000  音量=0% 灯=0%
  04:00:40  [入睡] 规律度=0.87 呼吸率= 15.0/分 体动=0.000  音量=0% 灯=0%
  04:00:45  [入睡] 规律度=0.87 呼吸率= 15.0/分 体动=0.000  音量=0% 灯=0%
  04:00:50  [入睡] 规律度=0.86 呼吸率= 15.0/分 体动=0.000  音量=0% 灯=0%
  04:00:55  [入睡] 规律度=0.87 呼吸率= 15.0/分 体动=0.000  音量=0% 灯=0%
  04:01:00  [入睡] 规律度=0.86 呼吸率= 15.0/分 体动=0.000  音量=0% 灯=0%
  04:01:05  [入睡] 规律度=0.87 呼吸率= 15.0/分 体动=0.000  音量=0% 灯=0%
  04:01:10  [入睡] 规律度=0.86 呼吸率= 15.0/分 体动=0.000  音量=0% 灯=0%
  04:01:15  [入睡] 规律度=0.86 呼吸率= 15.0/分 体动=0.000  音量=0% 灯=0%
  04:01:20  [入睡] 规律度=0.86 呼吸率= 15.0/分 体动=0.000  音量=0% 灯=0%
  04:01:25  [入睡] 规律度=0.86 呼吸率= 15.0/分 体动=0.000  音量=0% 灯=0%
  04:01:30  [入睡] 规律度=0.87 呼吸率= 15.0/分 体动=0.000  音量=0% 灯=0%
  04:01:35  [入睡] 规律度=0.87 呼吸率= 15.0/分 体动=0.000  音量=0% 灯=0%
  04:01:40  [入睡] 规律度=0.86 呼吸率= 15.0/分 体动=0.000  音量=0% 灯=0%
  04:01:45  [入睡] 规律度=0.86 呼吸率= 15.0/分 体动=0.000  音量=0% 灯=0%
  04:01:50  [入睡] 规律度=0.87 呼吸率= 15.0/分 体动=0.000  音量=0% 灯=0%
  04:01:55  [入睡] 规律度=0.87 呼吸率= 15.0/分 体动=0.000  音量=0% 灯=0%
  04:02:00  [入睡] 规律度=0.87 呼吸率= 15.0/分 体动=0.000  音量=0% 灯=0%
  04:02:05  [入睡] 规律度=0.86 呼吸率= 15.0/分 体动=0.000  音量=0% 灯=0%
  04:02:10  [入睡] 规律度=0.86 呼吸率= 15.0/分 体动=0.000  音量=0% 灯=0%
  04:02:15  [入睡] 规律度=0.86 呼吸率= 15.0/分 体动=0.000  音量=0% 灯=0%
  04:02:20  [入睡] 规律度=0.86 呼吸率= 15.0/分 体动=0.000  音量=0% 灯=0%
  04:02:25  [入睡] 规律度=0.86 呼吸率= 15.0/分 体动=0.000  音量=0% 灯=0%
  04:02:30  [入睡] 规律度=0.86 呼吸率= 15.0/分 体动=0.000  音量=0% 灯=0%
  04:02:35  [入睡] 规律度=0.86 呼吸率= 15.0/分 体动=0.000  音量=0% 灯=0%
  04:02:40  [入睡] 规律度=0.86 呼吸率= 15.0/分 体动=0.000  音量=0% 灯=0%
  04:02:45  [入睡] 规律度=0.87 呼吸率= 15.0/分 体动=0.000  音量=0% 灯=0%
  04:02:50  [入睡] 规律度=0.86 呼吸率= 15.0/分 体动=0.000  音量=0% 灯=0%
  04:02:55  [入睡] 规律度=0.87 呼吸率= 15.0/分 体动=0.000  音量=0% 灯=0%
  04:03:00  [入睡] 规律度=0.86 呼吸率= 15.0/分 体动=0.000  音量=0% 灯=0%
  04:03:05  [入睡] 规律度=0.86 呼吸率= 15.0/分 体动=0.000  音量=0% 灯=0%
  04:03:10  [入睡] 规律度=0.87 呼吸率= 15.0/分 体动=0.000  音量=0% 灯=0%
  04:03:15  [入睡] 规律度=0.87 呼吸率= 15.0/分 体动=0.000  音量=0% 灯=0%
  04:03:20  [入睡] 规律度=0.87 呼吸率= 15.0/分 体动=0.000  音量=0% 灯=0%
  04:03:25  [入睡] 规律度=0.86 呼吸率= 15.0/分 体动=0.000  音量=0% 灯=0%
  04:03:30  [入睡] 规律度=0.86 呼吸率= 15.0/分 体动=0.000  音量=0% 灯=0%
  04:03:35  [入睡] 规律度=0.86 呼吸率= 15.0/分 体动=0.000  音量=0% 灯=0%
  04:03:40  [入睡] 规律度=0.87 呼吸率= 15.0/分 体动=0.000  音量=0% 灯=0%
  04:03:45  [入睡] 规律度=0.87 呼吸率= 15.0/分 体动=0.000  音量=0% 灯=0%
  04:03:50  [入睡] 规律度=0.86 呼吸率= 15.0/分 体动=0.000  音量=0% 灯=0%
  04:03:55  [入睡] 规律度=0.86 呼吸率= 15.0/分 体动=0.000  音量=0% 灯=0%
  04:04:00  [入睡] 规律度=0.86 呼吸率= 15.0/分 体动=0.000  音量=0% 灯=0%
  04:04:05  [入睡] 规律度=0.86 呼吸率= 15.0/分 体动=0.000  音量=0% 灯=0%
  04:04:10  [入睡] 规律度=0.86 呼吸率= 15.0/分 体动=0.000  音量=0% 灯=0%
  04:04:15  [入睡] 规律度=0.87 呼吸率= 15.0/分 体动=0.000  音量=0% 灯=0%
  04:04:20  [入睡] 规律度=0.86 呼吸率= 15.0/分 体动=0.000  音量=0% 灯=0%
  04:04:25  [入睡] 规律度=0.87 呼吸率= 15.0/分 体动=0.000  音量=0% 灯=0%
  04:04:30  [入睡] 规律度=0.86 呼吸率= 15.0/分 体动=0.000  音量=0% 灯=0%
  04:04:35  [入睡] 规律度=0.86 呼吸率= 15.0/分 体动=0.000  音量=0% 灯=0%
  04:04:40  [入睡] 规律度=0.86 呼吸率= 15.0/分 体动=0.000  音量=0% 灯=0%
  04:04:45  [入睡] 规律度=0.86 呼吸率= 15.0/分 体动=0.000  音量=0% 灯=0%
  04:04:50  [入睡] 规律度=0.86 呼吸率= 15.0/分 体动=0.000  音量=0% 灯=0%
  04:04:55  [入睡] 规律度=0.87 呼吸率= 15.0/分 体动=0.000  音量=0% 灯=0%
  04:05:00  [入睡] 规律度=0.87 呼吸率= 15.0/分 体动=0.000  音量=0% 灯=0%
  04:05:05  [入睡] 规律度=0.87 呼吸率= 15.0/分 体动=0.000  音量=0% 灯=0%
  04:05:10  [入睡] 规律度=0.86 呼吸率= 15.0/分 体动=0.000  音量=0% 灯=0%
  04:05:15  [入睡] 规律度=0.87 呼吸率= 15.0/分 体动=0.000  音量=0% 灯=0%
[link] ↑ 上报入睡判定：已入睡 置信=100%  呼吸=15次/分
  04:05:20  [入睡] 规律度=0.87 呼吸率= 15.0/分 体动=0.000  音量=0% 灯=0%
  04:05:25  [入睡] 规律度=0.86 呼吸率= 15.0/分 体动=0.000  音量=0% 灯=0%
  04:05:30  [入睡] 规律度=0.87 呼吸率= 15.0/分 体动=0.000  音量=0% 灯=0%
  04:05:35  [入睡] 规律度=0.86 呼吸率= 15.0/分 体动=0.000  音量=0% 灯=0%
  04:05:40  [入睡] 规律度=0.86 呼吸率= 15.0/分 体动=0.000  音量=0% 灯=0%
  04:05:45  [入睡] 规律度=0.86 呼吸率= 15.0/分 体动=0.000  音量=0% 灯=0%
  04:05:50  [入睡] 规律度=0.86 呼吸率= 15.0/分 体动=0.000  音量=0% 灯=0%
  04:05:55  [入睡] 规律度=0.86 呼吸率= 15.0/分 体动=0.000  音量=0% 灯=0%
  04:06:00  [入睡] 规律度=0.87 呼吸率= 15.0/分 体动=0.000  音量=0% 灯=0%
  04:06:05  [入睡] 规律度=0.87 呼吸率= 15.0/分 体动=0.000  音量=0% 灯=0%
  04:06:10  [入睡] 规律度=0.86 呼吸率= 15.0/分 体动=0.000  音量=0% 灯=0%
  04:06:15  [入睡] 规律度=0.86 呼吸率= 15.0/分 体动=0.000  音量=0% 灯=0%
  04:06:20  [入睡] 规律度=0.87 呼吸率= 15.0/分 体动=0.000  音量=0% 灯=0%
  04:06:25  [入睡] 规律度=0.87 呼吸率= 15.0/分 体动=0.000  音量=0% 灯=0%
  04:06:30  [入睡] 规律度=0.86 呼吸率= 15.0/分 体动=0.000  音量=0% 灯=0%
  04:06:35  [入睡] 规律度=0.86 呼吸率= 15.0/分 体动=0.000  音量=0% 灯=0%
  04:06:40  [入睡] 规律度=0.86 呼吸率= 15.0/分 体动=0.000  音量=0% 灯=0%
  04:06:45  [入睡] 规律度=0.86 呼吸率= 15.0/分 体动=0.000  音量=0% 灯=0%
  04:06:50  [入睡] 规律度=0.86 呼吸率= 15.0/分 体动=0.000  音量=0% 灯=0%
  04:06:55  [入睡] 规律度=0.86 呼吸率= 15.0/分 体动=0.000  音量=0% 灯=0%
  04:07:00  [入睡] 规律度=0.86 呼吸率= 15.0/分 体动=0.000  音量=0% 灯=0%
  04:07:05  [入睡] 规律度=0.87 呼吸率= 15.0/分 体动=0.000  音量=0% 灯=0%
  04:07:10  [入睡] 规律度=0.87 呼吸率= 15.0/分 体动=0.000  音量=0% 灯=0%
  04:07:15  [入睡] 规律度=0.87 呼吸率= 15.0/分 体动=0.000  音量=0% 灯=0%
  04:07:20  [入睡] 规律度=0.86 呼吸率= 15.0/分 体动=0.000  音量=0% 灯=0%
  04:07:25  [入睡] 规律度=0.86 呼吸率= 15.0/分 体动=0.000  音量=0% 灯=0%
  04:07:30  [入睡] 规律度=0.87 呼吸率= 15.0/分 体动=0.000  音量=0% 灯=0%
  04:07:35  [入睡] 规律度=0.86 呼吸率= 15.0/分 体动=0.000  音量=0% 灯=0%
  04:07:40  [入睡] 规律度=0.86 呼吸率= 15.0/分 体动=0.000  音量=0% 灯=0%
  04:07:45  [入睡] 规律度=0.86 呼吸率= 15.0/分 体动=0.000  音量=0% 灯=0%
  04:07:50  [入睡] 规律度=0.87 呼吸率= 15.0/分 体动=0.000  音量=0% 灯=0%
  04:07:55  [入睡] 规律度=0.87 呼吸率= 15.0/分 体动=0.000  音量=0% 灯=0%
  04:08:00  [入睡] 规律度=0.86 呼吸率= 15.0/分 体动=0.000  音量=0% 灯=0%
  04:08:05  [入睡] 规律度=0.86 呼吸率= 15.0/分 体动=0.000  音量=0% 灯=0%
  04:08:10  [入睡] 规律度=0.86 呼吸率= 15.0/分 体动=0.000  音量=0% 灯=0%
  04:08:15  [入睡] 规律度=0.86 呼吸率= 15.0/分 体动=0.000  音量=0% 灯=0%
  04:08:20  [入睡] 规律度=0.87 呼吸率= 15.0/分 体动=0.000  音量=0% 灯=0%
  04:08:25  [入睡] 规律度=0.86 呼吸率= 15.0/分 体动=0.000  音量=0% 灯=0%
  04:08:30  [入睡] 规律度=0.86 呼吸率= 15.0/分 体动=0.000  音量=0% 灯=0%
  04:08:35  [入睡] 规律度=0.86 呼吸率= 15.0/分 体动=0.000  音量=0% 灯=0%
  04:08:40  [入睡] 规律度=0.87 呼吸率= 15.0/分 体动=0.000  音量=0% 灯=0%
  04:08:45  [入睡] 规律度=0.86 呼吸率= 15.0/分 体动=0.000  音量=0% 灯=0%
  04:08:50  [入睡] 规律度=0.87 呼吸率= 15.0/分 体动=0.000  音量=0% 灯=0%
  04:08:55  [入睡] 规律度=0.86 呼吸率= 15.0/分 体动=0.000  音量=0% 灯=0%
  04:09:00  [入睡] 规律度=0.86 呼吸率= 15.0/分 体动=0.000  音量=0% 灯=0%
  04:09:05  [入睡] 规律度=0.87 呼吸率= 15.0/分 体动=0.000  音量=0% 灯=0%
  04:09:10  [入睡] 规律度=0.86 呼吸率= 15.0/分 体动=0.000  音量=0% 灯=0%
  04:09:15  [入睡] 规律度=0.86 呼吸率= 15.0/分 体动=0.000  音量=0% 灯=0%
  04:09:20  [入睡] 规律度=0.87 呼吸率= 15.0/分 体动=0.000  音量=0% 灯=0%
  04:09:25  [入睡] 规律度=0.86 呼吸率= 15.0/分 体动=0.000  音量=0% 灯=0%
  04:09:30  [入睡] 规律度=0.86 呼吸率= 15.0/分 体动=0.000  音量=0% 灯=0%
  04:09:35  [入睡] 规律度=0.86 呼吸率= 15.0/分 体动=0.000  音量=0% 灯=0%
  04:09:40  [入睡] 规律度=0.86 呼吸率= 15.0/分 体动=0.000  音量=0% 灯=0%
  04:09:45  [入睡] 规律度=0.86 呼吸率= 15.0/分 体动=0.000  音量=0% 灯=0%
  04:09:50  [入睡] 规律度=0.86 呼吸率= 15.0/分 体动=0.000  音量=0% 灯=0%
  04:09:55  [入睡] 规律度=0.87 呼吸率= 15.0/分 体动=0.000  音量=0% 灯=0%
  04:10:00  [入睡] 规律度=0.86 呼吸率= 15.0/分 体动=0.000  音量=0% 灯=0%
  04:10:05  [入睡] 规律度=0.87 呼吸率= 15.0/分 体动=0.000  音量=0% 灯=0%
  04:10:10  [入睡] 规律度=0.86 呼吸率= 15.0/分 体动=0.000  音量=0% 灯=0%
  04:10:15  [入睡] 规律度=0.86 呼吸率= 15.0/分 体动=0.000  音量=0% 灯=0%
[link] ↑ 上报入睡判定：已入睡 置信=100%  呼吸=15次/分
  04:10:20  [入睡] 规律度=0.86 呼吸率= 15.0/分 体动=0.000  音量=0% 灯=0%
  04:10:25  [入睡] 规律度=0.87 呼吸率= 15.0/分 体动=0.000  音量=0% 灯=0%
  04:10:30  [入睡] 规律度=0.87 呼吸率= 15.0/分 体动=0.000  音量=0% 灯=0%
  04:10:35  [入睡] 规律度=0.86 呼吸率= 15.0/分 体动=0.000  音量=0% 灯=0%
  04:10:40  [入睡] 规律度=0.87 呼吸率= 15.0/分 体动=0.000  音量=0% 灯=0%
  04:10:45  [入睡] 规律度=0.86 呼吸率= 15.0/分 体动=0.000  音量=0% 灯=0%
  04:10:50  [入睡] 规律度=0.86 呼吸率= 15.0/分 体动=0.000  音量=0% 灯=0%
  04:10:55  [入睡] 规律度=0.86 呼吸率= 15.0/分 体动=0.000  音量=0% 灯=0%
  04:11:00  [入睡] 规律度=0.87 呼吸率= 15.0/分 体动=0.000  音量=0% 灯=0%
  04:11:05  [入睡] 规律度=0.86 呼吸率= 15.0/分 体动=0.000  音量=0% 灯=0%
  04:11:10  [入睡] 规律度=0.87 呼吸率= 15.0/分 体动=0.000  音量=0% 灯=0%
  04:11:15  [入睡] 规律度=0.87 呼吸率= 15.0/分 体动=0.000  音量=0% 灯=0%
  04:11:20  [入睡] 规律度=0.86 呼吸率= 15.0/分 体动=0.000  音量=0% 灯=0%
  04:11:25  [入睡] 规律度=0.86 呼吸率= 15.0/分 体动=0.000  音量=0% 灯=0%
  04:11:30  [入睡] 规律度=0.86 呼吸率= 15.0/分 体动=0.000  音量=0% 灯=0%
  04:11:35  [入睡] 规律度=0.86 呼吸率= 15.0/分 体动=0.000  音量=0% 灯=0%
  04:11:40  [入睡] 规律度=0.86 呼吸率= 15.0/分 体动=0.000  音量=0% 灯=0%
  04:11:45  [入睡] 规律度=0.86 呼吸率= 15.0/分 体动=0.000  音量=0% 灯=0%
  04:11:50  [入睡] 规律度=0.86 呼吸率= 15.0/分 体动=0.000  音量=0% 灯=0%
  04:11:55  [入睡] 规律度=0.87 呼吸率= 15.0/分 体动=0.000  音量=0% 灯=0%
  04:12:00  [入睡] 规律度=0.86 呼吸率= 15.0/分 体动=0.000  音量=0% 灯=0%
  04:12:05  [入睡] 规律度=0.86 呼吸率= 15.0/分 体动=0.000  音量=0% 灯=0%
  04:12:10  [入睡] 规律度=0.86 呼吸率= 15.0/分 体动=0.000  音量=0% 灯=0%
  04:12:15  [入睡] 规律度=0.87 呼吸率= 15.0/分 体动=0.000  音量=0% 灯=0%
  04:12:20  [入睡] 规律度=0.87 呼吸率= 15.0/分 体动=0.000  音量=0% 灯=0%
  04:12:25  [入睡] 规律度=0.86 呼吸率= 15.0/分 体动=0.000  音量=0% 灯=0%
  04:12:30  [入睡] 规律度=0.86 呼吸率= 15.0/分 体动=0.000  音量=0% 灯=0%
  04:12:35  [入睡] 规律度=0.86 呼吸率= 15.0/分 体动=0.000  音量=0% 灯=0%
  04:12:40  [入睡] 规律度=0.86 呼吸率= 15.0/分 体动=0.000  音量=0% 灯=0%
  04:12:45  [入睡] 规律度=0.87 呼吸率= 15.0/分 体动=0.000  音量=0% 灯=0%
  04:12:50  [入睡] 规律度=0.87 呼吸率= 15.0/分 体动=0.000  音量=0% 灯=0%
  04:12:55  [入睡] 规律度=0.86 呼吸率= 15.0/分 体动=0.000  音量=0% 灯=0%
  04:13:00  [入睡] 规律度=0.86 呼吸率= 15.0/分 体动=0.000  音量=0% 灯=0%
  04:13:05  [入睡] 规律度=0.87 呼吸率= 15.0/分 体动=0.000  音量=0% 灯=0%
  04:13:10  [入睡] 规律度=0.86 呼吸率= 15.0/分 体动=0.000  音量=0% 灯=0%
  04:13:15  [入睡] 规律度=0.87 呼吸率= 15.0/分 体动=0.000  音量=0% 灯=0%
  04:13:20  [入睡] 规律度=0.86 呼吸率= 15.0/分 体动=0.000  音量=0% 灯=0%
  04:13:25  [入睡] 规律度=0.86 呼吸率= 15.0/分 体动=0.000  音量=0% 灯=0%
  04:13:30  [入睡] 规律度=0.87 呼吸率= 15.0/分 体动=0.000  音量=0% 灯=0%
  04:13:35  [入睡] 规律度=0.86 呼吸率= 15.0/分 体动=0.000  音量=0% 灯=0%
  04:13:40  [入睡] 规律度=0.86 呼吸率= 15.0/分 体动=0.000  音量=0% 灯=0%
  04:13:45  [入睡] 规律度=0.86 呼吸率= 15.0/分 体动=0.000  音量=0% 灯=0%
  04:13:50  [入睡] 规律度=0.86 呼吸率= 15.0/分 体动=0.000  音量=0% 灯=0%
  04:13:55  [入睡] 规律度=0.87 呼吸率= 15.0/分 体动=0.000  音量=0% 灯=0%
  04:14:00  [入睡] 规律度=0.86 呼吸率= 15.0/分 体动=0.000  音量=0% 灯=0%
  04:14:05  [入睡] 规律度=0.87 呼吸率= 15.0/分 体动=0.000  音量=0% 灯=0%
  04:14:10  [入睡] 规律度=0.87 呼吸率= 15.0/分 体动=0.000  音量=0% 灯=0%
  04:14:15  [入睡] 规律度=0.86 呼吸率= 15.0/分 体动=0.000  音量=0% 灯=0%
  04:14:20  [入睡] 规律度=0.87 呼吸率= 15.0/分 体动=0.000  音量=0% 灯=0%
  04:14:25  [入睡] 规律度=0.87 呼吸率= 15.0/分 体动=0.000  音量=0% 灯=0%
  04:14:30  [入睡] 规律度=0.87 呼吸率= 15.0/分 体动=0.000  音量=0% 灯=0%
  04:14:35  [入睡] 规律度=0.86 呼吸率= 15.0/分 体动=0.000  音量=0% 灯=0%
  04:14:40  [入睡] 规律度=0.86 呼吸率= 15.0/分 体动=0.000  音量=0% 灯=0%
  04:14:45  [入睡] 规律度=0.86 呼吸率= 15.0/分 体动=0.000  音量=0% 灯=0%
  04:14:50  [入睡] 规律度=0.87 呼吸率= 15.0/分 体动=0.000  音量=0% 灯=0%
  04:14:55  [入睡] 规律度=0.86 呼吸率= 15.0/分 体动=0.000  音量=0% 灯=0%
  04:15:00  [入睡] 规律度=0.87 呼吸率= 15.0/分 体动=0.000  音量=0% 灯=0%
  04:15:05  [入睡] 规律度=0.87 呼吸率= 15.0/分 体动=0.000  音量=0% 灯=0%
  04:15:10  [入睡] 规律度=0.86 呼吸率= 15.0/分 体动=0.000  音量=0% 灯=0%
  04:15:15  [入睡] 规律度=0.87 呼吸率= 15.0/分 体动=0.000  音量=0% 灯=0%
[link] ↑ 上报入睡判定：已入睡 置信=100%  呼吸=15次/分
  04:15:20  [入睡] 规律度=0.86 呼吸率= 15.0/分 体动=0.000  音量=0% 灯=0%
  04:15:25  [入睡] 规律度=0.87 呼吸率= 15.0/分 体动=0.000  音量=0% 灯=0%
  04:15:30  [入睡] 规律度=0.87 呼吸率= 15.0/分 体动=0.000  音量=0% 灯=0%
  04:15:35  [入睡] 规律度=0.87 呼吸率= 15.0/分 体动=0.000  音量=0% 灯=0%
  04:15:40  [入睡] 规律度=0.87 呼吸率= 15.0/分 体动=0.000  音量=0% 灯=0%
  04:15:45  [入睡] 规律度=0.86 呼吸率= 15.0/分 体动=0.000  音量=0% 灯=0%
  04:15:50  [入睡] 规律度=0.87 呼吸率= 15.0/分 体动=0.000  音量=0% 灯=0%
  04:15:55  [入睡] 规律度=0.86 呼吸率= 15.0/分 体动=0.000  音量=0% 灯=0%
  04:16:00  [入睡] 规律度=0.86 呼吸率= 15.0/分 体动=0.000  音量=0% 灯=0%
  04:16:05  [入睡] 规律度=0.86 呼吸率= 15.0/分 体动=0.000  音量=0% 灯=0%
  04:16:10  [入睡] 规律度=0.86 呼吸率= 15.0/分 体动=0.000  音量=0% 灯=0%
  04:16:15  [入睡] 规律度=0.86 呼吸率= 15.0/分 体动=0.000  音量=0% 灯=0%
  04:16:20  [入睡] 规律度=0.87 呼吸率= 15.0/分 体动=0.000  音量=0% 灯=0%
  04:16:25  [入睡] 规律度=0.87 呼吸率= 15.0/分 体动=0.000  音量=0% 灯=0%
  04:16:30  [入睡] 规律度=0.87 呼吸率= 15.0/分 体动=0.000  音量=0% 灯=0%
  04:16:35  [入睡] 规律度=0.86 呼吸率= 15.0/分 体动=0.000  音量=0% 灯=0%
  04:16:40  [入睡] 规律度=0.86 呼吸率= 15.0/分 体动=0.000  音量=0% 灯=0%
  04:16:45  [入睡] 规律度=0.86 呼吸率= 15.0/分 体动=0.000  音量=0% 灯=0%
  04:16:50  [入睡] 规律度=0.87 呼吸率= 15.0/分 体动=0.000  音量=0% 灯=0%
  04:16:55  [入睡] 规律度=0.86 呼吸率= 15.0/分 体动=0.000  音量=0% 灯=0%
  04:17:00  [入睡] 规律度=0.87 呼吸率= 15.0/分 体动=0.000  音量=0% 灯=0%
  04:17:05  [入睡] 规律度=0.87 呼吸率= 15.0/分 体动=0.000  音量=0% 灯=0%
  04:17:10  [入睡] 规律度=0.87 呼吸率= 15.0/分 体动=0.000  音量=0% 灯=0%
  04:17:15  [入睡] 规律度=0.86 呼吸率= 15.0/分 体动=0.000  音量=0% 灯=0%
  04:17:20  [入睡] 规律度=0.86 呼吸率= 15.0/分 体动=0.000  音量=0% 灯=0%
  04:17:25  [入睡] 规律度=0.87 呼吸率= 15.0/分 体动=0.000  音量=0% 灯=0%
  04:17:30  [入睡] 规律度=0.87 呼吸率= 15.0/分 体动=0.000  音量=0% 灯=0%
  04:17:35  [入睡] 规律度=0.86 呼吸率= 15.0/分 体动=0.000  音量=0% 灯=0%
  04:17:40  [入睡] 规律度=0.87 呼吸率= 15.0/分 体动=0.000  音量=0% 灯=0%
  04:17:45  [入睡] 规律度=0.86 呼吸率= 15.0/分 体动=0.000  音量=0% 灯=0%
  04:17:50  [入睡] 规律度=0.86 呼吸率= 15.0/分 体动=0.000  音量=0% 灯=0%
  04:17:55  [入睡] 规律度=0.87 呼吸率= 15.0/分 体动=0.000  音量=0% 灯=0%
  04:18:00  [入睡] 规律度=0.86 呼吸率= 15.0/分 体动=0.000  音量=0% 灯=0%
  04:18:05  [入睡] 规律度=0.87 呼吸率= 15.0/分 体动=0.000  音量=0% 灯=0%
  04:18:10  [入睡] 规律度=0.86 呼吸率= 15.0/分 体动=0.000  音量=0% 灯=0%
  04:18:15  [入睡] 规律度=0.86 呼吸率= 15.0/分 体动=0.000  音量=0% 灯=0%
  04:18:20  [入睡] 规律度=0.87 呼吸率= 15.0/分 体动=0.000  音量=0% 灯=0%
  04:18:25  [入睡] 规律度=0.87 呼吸率= 15.0/分 体动=0.000  音量=0% 灯=0%
  04:18:30  [入睡] 规律度=0.86 呼吸率= 15.0/分 体动=0.000  音量=0% 灯=0%
  04:18:35  [入睡] 规律度=0.87 呼吸率= 15.0/分 体动=0.000  音量=0% 灯=0%
  04:18:40  [入睡] 规律度=0.86 呼吸率= 15.0/分 体动=0.000  音量=0% 灯=0%
  04:18:45  [入睡] 规律度=0.87 呼吸率= 15.0/分 体动=0.000  音量=0% 灯=0%
  04:18:50  [入睡] 规律度=0.87 呼吸率= 15.0/分 体动=0.000  音量=0% 灯=0%
  04:18:55  [入睡] 规律度=0.86 呼吸率= 15.0/分 体动=0.000  音量=0% 灯=0%
  04:19:00  [入睡] 规律度=0.86 呼吸率= 15.0/分 体动=0.000  音量=0% 灯=0%
  04:19:05  [入睡] 规律度=0.86 呼吸率= 15.0/分 体动=0.000  音量=0% 灯=0%
  04:19:10  [入睡] 规律度=0.87 呼吸率= 15.0/分 体动=0.000  音量=0% 灯=0%
  04:19:15  [入睡] 规律度=0.87 呼吸率= 15.0/分 体动=0.000  音量=0% 灯=0%
  04:19:20  [入睡] 规律度=0.86 呼吸率= 15.0/分 体动=0.000  音量=0% 灯=0%
  04:19:25  [入睡] 规律度=0.87 呼吸率= 15.0/分 体动=0.000  音量=0% 灯=0%
  04:19:30  [入睡] 规律度=0.86 呼吸率= 15.0/分 体动=0.000  音量=0% 灯=0%
  04:19:35  [入睡] 规律度=0.87 呼吸率= 15.0/分 体动=0.000  音量=0% 灯=0%
  04:19:40  [入睡] 规律度=0.86 呼吸率= 15.0/分 体动=0.000  音量=0% 灯=0%
  04:19:45  [入睡] 规律度=0.86 呼吸率= 15.0/分 体动=0.000  音量=0% 灯=0%
  04:19:50  [入睡] 规律度=0.87 呼吸率= 15.0/分 体动=0.000  音量=0% 灯=0%
  04:19:55  [入睡] 规律度=0.87 呼吸率= 15.0/分 体动=0.000  音量=0% 灯=0%
  04:20:00  [入睡] 规律度=0.87 呼吸率= 15.0/分 体动=0.000  音量=0% 灯=0%
  04:20:05  [入睡] 规律度=0.86 呼吸率= 15.0/分 体动=0.000  音量=0% 灯=0%
  04:20:10  [入睡] 规律度=0.86 呼吸率= 15.0/分 体动=0.000  音量=0% 灯=0%
  04:20:15  [入睡] 规律度=0.86 呼吸率= 15.0/分 体动=0.000  音量=0% 灯=0%
[link] ↑ 上报入睡判定：已入睡 置信=100%  呼吸=15次/分
  04:20:20  [入睡] 规律度=0.87 呼吸率= 15.0/分 体动=0.000  音量=0% 灯=0%
  04:20:25  [入睡] 规律度=0.86 呼吸率= 15.0/分 体动=0.000  音量=0% 灯=0%
  04:20:30  [入睡] 规律度=0.86 呼吸率= 15.0/分 体动=0.000  音量=0% 灯=0%
  04:20:35  [入睡] 规律度=0.87 呼吸率= 15.0/分 体动=0.000  音量=0% 灯=0%
  04:20:40  [入睡] 规律度=0.87 呼吸率= 15.0/分 体动=0.000  音量=0% 灯=0%
  04:20:45  [入睡] 规律度=0.87 呼吸率= 15.0/分 体动=0.000  音量=0% 灯=0%
  04:20:50  [入睡] 规律度=0.86 呼吸率= 15.0/分 体动=0.000  音量=0% 灯=0%
  04:20:55  [入睡] 规律度=0.86 呼吸率= 15.0/分 体动=0.000  音量=0% 灯=0%
  04:21:00  [入睡] 规律度=0.86 呼吸率= 15.0/分 体动=0.000  音量=0% 灯=0%
  04:21:05  [入睡] 规律度=0.86 呼吸率= 15.0/分 体动=0.000  音量=0% 灯=0%
  04:21:10  [入睡] 规律度=0.87 呼吸率= 15.0/分 体动=0.000  音量=0% 灯=0%
  04:21:15  [入睡] 规律度=0.86 呼吸率= 15.0/分 体动=0.000  音量=0% 灯=0%
  04:21:20  [入睡] 规律度=0.86 呼吸率= 15.0/分 体动=0.000  音量=0% 灯=0%
  04:21:25  [入睡] 规律度=0.87 呼吸率= 15.0/分 体动=0.000  音量=0% 灯=0%
  04:21:30  [入睡] 规律度=0.86 呼吸率= 15.0/分 体动=0.000  音量=0% 灯=0%
  04:21:35  [入睡] 规律度=0.86 呼吸率= 15.0/分 体动=0.000  音量=0% 灯=0%
  04:21:40  [入睡] 规律度=0.86 呼吸率= 15.0/分 体动=0.000  音量=0% 灯=0%
  04:21:45  [入睡] 规律度=0.86 呼吸率= 15.0/分 体动=0.000  音量=0% 灯=0%
  04:21:50  [入睡] 规律度=0.87 呼吸率= 15.0/分 体动=0.000  音量=0% 灯=0%
  04:21:55  [入睡] 规律度=0.86 呼吸率= 15.0/分 体动=0.000  音量=0% 灯=0%
  04:22:00  [入睡] 规律度=0.86 呼吸率= 15.0/分 体动=0.000  音量=0% 灯=0%
  04:22:05  [入睡] 规律度=0.86 呼吸率= 15.0/分 体动=0.000  音量=0% 灯=0%
  04:22:10  [入睡] 规律度=0.86 呼吸率= 15.0/分 体动=0.000  音量=0% 灯=0%
  04:22:15  [入睡] 规律度=0.86 呼吸率= 15.0/分 体动=0.000  音量=0% 灯=0%
  04:22:20  [入睡] 规律度=0.86 呼吸率= 15.0/分 体动=0.000  音量=0% 灯=0%
  04:22:25  [入睡] 规律度=0.87 呼吸率= 15.0/分 体动=0.000  音量=0% 灯=0%
  04:22:30  [入睡] 规律度=0.86 呼吸率= 15.0/分 体动=0.000  音量=0% 灯=0%
  04:22:35  [入睡] 规律度=0.86 呼吸率= 15.0/分 体动=0.000  音量=0% 灯=0%
  04:22:40  [入睡] 规律度=0.86 呼吸率= 15.0/分 体动=0.000  音量=0% 灯=0%
  04:22:45  [入睡] 规律度=0.86 呼吸率= 15.0/分 体动=0.000  音量=0% 灯=0%
  04:22:50  [入睡] 规律度=0.87 呼吸率= 15.0/分 体动=0.000  音量=0% 灯=0%
  04:22:55  [入睡] 规律度=0.86 呼吸率= 15.0/分 体动=0.000  音量=0% 灯=0%
  04:23:00  [入睡] 规律度=0.87 呼吸率= 15.0/分 体动=0.000  音量=0% 灯=0%
  04:23:05  [入睡] 规律度=0.87 呼吸率= 15.0/分 体动=0.000  音量=0% 灯=0%
  04:23:10  [入睡] 规律度=0.86 呼吸率= 15.0/分 体动=0.000  音量=0% 灯=0%
  04:23:15  [入睡] 规律度=0.86 呼吸率= 15.0/分 体动=0.000  音量=0% 灯=0%
  04:23:20  [入睡] 规律度=0.86 呼吸率= 15.0/分 体动=0.000  音量=0% 灯=0%
  04:23:25  [入睡] 规律度=0.87 呼吸率= 15.0/分 体动=0.000  音量=0% 灯=0%
  04:23:30  [入睡] 规律度=0.87 呼吸率= 15.0/分 体动=0.000  音量=0% 灯=0%
  04:23:35  [入睡] 规律度=0.86 呼吸率= 15.0/分 体动=0.000  音量=0% 灯=0%
  04:23:40  [入睡] 规律度=0.86 呼吸率= 15.0/分 体动=0.000  音量=0% 灯=0%
  04:23:45  [入睡] 规律度=0.86 呼吸率= 15.0/分 体动=0.000  音量=0% 灯=0%
  04:23:50  [入睡] 规律度=0.86 呼吸率= 15.0/分 体动=0.000  音量=0% 灯=0%
  04:23:55  [入睡] 规律度=0.87 呼吸率= 15.0/分 体动=0.000  音量=0% 灯=0%
  04:24:00  [入睡] 规律度=0.86 呼吸率= 15.0/分 体动=0.000  音量=0% 灯=0%
  04:24:05  [入睡] 规律度=0.87 呼吸率= 15.0/分 体动=0.000  音量=0% 灯=0%
  04:24:10  [入睡] 规律度=0.87 呼吸率= 15.0/分 体动=0.000  音量=0% 灯=0%
  04:24:15  [入睡] 规律度=0.87 呼吸率= 15.0/分 体动=0.000  音量=0% 灯=0%
  04:24:20  [入睡] 规律度=0.86 呼吸率= 15.0/分 体动=0.000  音量=0% 灯=0%
  04:24:25  [入睡] 规律度=0.86 呼吸率= 15.0/分 体动=0.000  音量=0% 灯=0%
  04:24:30  [入睡] 规律度=0.86 呼吸率= 15.0/分 体动=0.000  音量=0% 灯=0%
  04:24:35  [入睡] 规律度=0.86 呼吸率= 15.0/分 体动=0.000  音量=0% 灯=0%
  04:24:40  [入睡] 规律度=0.87 呼吸率= 15.0/分 体动=0.000  音量=0% 灯=0%
  04:24:45  [入睡] 规律度=0.87 呼吸率= 15.0/分 体动=0.000  音量=0% 灯=0%
  04:24:50  [入睡] 规律度=0.86 呼吸率= 15.0/分 体动=0.000  音量=0% 灯=0%
  04:24:55  [入睡] 规律度=0.86 呼吸率= 15.0/分 体动=0.000  音量=0% 灯=0%
  04:25:00  [入睡] 规律度=0.86 呼吸率= 15.0/分 体动=0.000  音量=0% 灯=0%
  04:25:05  [入睡] 规律度=0.86 呼吸率= 15.0/分 体动=0.000  音量=0% 灯=0%
  04:25:10  [入睡] 规律度=0.87 呼吸率= 15.0/分 体动=0.000  音量=0% 灯=0%
  04:25:15  [入睡] 规律度=0.87 呼吸率= 15.0/分 体动=0.000  音量=0% 灯=0%
[link] ↑ 上报入睡判定：已入睡 置信=100%  呼吸=15次/分
  04:25:20  [入睡] 规律度=0.86 呼吸率= 15.0/分 体动=0.000  音量=0% 灯=0%
  04:25:25  [入睡] 规律度=0.86 呼吸率= 15.0/分 体动=0.000  音量=0% 灯=0%
  04:25:30  [入睡] 规律度=0.86 呼吸率= 15.0/分 体动=0.000  音量=0% 灯=0%
  04:25:35  [入睡] 规律度=0.86 呼吸率= 15.0/分 体动=0.000  音量=0% 灯=0%
  04:25:40  [入睡] 规律度=0.87 呼吸率= 15.0/分 体动=0.000  音量=0% 灯=0%
  04:25:45  [入睡] 规律度=0.86 呼吸率= 15.0/分 体动=0.000  音量=0% 灯=0%
  04:25:50  [入睡] 规律度=0.87 呼吸率= 15.0/分 体动=0.000  音量=0% 灯=0%
  04:25:55  [入睡] 规律度=0.86 呼吸率= 15.0/分 体动=0.000  音量=0% 灯=0%
  04:26:00  [入睡] 规律度=0.86 呼吸率= 15.0/分 体动=0.000  音量=0% 灯=0%
  04:26:05  [入睡] 规律度=0.86 呼吸率= 15.0/分 体动=0.000  音量=0% 灯=0%
  04:26:10  [入睡] 规律度=0.86 呼吸率= 15.0/分 体动=0.000  音量=0% 灯=0%
  04:26:15  [入睡] 规律度=0.86 呼吸率= 15.0/分 体动=0.000  音量=0% 灯=0%
  04:26:20  [入睡] 规律度=0.86 呼吸率= 15.0/分 体动=0.000  音量=0% 灯=0%
  04:26:25  [入睡] 规律度=0.86 呼吸率= 15.0/分 体动=0.000  音量=0% 灯=0%
  04:26:30  [入睡] 规律度=0.86 呼吸率= 15.0/分 体动=0.000  音量=0% 灯=0%
  04:26:35  [入睡] 规律度=0.86 呼吸率= 15.0/分 体动=0.000  音量=0% 灯=0%
  04:26:40  [入睡] 规律度=0.86 呼吸率= 15.0/分 体动=0.000  音量=0% 灯=0%
  04:26:45  [入睡] 规律度=0.86 呼吸率= 15.0/分 体动=0.000  音量=0% 灯=0%
  04:26:50  [入睡] 规律度=0.87 呼吸率= 15.0/分 体动=0.000  音量=0% 灯=0%
  04:26:55  [入睡] 规律度=0.86 呼吸率= 15.0/分 体动=0.000  音量=0% 灯=0%
  04:27:00  [入睡] 规律度=0.87 呼吸率= 15.0/分 体动=0.000  音量=0% 灯=0%
  04:27:05  [入睡] 规律度=0.87 呼吸率= 15.0/分 体动=0.000  音量=0% 灯=0%
  04:27:10  [入睡] 规律度=0.87 呼吸率= 15.0/分 体动=0.000  音量=0% 灯=0%
  04:27:15  [入睡] 规律度=0.86 呼吸率= 15.0/分 体动=0.000  音量=0% 灯=0%
  04:27:20  [入睡] 规律度=0.86 呼吸率= 15.0/分 体动=0.000  音量=0% 灯=0%
  04:27:25  [入睡] 规律度=0.86 呼吸率= 15.0/分 体动=0.000  音量=0% 灯=0%
  04:27:30  [入睡] 规律度=0.86 呼吸率= 15.0/分 体动=0.000  音量=0% 灯=0%
  04:27:35  [入睡] 规律度=0.86 呼吸率= 15.0/分 体动=0.000  音量=0% 灯=0%
  04:27:40  [入睡] 规律度=0.86 呼吸率= 15.0/分 体动=0.000  音量=0% 灯=0%
  04:27:45  [入睡] 规律度=0.87 呼吸率= 15.0/分 体动=0.000  音量=0% 灯=0%
  04:27:50  [入睡] 规律度=0.86 呼吸率= 15.0/分 体动=0.000  音量=0% 灯=0%
  04:27:55  [入睡] 规律度=0.87 呼吸率= 15.0/分 体动=0.000  音量=0% 灯=0%
  04:28:00  [入睡] 规律度=0.87 呼吸率= 15.0/分 体动=0.000  音量=0% 灯=0%
  04:28:05  [入睡] 规律度=0.86 呼吸率= 15.0/分 体动=0.000  音量=0% 灯=0%
  04:28:10  [入睡] 规律度=0.87 呼吸率= 15.0/分 体动=0.000  音量=0% 灯=0%
  04:28:15  [入睡] 规律度=0.86 呼吸率= 15.0/分 体动=0.000  音量=0% 灯=0%
  04:28:20  [入睡] 规律度=0.87 呼吸率= 15.0/分 体动=0.000  音量=0% 灯=0%
  04:28:25  [入睡] 规律度=0.87 呼吸率= 15.0/分 体动=0.000  音量=0% 灯=0%
  04:28:30  [入睡] 规律度=0.86 呼吸率= 15.0/分 体动=0.000  音量=0% 灯=0%
  04:28:35  [入睡] 规律度=0.86 呼吸率= 15.0/分 体动=0.000  音量=0% 灯=0%
  04:28:40  [入睡] 规律度=0.86 呼吸率= 15.0/分 体动=0.000  音量=0% 灯=0%
  04:28:45  [入睡] 规律度=0.87 呼吸率= 15.0/分 体动=0.000  音量=0% 灯=0%
  04:28:50  [入睡] 规律度=0.87 呼吸率= 15.0/分 体动=0.000  音量=0% 灯=0%
  04:28:55  [入睡] 规律度=0.86 呼吸率= 15.0/分 体动=0.000  音量=0% 灯=0%
  04:29:00  [入睡] 规律度=0.87 呼吸率= 15.0/分 体动=0.000  音量=0% 灯=0%
  04:29:05  [入睡] 规律度=0.87 呼吸率= 15.0/分 体动=0.000  音量=0% 灯=0%
  04:29:10  [入睡] 规律度=0.86 呼吸率= 15.0/分 体动=0.000  音量=0% 灯=0%
  04:29:15  [入睡] 规律度=0.86 呼吸率= 15.0/分 体动=0.000  音量=0% 灯=0%
  04:29:20  [入睡] 规律度=0.86 呼吸率= 15.0/分 体动=0.000  音量=0% 灯=0%
  04:29:25  [入睡] 规律度=0.86 呼吸率= 15.0/分 体动=0.000  音量=0% 灯=0%
  04:29:30  [入睡] 规律度=0.86 呼吸率= 15.0/分 体动=0.000  音量=0% 灯=0%
  04:29:35  [入睡] 规律度=0.86 呼吸率= 15.0/分 体动=0.000  音量=0% 灯=0%
  04:29:40  [入睡] 规律度=0.87 呼吸率= 15.0/分 体动=0.000  音量=0% 灯=0%
  04:29:45  [入睡] 规律度=0.87 呼吸率= 15.0/分 体动=0.000  音量=0% 灯=0%
  04:29:50  [入睡] 规律度=0.86 呼吸率= 15.0/分 体动=0.000  音量=0% 灯=0%
  04:29:55  [入睡] 规律度=0.86 呼吸率= 15.0/分 体动=0.000  音量=0% 灯=0%
  04:30:00  [入睡] 规律度=0.86 呼吸率= 15.0/分 体动=0.000  音量=0% 灯=0%
  04:30:05  [入睡] 规律度=0.86 呼吸率= 15.0/分 体动=0.000  音量=0% 灯=0%
  04:30:10  [入睡] 规律度=0.87 呼吸率= 15.0/分 体动=0.000  音量=0% 灯=0%
  04:30:15  [入睡] 规律度=0.86 呼吸率= 15.0/分 体动=0.000  音量=0% 灯=0%
[link] ↑ 上报入睡判定：已入睡 置信=100%  呼吸=15次/分
  04:30:20  [入睡] 规律度=0.87 呼吸率= 15.0/分 体动=0.000  音量=0% 灯=0%
  04:30:25  [入睡] 规律度=0.87 呼吸率= 15.0/分 体动=0.000  音量=0% 灯=0%
  04:30:30  [入睡] 规律度=0.86 呼吸率= 15.0/分 体动=0.000  音量=0% 灯=0%
  04:30:35  [入睡] 规律度=0.86 呼吸率= 15.0/分 体动=0.000  音量=0% 灯=0%
  04:30:40  [入睡] 规律度=0.86 呼吸率= 15.0/分 体动=0.000  音量=0% 灯=0%
  04:30:45  [入睡] 规律度=0.87 呼吸率= 15.0/分 体动=0.000  音量=0% 灯=0%
  04:30:50  [入睡] 规律度=0.86 呼吸率= 15.0/分 体动=0.000  音量=0% 灯=0%
  04:30:55  [入睡] 规律度=0.86 呼吸率= 15.0/分 体动=0.000  音量=0% 灯=0%
  04:31:00  [入睡] 规律度=0.87 呼吸率= 15.0/分 体动=0.000  音量=0% 灯=0%
  04:31:05  [入睡] 规律度=0.86 呼吸率= 15.0/分 体动=0.000  音量=0% 灯=0%
  04:31:10  [入睡] 规律度=0.87 呼吸率= 15.0/分 体动=0.000  音量=0% 灯=0%
  04:31:15  [入睡] 规律度=0.86 呼吸率= 15.0/分 体动=0.000  音量=0% 灯=0%
  04:31:20  [入睡] 规律度=0.86 呼吸率= 15.0/分 体动=0.000  音量=0% 灯=0%
  04:31:25  [入睡] 规律度=0.86 呼吸率= 15.0/分 体动=0.000  音量=0% 灯=0%
  04:31:30  [入睡] 规律度=0.86 呼吸率= 15.0/分 体动=0.000  音量=0% 灯=0%
  04:31:35  [入睡] 规律度=0.86 呼吸率= 15.0/分 体动=0.000  音量=0% 灯=0%
  04:31:40  [入睡] 规律度=0.87 呼吸率= 15.0/分 体动=0.000  音量=0% 灯=0%
  04:31:45  [入睡] 规律度=0.86 呼吸率= 15.0/分 体动=0.000  音量=0% 灯=0%
  04:31:50  [入睡] 规律度=0.87 呼吸率= 15.0/分 体动=0.000  音量=0% 灯=0%
  04:31:55  [入睡] 规律度=0.87 呼吸率= 15.0/分 体动=0.000  音量=0% 灯=0%
  04:32:00  [入睡] 规律度=0.86 呼吸率= 15.0/分 体动=0.000  音量=0% 灯=0%
  04:32:05  [入睡] 规律度=0.86 呼吸率= 15.0/分 体动=0.000  音量=0% 灯=0%
  04:32:10  [入睡] 规律度=0.86 呼吸率= 15.0/分 体动=0.000  音量=0% 灯=0%
  04:32:15  [入睡] 规律度=0.86 呼吸率= 15.0/分 体动=0.000  音量=0% 灯=0%
  04:32:20  [入睡] 规律度=0.86 呼吸率= 15.0/分 体动=0.000  音量=0% 灯=0%
  04:32:25  [入睡] 规律度=0.87 呼吸率= 15.0/分 体动=0.000  音量=0% 灯=0%
  04:32:30  [入睡] 规律度=0.87 呼吸率= 15.0/分 体动=0.000  音量=0% 灯=0%
  04:32:35  [入睡] 规律度=0.87 呼吸率= 15.0/分 体动=0.000  音量=0% 灯=0%
  04:32:40  [入睡] 规律度=0.87 呼吸率= 15.0/分 体动=0.000  音量=0% 灯=0%
  04:32:45  [入睡] 规律度=0.86 呼吸率= 15.0/分 体动=0.000  音量=0% 灯=0%
  04:32:50  [入睡] 规律度=0.86 呼吸率= 15.0/分 体动=0.000  音量=0% 灯=0%
  04:32:55  [入睡] 规律度=0.86 呼吸率= 15.0/分 体动=0.000  音量=0% 灯=0%
  04:33:00  [入睡] 规律度=0.87 呼吸率= 15.0/分 体动=0.000  音量=0% 灯=0%
  04:33:05  [入睡] 规律度=0.86 呼吸率= 15.0/分 体动=0.000  音量=0% 灯=0%
  04:33:10  [入睡] 规律度=0.86 呼吸率= 15.0/分 体动=0.000  音量=0% 灯=0%
  04:33:15  [入睡] 规律度=0.86 呼吸率= 15.0/分 体动=0.000  音量=0% 灯=0%
  04:33:20  [入睡] 规律度=0.87 呼吸率= 15.0/分 体动=0.000  音量=0% 灯=0%
  04:33:25  [入睡] 规律度=0.87 呼吸率= 15.0/分 体动=0.000  音量=0% 灯=0%
  04:33:30  [入睡] 规律度=0.86 呼吸率= 15.0/分 体动=0.000  音量=0% 灯=0%
  04:33:35  [入睡] 规律度=0.87 呼吸率= 15.0/分 体动=0.000  音量=0% 灯=0%
  04:33:40  [入睡] 规律度=0.86 呼吸率= 15.0/分 体动=0.000  音量=0% 灯=0%
  04:33:45  [入睡] 规律度=0.87 呼吸率= 15.0/分 体动=0.000  音量=0% 灯=0%
  04:33:50  [入睡] 规律度=0.86 呼吸率= 15.0/分 体动=0.000  音量=0% 灯=0%
  04:33:55  [入睡] 规律度=0.86 呼吸率= 15.0/分 体动=0.000  音量=0% 灯=0%
  04:34:00  [入睡] 规律度=0.87 呼吸率= 15.0/分 体动=0.000  音量=0% 灯=0%
  04:34:05  [入睡] 规律度=0.86 呼吸率= 15.0/分 体动=0.000  音量=0% 灯=0%
  04:34:10  [入睡] 规律度=0.86 呼吸率= 15.0/分 体动=0.000  音量=0% 灯=0%
  04:34:15  [入睡] 规律度=0.87 呼吸率= 15.0/分 体动=0.000  音量=0% 灯=0%
  04:34:20  [入睡] 规律度=0.86 呼吸率= 15.0/分 体动=0.000  音量=0% 灯=0%
  04:34:25  [入睡] 规律度=0.87 呼吸率= 15.0/分 体动=0.000  音量=0% 灯=0%
  04:34:30  [入睡] 规律度=0.87 呼吸率= 15.0/分 体动=0.000  音量=0% 灯=0%
  04:34:35  [入睡] 规律度=0.86 呼吸率= 15.0/分 体动=0.000  音量=0% 灯=0%
  04:34:40  [入睡] 规律度=0.86 呼吸率= 15.0/分 体动=0.000  音量=0% 灯=0%
  04:34:45  [入睡] 规律度=0.86 呼吸率= 15.0/分 体动=0.000  音量=0% 灯=0%
  04:34:50  [入睡] 规律度=0.86 呼吸率= 15.0/分 体动=0.000  音量=0% 灯=0%
  04:34:55  [入睡] 规律度=0.86 呼吸率= 15.0/分 体动=0.000  音量=0% 灯=0%
  04:35:00  [入睡] 规律度=0.86 呼吸率= 15.0/分 体动=0.000  音量=0% 灯=0%
  04:35:05  [入睡] 规律度=0.86 呼吸率= 15.0/分 体动=0.000  音量=0% 灯=0%
  04:35:10  [入睡] 规律度=0.86 呼吸率= 15.0/分 体动=0.000  音量=0% 灯=0%
  04:35:15  [入睡] 规律度=0.87 呼吸率= 15.0/分 体动=0.000  音量=0% 灯=0%
[link] ↑ 上报入睡判定：已入睡 置信=100%  呼吸=15次/分
  04:35:20  [入睡] 规律度=0.87 呼吸率= 15.0/分 体动=0.000  音量=0% 灯=0%
  04:35:25  [入睡] 规律度=0.87 呼吸率= 15.0/分 体动=0.000  音量=0% 灯=0%
  04:35:30  [入睡] 规律度=0.86 呼吸率= 15.0/分 体动=0.000  音量=0% 灯=0%
  04:35:35  [入睡] 规律度=0.86 呼吸率= 15.0/分 体动=0.000  音量=0% 灯=0%
  04:35:40  [入睡] 规律度=0.87 呼吸率= 15.0/分 体动=0.000  音量=0% 灯=0%
  04:35:45  [入睡] 规律度=0.86 呼吸率= 15.0/分 体动=0.000  音量=0% 灯=0%
  04:35:50  [入睡] 规律度=0.87 呼吸率= 15.0/分 体动=0.000  音量=0% 灯=0%
  04:35:55  [入睡] 规律度=0.86 呼吸率= 15.0/分 体动=0.000  音量=0% 灯=0%
  04:36:00  [入睡] 规律度=0.87 呼吸率= 15.0/分 体动=0.000  音量=0% 灯=0%
  04:36:05  [入睡] 规律度=0.87 呼吸率= 15.0/分 体动=0.000  音量=0% 灯=0%
  04:36:10  [入睡] 规律度=0.86 呼吸率= 15.0/分 体动=0.000  音量=0% 灯=0%
  04:36:15  [入睡] 规律度=0.86 呼吸率= 15.0/分 体动=0.000  音量=0% 灯=0%
  04:36:20  [入睡] 规律度=0.86 呼吸率= 15.0/分 体动=0.000  音量=0% 灯=0%
  04:36:25  [入睡] 规律度=0.86 呼吸率= 15.0/分 体动=0.000  音量=0% 灯=0%
  04:36:30  [入睡] 规律度=0.86 呼吸率= 15.0/分 体动=0.000  音量=0% 灯=0%
  04:36:35  [入睡] 规律度=0.86 呼吸率= 15.0/分 体动=0.000  音量=0% 灯=0%
  04:36:40  [入睡] 规律度=0.87 呼吸率= 15.0/分 体动=0.000  音量=0% 灯=0%
  04:36:45  [入睡] 规律度=0.86 呼吸率= 15.0/分 体动=0.000  音量=0% 灯=0%
  04:36:50  [入睡] 规律度=0.87 呼吸率= 15.0/分 体动=0.000  音量=0% 灯=0%
  04:36:55  [入睡] 规律度=0.86 呼吸率= 15.0/分 体动=0.000  音量=0% 灯=0%
  04:37:00  [入睡] 规律度=0.86 呼吸率= 15.0/分 体动=0.000  音量=0% 灯=0%
  04:37:05  [入睡] 规律度=0.87 呼吸率= 15.0/分 体动=0.000  音量=0% 灯=0%
  04:37:10  [入睡] 规律度=0.86 呼吸率= 15.0/分 体动=0.000  音量=0% 灯=0%
  04:37:15  [入睡] 规律度=0.86 呼吸率= 15.0/分 体动=0.000  音量=0% 灯=0%
  04:37:20  [入睡] 规律度=0.86 呼吸率= 15.0/分 体动=0.000  音量=0% 灯=0%
  04:37:25  [入睡] 规律度=0.86 呼吸率= 15.0/分 体动=0.000  音量=0% 灯=0%
  04:37:30  [入睡] 规律度=0.87 呼吸率= 15.0/分 体动=0.000  音量=0% 灯=0%
  04:37:35  [入睡] 规律度=0.86 呼吸率= 15.0/分 体动=0.000  音量=0% 灯=0%
  04:37:40  [入睡] 规律度=0.86 呼吸率= 15.0/分 体动=0.000  音量=0% 灯=0%
  04:37:45  [入睡] 规律度=0.87 呼吸率= 15.0/分 体动=0.000  音量=0% 灯=0%
  04:37:50  [入睡] 规律度=0.86 呼吸率= 15.0/分 体动=0.000  音量=0% 灯=0%
  04:37:55  [入睡] 规律度=0.87 呼吸率= 15.0/分 体动=0.000  音量=0% 灯=0%
  04:38:00  [入睡] 规律度=0.87 呼吸率= 15.0/分 体动=0.000  音量=0% 灯=0%
  04:38:05  [入睡] 规律度=0.87 呼吸率= 15.0/分 体动=0.000  音量=0% 灯=0%
  04:38:10  [入睡] 规律度=0.87 呼吸率= 15.0/分 体动=0.000  音量=0% 灯=0%
  04:38:15  [入睡] 规律度=0.87 呼吸率= 15.0/分 体动=0.000  音量=0% 灯=0%
  04:38:20  [入睡] 规律度=0.87 呼吸率= 15.0/分 体动=0.000  音量=0% 灯=0%
  04:38:25  [入睡] 规律度=0.86 呼吸率= 15.0/分 体动=0.000  音量=0% 灯=0%
  04:38:30  [入睡] 规律度=0.87 呼吸率= 15.0/分 体动=0.000  音量=0% 灯=0%
  04:38:35  [入睡] 规律度=0.86 呼吸率= 15.0/分 体动=0.000  音量=0% 灯=0%
  04:38:40  [入睡] 规律度=0.86 呼吸率= 15.0/分 体动=0.000  音量=0% 灯=0%
  04:38:45  [入睡] 规律度=0.87 呼吸率= 15.0/分 体动=0.000  音量=0% 灯=0%
  04:38:50  [入睡] 规律度=0.86 呼吸率= 15.0/分 体动=0.000  音量=0% 灯=0%
  04:38:55  [入睡] 规律度=0.86 呼吸率= 15.0/分 体动=0.000  音量=0% 灯=0%
  04:39:00  [入睡] 规律度=0.86 呼吸率= 15.0/分 体动=0.000  音量=0% 灯=0%
  04:39:05  [入睡] 规律度=0.86 呼吸率= 15.0/分 体动=0.000  音量=0% 灯=0%
  04:39:10  [入睡] 规律度=0.86 呼吸率= 15.0/分 体动=0.000  音量=0% 灯=0%
  04:39:15  [入睡] 规律度=0.86 呼吸率= 15.0/分 体动=0.000  音量=0% 灯=0%
  04:39:20  [入睡] 规律度=0.86 呼吸率= 15.0/分 体动=0.000  音量=0% 灯=0%
  04:39:25  [入睡] 规律度=0.87 呼吸率= 15.0/分 体动=0.000  音量=0% 灯=0%
  04:39:30  [入睡] 规律度=0.87 呼吸率= 15.0/分 体动=0.000  音量=0% 灯=0%
  04:39:35  [入睡] 规律度=0.86 呼吸率= 15.0/分 体动=0.000  音量=0% 灯=0%
  04:39:40  [入睡] 规律度=0.87 呼吸率= 15.0/分 体动=0.000  音量=0% 灯=0%
  04:39:45  [入睡] 规律度=0.86 呼吸率= 15.0/分 体动=0.000  音量=0% 灯=0%
  04:39:50  [入睡] 规律度=0.87 呼吸率= 15.0/分 体动=0.000  音量=0% 灯=0%
  04:39:55  [入睡] 规律度=0.86 呼吸率= 15.0/分 体动=0.000  音量=0% 灯=0%
  04:40:00  [入睡] 规律度=0.86 呼吸率= 15.0/分 体动=0.000  音量=0% 灯=0%
  04:40:05  [入睡] 规律度=0.87 呼吸率= 15.0/分 体动=0.000  音量=0% 灯=0%
  04:40:10  [入睡] 规律度=0.86 呼吸率= 15.0/分 体动=0.000  音量=0% 灯=0%
  04:40:15  [入睡] 规律度=0.87 呼吸率= 15.0/分 体动=0.000  音量=0% 灯=0%
[link] ↑ 上报入睡判定：已入睡 置信=100%  呼吸=15次/分
  04:40:20  [入睡] 规律度=0.87 呼吸率= 15.0/分 体动=0.000  音量=0% 灯=0%
  04:40:25  [入睡] 规律度=0.86 呼吸率= 15.0/分 体动=0.000  音量=0% 灯=0%
  04:40:30  [入睡] 规律度=0.86 呼吸率= 15.0/分 体动=0.000  音量=0% 灯=0%
  04:40:35  [入睡] 规律度=0.86 呼吸率= 15.0/分 体动=0.000  音量=0% 灯=0%
  04:40:40  [入睡] 规律度=0.86 呼吸率= 15.0/分 体动=0.000  音量=0% 灯=0%
  04:40:45  [入睡] 规律度=0.87 呼吸率= 15.0/分 体动=0.000  音量=0% 灯=0%
  04:40:50  [入睡] 规律度=0.87 呼吸率= 15.0/分 体动=0.000  音量=0% 灯=0%
  04:40:55  [入睡] 规律度=0.86 呼吸率= 15.0/分 体动=0.000  音量=0% 灯=0%
  04:41:00  [入睡] 规律度=0.86 呼吸率= 15.0/分 体动=0.000  音量=0% 灯=0%
  04:41:05  [入睡] 规律度=0.86 呼吸率= 15.0/分 体动=0.000  音量=0% 灯=0%
  04:41:10  [入睡] 规律度=0.86 呼吸率= 15.0/分 体动=0.000  音量=0% 灯=0%
  04:41:15  [入睡] 规律度=0.87 呼吸率= 15.0/分 体动=0.000  音量=0% 灯=0%
  04:41:20  [入睡] 规律度=0.86 呼吸率= 15.0/分 体动=0.000  音量=0% 灯=0%
  04:41:25  [入睡] 规律度=0.87 呼吸率= 15.0/分 体动=0.000  音量=0% 灯=0%
  04:41:30  [入睡] 规律度=0.87 呼吸率= 15.0/分 体动=0.000  音量=0% 灯=0%
  04:41:35  [入睡] 规律度=0.86 呼吸率= 15.0/分 体动=0.000  音量=0% 灯=0%
  04:41:40  [入睡] 规律度=0.86 呼吸率= 15.0/分 体动=0.000  音量=0% 灯=0%
  04:41:45  [入睡] 规律度=0.86 呼吸率= 15.0/分 体动=0.000  音量=0% 灯=0%
  04:41:50  [入睡] 规律度=0.86 呼吸率= 15.0/分 体动=0.000  音量=0% 灯=0%
  04:41:55  [入睡] 规律度=0.86 呼吸率= 15.0/分 体动=0.000  音量=0% 灯=0%
  04:42:00  [入睡] 规律度=0.87 呼吸率= 15.0/分 体动=0.000  音量=0% 灯=0%
  04:42:05  [入睡] 规律度=0.86 呼吸率= 15.0/分 体动=0.000  音量=0% 灯=0%
  04:42:10  [入睡] 规律度=0.87 呼吸率= 15.0/分 体动=0.000  音量=0% 灯=0%
  04:42:15  [入睡] 规律度=0.87 呼吸率= 15.0/分 体动=0.000  音量=0% 灯=0%
  04:42:20  [入睡] 规律度=0.86 呼吸率= 15.0/分 体动=0.000  音量=0% 灯=0%
  04:42:25  [入睡] 规律度=0.87 呼吸率= 15.0/分 体动=0.000  音量=0% 灯=0%
  04:42:30  [入睡] 规律度=0.86 呼吸率= 15.0/分 体动=0.000  音量=0% 灯=0%
  04:42:35  [入睡] 规律度=0.86 呼吸率= 15.0/分 体动=0.000  音量=0% 灯=0%
  04:42:40  [入睡] 规律度=0.87 呼吸率= 15.0/分 体动=0.000  音量=0% 灯=0%
  04:42:45  [入睡] 规律度=0.86 呼吸率= 15.0/分 体动=0.000  音量=0% 灯=0%
  04:42:50  [入睡] 规律度=0.86 呼吸率= 15.0/分 体动=0.000  音量=0% 灯=0%
  04:42:55  [入睡] 规律度=0.86 呼吸率= 15.0/分 体动=0.000  音量=0% 灯=0%
  04:43:00  [入睡] 规律度=0.86 呼吸率= 15.0/分 体动=0.000  音量=0% 灯=0%
  04:43:05  [入睡] 规律度=0.86 呼吸率= 15.0/分 体动=0.000  音量=0% 灯=0%
  04:43:10  [入睡] 规律度=0.86 呼吸率= 15.0/分 体动=0.000  音量=0% 灯=0%
  04:43:15  [入睡] 规律度=0.87 呼吸率= 15.0/分 体动=0.000  音量=0% 灯=0%
  04:43:20  [入睡] 规律度=0.86 呼吸率= 15.0/分 体动=0.000  音量=0% 灯=0%
  04:43:25  [入睡] 规律度=0.87 呼吸率= 15.0/分 体动=0.000  音量=0% 灯=0%
  04:43:30  [入睡] 规律度=0.86 呼吸率= 15.0/分 体动=0.000  音量=0% 灯=0%
  04:43:35  [入睡] 规律度=0.86 呼吸率= 15.0/分 体动=0.000  音量=0% 灯=0%
  04:43:40  [入睡] 规律度=0.87 呼吸率= 15.0/分 体动=0.000  音量=0% 灯=0%
  04:43:45  [入睡] 规律度=0.87 呼吸率= 15.0/分 体动=0.000  音量=0% 灯=0%
  04:43:50  [入睡] 规律度=0.86 呼吸率= 15.0/分 体动=0.000  音量=0% 灯=0%
  04:43:55  [入睡] 规律度=0.86 呼吸率= 15.0/分 体动=0.000  音量=0% 灯=0%
  04:44:00  [入睡] 规律度=0.86 呼吸率= 15.0/分 体动=0.000  音量=0% 灯=0%
  04:44:05  [入睡] 规律度=0.87 呼吸率= 15.0/分 体动=0.000  音量=0% 灯=0%
  04:44:10  [入睡] 规律度=0.86 呼吸率= 15.0/分 体动=0.000  音量=0% 灯=0%
  04:44:15  [入睡] 规律度=0.87 呼吸率= 15.0/分 体动=0.000  音量=0% 灯=0%
  04:44:20  [入睡] 规律度=0.86 呼吸率= 15.0/分 体动=0.000  音量=0% 灯=0%
  04:44:25  [入睡] 规律度=0.87 呼吸率= 15.0/分 体动=0.000  音量=0% 灯=0%
  04:44:30  [入睡] 规律度=0.87 呼吸率= 15.0/分 体动=0.000  音量=0% 灯=0%
  04:44:35  [入睡] 规律度=0.87 呼吸率= 15.0/分 体动=0.000  音量=0% 灯=0%
  04:44:40  [入睡] 规律度=0.86 呼吸率= 15.0/分 体动=0.000  音量=0% 灯=0%
  04:44:45  [入睡] 规律度=0.87 呼吸率= 15.0/分 体动=0.000  音量=0% 灯=0%
  04:44:50  [入睡] 规律度=0.86 呼吸率= 15.0/分 体动=0.000  音量=0% 灯=0%
  04:44:55  [入睡] 规律度=0.86 呼吸率= 15.0/分 体动=0.000  音量=0% 灯=0%
  04:45:00  [入睡] 规律度=0.86 呼吸率= 15.0/分 体动=0.000  音量=0% 灯=0%
  04:45:05  [入睡] 规律度=0.87 呼吸率= 15.0/分 体动=0.000  音量=0% 灯=0%
  04:45:10  [入睡] 规律度=0.86 呼吸率= 15.0/分 体动=0.000  音量=0% 灯=0%
  04:45:15  [入睡] 规律度=0.87 呼吸率= 15.0/分 体动=0.000  音量=0% 灯=0%
[link] ↑ 上报入睡判定：已入睡 置信=100%  呼吸=15次/分
  04:45:20  [入睡] 规律度=0.87 呼吸率= 15.0/分 体动=0.000  音量=0% 灯=0%
  04:45:25  [入睡] 规律度=0.86 呼吸率= 15.0/分 体动=0.000  音量=0% 灯=0%
  04:45:30  [入睡] 规律度=0.86 呼吸率= 15.0/分 体动=0.000  音量=0% 灯=0%
  04:45:35  [入睡] 规律度=0.87 呼吸率= 15.0/分 体动=0.000  音量=0% 灯=0%
  04:45:40  [入睡] 规律度=0.86 呼吸率= 15.0/分 体动=0.000  音量=0% 灯=0%
  04:45:45  [入睡] 规律度=0.86 呼吸率= 15.0/分 体动=0.000  音量=0% 灯=0%
  04:45:50  [入睡] 规律度=0.86 呼吸率= 15.0/分 体动=0.000  音量=0% 灯=0%
  04:45:55  [入睡] 规律度=0.87 呼吸率= 15.0/分 体动=0.000  音量=0% 灯=0%
  04:46:00  [入睡] 规律度=0.87 呼吸率= 15.0/分 体动=0.000  音量=0% 灯=0%
  04:46:05  [入睡] 规律度=0.87 呼吸率= 15.0/分 体动=0.000  音量=0% 灯=0%
  04:46:10  [入睡] 规律度=0.86 呼吸率= 15.0/分 体动=0.000  音量=0% 灯=0%
  04:46:15  [入睡] 规律度=0.86 呼吸率= 15.0/分 体动=0.000  音量=0% 灯=0%
  04:46:20  [入睡] 规律度=0.87 呼吸率= 15.0/分 体动=0.000  音量=0% 灯=0%
  04:46:25  [入睡] 规律度=0.87 呼吸率= 15.0/分 体动=0.000  音量=0% 灯=0%
  04:46:30  [入睡] 规律度=0.86 呼吸率= 15.0/分 体动=0.000  音量=0% 灯=0%
  04:46:35  [入睡] 规律度=0.87 呼吸率= 15.0/分 体动=0.000  音量=0% 灯=0%
  04:46:40  [入睡] 规律度=0.86 呼吸率= 15.0/分 体动=0.000  音量=0% 灯=0%
  04:46:45  [入睡] 规律度=0.86 呼吸率= 15.0/分 体动=0.000  音量=0% 灯=0%
  04:46:50  [入睡] 规律度=0.86 呼吸率= 15.0/分 体动=0.000  音量=0% 灯=0%
  04:46:55  [入睡] 规律度=0.87 呼吸率= 15.0/分 体动=0.000  音量=0% 灯=0%
  04:47:00  [入睡] 规律度=0.87 呼吸率= 15.0/分 体动=0.000  音量=0% 灯=0%
  04:47:05  [入睡] 规律度=0.87 呼吸率= 15.0/分 体动=0.000  音量=0% 灯=0%
  04:47:10  [入睡] 规律度=0.86 呼吸率= 15.0/分 体动=0.000  音量=0% 灯=0%
  04:47:15  [入睡] 规律度=0.86 呼吸率= 15.0/分 体动=0.000  音量=0% 灯=0%
  04:47:20  [入睡] 规律度=0.86 呼吸率= 15.0/分 体动=0.000  音量=0% 灯=0%
  04:47:25  [入睡] 规律度=0.87 呼吸率= 15.0/分 体动=0.000  音量=0% 灯=0%
  04:47:30  [入睡] 规律度=0.87 呼吸率= 15.0/分 体动=0.000  音量=0% 灯=0%
  04:47:35  [入睡] 规律度=0.87 呼吸率= 15.0/分 体动=0.000  音量=0% 灯=0%
  04:47:40  [入睡] 规律度=0.87 呼吸率= 15.0/分 体动=0.000  音量=0% 灯=0%
  04:47:45  [入睡] 规律度=0.86 呼吸率= 15.0/分 体动=0.000  音量=0% 灯=0%
  04:47:50  [入睡] 规律度=0.87 呼吸率= 15.0/分 体动=0.000  音量=0% 灯=0%
  04:47:55  [入睡] 规律度=0.86 呼吸率= 15.0/分 体动=0.000  音量=0% 灯=0%
  04:48:00  [入睡] 规律度=0.86 呼吸率= 15.0/分 体动=0.000  音量=0% 灯=0%
  04:48:05  [入睡] 规律度=0.86 呼吸率= 15.0/分 体动=0.000  音量=0% 灯=0%
  04:48:10  [入睡] 规律度=0.86 呼吸率= 15.0/分 体动=0.000  音量=0% 灯=0%
  04:48:15  [入睡] 规律度=0.86 呼吸率= 15.0/分 体动=0.000  音量=0% 灯=0%
  04:48:20  [入睡] 规律度=0.87 呼吸率= 15.0/分 体动=0.000  音量=0% 灯=0%
  04:48:25  [入睡] 规律度=0.86 呼吸率= 15.0/分 体动=0.000  音量=0% 灯=0%
  04:48:30  [入睡] 规律度=0.87 呼吸率= 15.0/分 体动=0.000  音量=0% 灯=0%
  04:48:35  [入睡] 规律度=0.86 呼吸率= 15.0/分 体动=0.000  音量=0% 灯=0%
  04:48:40  [入睡] 规律度=0.87 呼吸率= 15.0/分 体动=0.000  音量=0% 灯=0%
  04:48:45  [入睡] 规律度=0.86 呼吸率= 15.0/分 体动=0.000  音量=0% 灯=0%
  04:48:50  [入睡] 规律度=0.86 呼吸率= 15.0/分 体动=0.000  音量=0% 灯=0%
  04:48:55  [入睡] 规律度=0.86 呼吸率= 15.0/分 体动=0.000  音量=0% 灯=0%
  04:49:00  [入睡] 规律度=0.87 呼吸率= 15.0/分 体动=0.000  音量=0% 灯=0%
  04:49:05  [入睡] 规律度=0.87 呼吸率= 15.0/分 体动=0.000  音量=0% 灯=0%
  04:49:10  [入睡] 规律度=0.86 呼吸率= 15.0/分 体动=0.000  音量=0% 灯=0%
  04:49:15  [入睡] 规律度=0.86 呼吸率= 15.0/分 体动=0.000  音量=0% 灯=0%
  04:49:20  [入睡] 规律度=0.86 呼吸率= 15.0/分 体动=0.000  音量=0% 灯=0%
  04:49:25  [入睡] 规律度=0.87 呼吸率= 15.0/分 体动=0.000  音量=0% 灯=0%
  04:49:30  [入睡] 规律度=0.86 呼吸率= 15.0/分 体动=0.000  音量=0% 灯=0%
  04:49:35  [入睡] 规律度=0.87 呼吸率= 15.0/分 体动=0.000  音量=0% 灯=0%
  04:49:40  [入睡] 规律度=0.86 呼吸率= 15.0/分 体动=0.000  音量=0% 灯=0%
  04:49:45  [入睡] 规律度=0.86 呼吸率= 15.0/分 体动=0.000  音量=0% 灯=0%
  04:49:50  [入睡] 规律度=0.87 呼吸率= 15.0/分 体动=0.000  音量=0% 灯=0%
  04:49:55  [入睡] 规律度=0.86 呼吸率= 15.0/分 体动=0.000  音量=0% 灯=0%
  04:50:00  [入睡] 规律度=0.86 呼吸率= 15.0/分 体动=0.000  音量=0% 灯=0%
  04:50:05  [入睡] 规律度=0.86 呼吸率= 15.0/分 体动=0.000  音量=0% 灯=0%
  04:50:10  [入睡] 规律度=0.87 呼吸率= 15.0/分 体动=0.000  音量=0% 灯=0%
  04:50:15  [入睡] 规律度=0.86 呼吸率= 15.0/分 体动=0.000  音量=0% 灯=0%
[link] ↑ 上报入睡判定：已入睡 置信=100%  呼吸=15次/分
  04:50:20  [入睡] 规律度=0.86 呼吸率= 15.0/分 体动=0.000  音量=0% 灯=0%
  04:50:25  [入睡] 规律度=0.86 呼吸率= 15.0/分 体动=0.000  音量=0% 灯=0%
  04:50:30  [入睡] 规律度=0.86 呼吸率= 15.0/分 体动=0.000  音量=0% 灯=0%
  04:50:35  [入睡] 规律度=0.86 呼吸率= 15.0/分 体动=0.000  音量=0% 灯=0%
  04:50:40  [入睡] 规律度=0.87 呼吸率= 15.0/分 体动=0.000  音量=0% 灯=0%
  04:50:45  [入睡] 规律度=0.86 呼吸率= 15.0/分 体动=0.000  音量=0% 灯=0%
  04:50:50  [入睡] 规律度=0.86 呼吸率= 15.0/分 体动=0.000  音量=0% 灯=0%
  04:50:55  [入睡] 规律度=0.86 呼吸率= 15.0/分 体动=0.000  音量=0% 灯=0%
  04:51:00  [入睡] 规律度=0.87 呼吸率= 15.0/分 体动=0.000  音量=0% 灯=0%
  04:51:05  [入睡] 规律度=0.87 呼吸率= 15.0/分 体动=0.000  音量=0% 灯=0%
  04:51:10  [入睡] 规律度=0.86 呼吸率= 15.0/分 体动=0.000  音量=0% 灯=0%
  04:51:15  [入睡] 规律度=0.86 呼吸率= 15.0/分 体动=0.000  音量=0% 灯=0%
  04:51:20  [入睡] 规律度=0.86 呼吸率= 15.0/分 体动=0.000  音量=0% 灯=0%
  04:51:25  [入睡] 规律度=0.86 呼吸率= 15.0/分 体动=0.000  音量=0% 灯=0%
  04:51:30  [入睡] 规律度=0.86 呼吸率= 15.0/分 体动=0.000  音量=0% 灯=0%
  04:51:35  [入睡] 规律度=0.87 呼吸率= 15.0/分 体动=0.000  音量=0% 灯=0%
  04:51:40  [入睡] 规律度=0.87 呼吸率= 15.0/分 体动=0.000  音量=0% 灯=0%
  04:51:45  [入睡] 规律度=0.87 呼吸率= 15.0/分 体动=0.000  音量=0% 灯=0%
  04:51:50  [入睡] 规律度=0.86 呼吸率= 15.0/分 体动=0.000  音量=0% 灯=0%
  04:51:55  [入睡] 规律度=0.86 呼吸率= 15.0/分 体动=0.000  音量=0% 灯=0%
  04:52:00  [入睡] 规律度=0.86 呼吸率= 15.0/分 体动=0.000  音量=0% 灯=0%
  04:52:05  [入睡] 规律度=0.86 呼吸率= 15.0/分 体动=0.000  音量=0% 灯=0%
  04:52:10  [入睡] 规律度=0.86 呼吸率= 15.0/分 体动=0.000  音量=0% 灯=0%
  04:52:15  [入睡] 规律度=0.86 呼吸率= 15.0/分 体动=0.000  音量=0% 灯=0%
  04:52:20  [入睡] 规律度=0.87 呼吸率= 15.0/分 体动=0.000  音量=0% 灯=0%
  04:52:25  [入睡] 规律度=0.87 呼吸率= 15.0/分 体动=0.000  音量=0% 灯=0%
  04:52:30  [入睡] 规律度=0.87 呼吸率= 15.0/分 体动=0.000  音量=0% 灯=0%
  04:52:35  [入睡] 规律度=0.86 呼吸率= 15.0/分 体动=0.000  音量=0% 灯=0%
  04:52:40  [入睡] 规律度=0.87 呼吸率= 15.0/分 体动=0.000  音量=0% 灯=0%
  04:52:45  [入睡] 规律度=0.87 呼吸率= 15.0/分 体动=0.000  音量=0% 灯=0%
  04:52:50  [入睡] 规律度=0.86 呼吸率= 15.0/分 体动=0.000  音量=0% 灯=0%
  04:52:55  [入睡] 规律度=0.87 呼吸率= 15.0/分 体动=0.000  音量=0% 灯=0%
  04:53:00  [入睡] 规律度=0.86 呼吸率= 15.0/分 体动=0.000  音量=0% 灯=0%
  04:53:05  [入睡] 规律度=0.87 呼吸率= 15.0/分 体动=0.000  音量=0% 灯=0%
  04:53:10  [入睡] 规律度=0.86 呼吸率= 15.0/分 体动=0.000  音量=0% 灯=0%
  04:53:15  [入睡] 规律度=0.87 呼吸率= 15.0/分 体动=0.000  音量=0% 灯=0%
  04:53:20  [入睡] 规律度=0.86 呼吸率= 15.0/分 体动=0.000  音量=0% 灯=0%
  04:53:25  [入睡] 规律度=0.86 呼吸率= 15.0/分 体动=0.000  音量=0% 灯=0%
  04:53:30  [入睡] 规律度=0.87 呼吸率= 15.0/分 体动=0.000  音量=0% 灯=0%
  04:53:35  [入睡] 规律度=0.87 呼吸率= 15.0/分 体动=0.000  音量=0% 灯=0%
  04:53:40  [入睡] 规律度=0.87 呼吸率= 15.0/分 体动=0.000  音量=0% 灯=0%
  04:53:45  [入睡] 规律度=0.87 呼吸率= 15.0/分 体动=0.000  音量=0% 灯=0%
  04:53:50  [入睡] 规律度=0.86 呼吸率= 15.0/分 体动=0.000  音量=0% 灯=0%
  04:53:55  [入睡] 规律度=0.86 呼吸率= 15.0/分 体动=0.000  音量=0% 灯=0%
  04:54:00  [入睡] 规律度=0.86 呼吸率= 15.0/分 体动=0.000  音量=0% 灯=0%
  04:54:05  [入睡] 规律度=0.86 呼吸率= 15.0/分 体动=0.000  音量=0% 灯=0%
  04:54:10  [入睡] 规律度=0.87 呼吸率= 15.0/分 体动=0.000  音量=0% 灯=0%
  04:54:15  [入睡] 规律度=0.86 呼吸率= 15.0/分 体动=0.000  音量=0% 灯=0%
  04:54:20  [入睡] 规律度=0.87 呼吸率= 15.0/分 体动=0.000  音量=0% 灯=0%
  04:54:25  [入睡] 规律度=0.86 呼吸率= 15.0/分 体动=0.000  音量=0% 灯=0%
  04:54:30  [入睡] 规律度=0.86 呼吸率= 15.0/分 体动=0.000  音量=0% 灯=0%
  04:54:35  [入睡] 规律度=0.86 呼吸率= 15.0/分 体动=0.000  音量=0% 灯=0%
  04:54:40  [入睡] 规律度=0.86 呼吸率= 15.0/分 体动=0.000  音量=0% 灯=0%
  04:54:45  [入睡] 规律度=0.87 呼吸率= 15.0/分 体动=0.000  音量=0% 灯=0%
  04:54:50  [入睡] 规律度=0.86 呼吸率= 15.0/分 体动=0.000  音量=0% 灯=0%
  04:54:55  [入睡] 规律度=0.87 呼吸率= 15.0/分 体动=0.000  音量=0% 灯=0%
  04:55:00  [入睡] 规律度=0.86 呼吸率= 15.0/分 体动=0.000  音量=0% 灯=0%
  04:55:05  [入睡] 规律度=0.86 呼吸率= 15.0/分 体动=0.000  音量=0% 灯=0%
  04:55:10  [入睡] 规律度=0.86 呼吸率= 15.0/分 体动=0.000  音量=0% 灯=0%
  04:55:15  [入睡] 规律度=0.87 呼吸率= 15.0/分 体动=0.000  音量=0% 灯=0%
[link] ↑ 上报入睡判定：已入睡 置信=100%  呼吸=15次/分
  04:55:20  [入睡] 规律度=0.87 呼吸率= 15.0/分 体动=0.000  音量=0% 灯=0%
  04:55:25  [入睡] 规律度=0.86 呼吸率= 15.0/分 体动=0.000  音量=0% 灯=0%
  04:55:30  [入睡] 规律度=0.87 呼吸率= 15.0/分 体动=0.000  音量=0% 灯=0%
  04:55:35  [入睡] 规律度=0.86 呼吸率= 15.0/分 体动=0.000  音量=0% 灯=0%
  04:55:40  [入睡] 规律度=0.86 呼吸率= 15.0/分 体动=0.000  音量=0% 灯=0%
  04:55:45  [入睡] 规律度=0.86 呼吸率= 15.0/分 体动=0.000  音量=0% 灯=0%
  04:55:50  [入睡] 规律度=0.86 呼吸率= 15.0/分 体动=0.000  音量=0% 灯=0%
  04:55:55  [入睡] 规律度=0.86 呼吸率= 15.0/分 体动=0.000  音量=0% 灯=0%
  04:56:00  [入睡] 规律度=0.86 呼吸率= 15.0/分 体动=0.000  音量=0% 灯=0%
  04:56:05  [入睡] 规律度=0.86 呼吸率= 15.0/分 体动=0.000  音量=0% 灯=0%
  04:56:10  [入睡] 规律度=0.87 呼吸率= 15.0/分 体动=0.000  音量=0% 灯=0%
  04:56:15  [入睡] 规律度=0.87 呼吸率= 15.0/分 体动=0.000  音量=0% 灯=0%
  04:56:20  [入睡] 规律度=0.86 呼吸率= 15.0/分 体动=0.000  音量=0% 灯=0%
  04:56:25  [入睡] 规律度=0.87 呼吸率= 15.0/分 体动=0.000  音量=0% 灯=0%
  04:56:30  [入睡] 规律度=0.86 呼吸率= 15.0/分 体动=0.000  音量=0% 灯=0%
  04:56:35  [入睡] 规律度=0.87 呼吸率= 15.0/分 体动=0.000  音量=0% 灯=0%
  04:56:40  [入睡] 规律度=0.86 呼吸率= 15.0/分 体动=0.000  音量=0% 灯=0%
  04:56:45  [入睡] 规律度=0.86 呼吸率= 15.0/分 体动=0.000  音量=0% 灯=0%
  04:56:50  [入睡] 规律度=0.86 呼吸率= 15.0/分 体动=0.000  音量=0% 灯=0%
  04:56:55  [入睡] 规律度=0.87 呼吸率= 15.0/分 体动=0.000  音量=0% 灯=0%
  04:57:00  [入睡] 规律度=0.87 呼吸率= 15.0/分 体动=0.000  音量=0% 灯=0%
  04:57:05  [入睡] 规律度=0.86 呼吸率= 15.0/分 体动=0.000  音量=0% 灯=0%
  04:57:10  [入睡] 规律度=0.86 呼吸率= 15.0/分 体动=0.000  音量=0% 灯=0%
  04:57:15  [入睡] 规律度=0.86 呼吸率= 15.0/分 体动=0.000  音量=0% 灯=0%
  04:57:20  [入睡] 规律度=0.86 呼吸率= 15.0/分 体动=0.000  音量=0% 灯=0%
  04:57:25  [入睡] 规律度=0.87 呼吸率= 15.0/分 体动=0.000  音量=0% 灯=0%
  04:57:30  [入睡] 规律度=0.86 呼吸率= 15.0/分 体动=0.000  音量=0% 灯=0%
  04:57:35  [入睡] 规律度=0.87 呼吸率= 15.0/分 体动=0.000  音量=0% 灯=0%
  04:57:40  [入睡] 规律度=0.86 呼吸率= 15.0/分 体动=0.000  音量=0% 灯=0%
  04:57:45  [入睡] 规律度=0.86 呼吸率= 15.0/分 体动=0.000  音量=0% 灯=0%
  04:57:50  [入睡] 规律度=0.87 呼吸率= 15.0/分 体动=0.000  音量=0% 灯=0%
  04:57:55  [入睡] 规律度=0.86 呼吸率= 15.0/分 体动=0.000  音量=0% 灯=0%
  04:58:00  [入睡] 规律度=0.87 呼吸率= 15.0/分 体动=0.000  音量=0% 灯=0%
  04:58:05  [入睡] 规律度=0.86 呼吸率= 15.0/分 体动=0.000  音量=0% 灯=0%
  04:58:10  [入睡] 规律度=0.86 呼吸率= 15.0/分 体动=0.000  音量=0% 灯=0%
  04:58:15  [入睡] 规律度=0.86 呼吸率= 15.0/分 体动=0.000  音量=0% 灯=0%
  04:58:20  [入睡] 规律度=0.86 呼吸率= 15.0/分 体动=0.000  音量=0% 灯=0%
  04:58:25  [入睡] 规律度=0.86 呼吸率= 15.0/分 体动=0.000  音量=0% 灯=0%
  04:58:30  [入睡] 规律度=0.86 呼吸率= 15.0/分 体动=0.000  音量=0% 灯=0%
  04:58:35  [入睡] 规律度=0.86 呼吸率= 15.0/分 体动=0.000  音量=0% 灯=0%
  04:58:40  [入睡] 规律度=0.86 呼吸率= 15.0/分 体动=0.000  音量=0% 灯=0%
  04:58:45  [入睡] 规律度=0.87 呼吸率= 15.0/分 体动=0.000  音量=0% 灯=0%
  04:58:50  [入睡] 规律度=0.86 呼吸率= 15.0/分 体动=0.000  音量=0% 灯=0%
  04:58:55  [入睡] 规律度=0.86 呼吸率= 15.0/分 体动=0.000  音量=0% 灯=0%
  04:59:00  [入睡] 规律度=0.87 呼吸率= 15.0/分 体动=0.000  音量=0% 灯=0%
  04:59:05  [入睡] 规律度=0.86 呼吸率= 15.0/分 体动=0.000  音量=0% 灯=0%
  04:59:10  [入睡] 规律度=0.86 呼吸率= 15.0/分 体动=0.000  音量=0% 灯=0%
  04:59:15  [入睡] 规律度=0.87 呼吸率= 15.0/分 体动=0.000  音量=0% 灯=0%
  04:59:20  [入睡] 规律度=0.86 呼吸率= 15.0/分 体动=0.000  音量=0% 灯=0%
  04:59:25  [入睡] 规律度=0.86 呼吸率= 15.0/分 体动=0.000  音量=0% 灯=0%
  04:59:30  [入睡] 规律度=0.86 呼吸率= 15.0/分 体动=0.000  音量=0% 灯=0%
  04:59:35  [入睡] 规律度=0.86 呼吸率= 15.0/分 体动=0.000  音量=0% 灯=0%
  04:59:40  [入睡] 规律度=0.87 呼吸率= 15.0/分 体动=0.000  音量=0% 灯=0%
  04:59:45  [入睡] 规律度=0.87 呼吸率= 15.0/分 体动=0.000  音量=0% 灯=0%
  04:59:50  [入睡] 规律度=0.86 呼吸率= 15.0/分 体动=0.000  音量=0% 灯=0%
  04:59:55  [入睡] 规律度=0.86 呼吸率= 15.0/分 体动=0.000  音量=0% 灯=0%
  05:00:00  [入睡] 规律度=0.87 呼吸率= 15.0/分 体动=0.000  音量=0% 灯=0%
  05:00:05  [入睡] 规律度=0.87 呼吸率= 15.0/分 体动=0.000  音量=0% 灯=0%
  05:00:10  [入睡] 规律度=0.86 呼吸率= 15.0/分 体动=0.000  音量=0% 灯=0%
  05:00:15  [入睡] 规律度=0.86 呼吸率= 15.0/分 体动=0.000  音量=0% 灯=0%
[link] ↑ 上报入睡判定：已入睡 置信=100%  呼吸=15次/分
  05:00:20  [入睡] 规律度=0.86 呼吸率= 15.0/分 体动=0.000  音量=0% 灯=0%
  05:00:25  [入睡] 规律度=0.86 呼吸率= 15.0/分 体动=0.000  音量=0% 灯=0%
  05:00:30  [入睡] 规律度=0.87 呼吸率= 15.0/分 体动=0.000  音量=0% 灯=0%
  05:00:35  [入睡] 规律度=0.86 呼吸率= 15.0/分 体动=0.000  音量=0% 灯=0%
  05:00:40  [入睡] 规律度=0.86 呼吸率= 15.0/分 体动=0.000  音量=0% 灯=0%
  05:00:45  [入睡] 规律度=0.87 呼吸率= 15.0/分 体动=0.000  音量=0% 灯=0%
  05:00:50  [入睡] 规律度=0.86 呼吸率= 15.0/分 体动=0.000  音量=0% 灯=0%
  05:00:55  [入睡] 规律度=0.87 呼吸率= 15.0/分 体动=0.000  音量=0% 灯=0%
  05:01:00  [入睡] 规律度=0.86 呼吸率= 15.0/分 体动=0.000  音量=0% 灯=0%
  05:01:05  [入睡] 规律度=0.86 呼吸率= 15.0/分 体动=0.000  音量=0% 灯=0%
  05:01:10  [入睡] 规律度=0.87 呼吸率= 15.0/分 体动=0.000  音量=0% 灯=0%
  05:01:15  [入睡] 规律度=0.86 呼吸率= 15.0/分 体动=0.000  音量=0% 灯=0%
  05:01:20  [入睡] 规律度=0.86 呼吸率= 15.0/分 体动=0.000  音量=0% 灯=0%
  05:01:25  [入睡] 规律度=0.86 呼吸率= 15.0/分 体动=0.000  音量=0% 灯=0%
  05:01:30  [入睡] 规律度=0.86 呼吸率= 15.0/分 体动=0.000  音量=0% 灯=0%
  05:01:35  [入睡] 规律度=0.86 呼吸率= 15.0/分 体动=0.000  音量=0% 灯=0%
  05:01:40  [入睡] 规律度=0.87 呼吸率= 15.0/分 体动=0.000  音量=0% 灯=0%
  05:01:45  [入睡] 规律度=0.86 呼吸率= 15.0/分 体动=0.000  音量=0% 灯=0%
  05:01:50  [入睡] 规律度=0.86 呼吸率= 15.0/分 体动=0.000  音量=0% 灯=0%
  05:01:55  [入睡] 规律度=0.87 呼吸率= 15.0/分 体动=0.000  音量=0% 灯=0%
  05:02:00  [入睡] 规律度=0.86 呼吸率= 15.0/分 体动=0.000  音量=0% 灯=0%
  05:02:05  [入睡] 规律度=0.86 呼吸率= 15.0/分 体动=0.000  音量=0% 灯=0%
  05:02:10  [入睡] 规律度=0.86 呼吸率= 15.0/分 体动=0.000  音量=0% 灯=0%
  05:02:15  [入睡] 规律度=0.87 呼吸率= 15.0/分 体动=0.000  音量=0% 灯=0%
  05:02:20  [入睡] 规律度=0.86 呼吸率= 15.0/分 体动=0.000  音量=0% 灯=0%
  05:02:25  [入睡] 规律度=0.86 呼吸率= 15.0/分 体动=0.000  音量=0% 灯=0%
  05:02:30  [入睡] 规律度=0.86 呼吸率= 15.0/分 体动=0.000  音量=0% 灯=0%
  05:02:35  [入睡] 规律度=0.86 呼吸率= 15.0/分 体动=0.000  音量=0% 灯=0%
  05:02:40  [入睡] 规律度=0.87 呼吸率= 15.0/分 体动=0.000  音量=0% 灯=0%
  05:02:45  [入睡] 规律度=0.86 呼吸率= 15.0/分 体动=0.000  音量=0% 灯=0%
  05:02:50  [入睡] 规律度=0.87 呼吸率= 15.0/分 体动=0.000  音量=0% 灯=0%
  05:02:55  [入睡] 规律度=0.86 呼吸率= 15.0/分 体动=0.000  音量=0% 灯=0%
  05:03:00  [入睡] 规律度=0.86 呼吸率= 15.0/分 体动=0.000  音量=0% 灯=0%
  05:03:05  [入睡] 规律度=0.86 呼吸率= 15.0/分 体动=0.000  音量=0% 灯=0%
  05:03:10  [入睡] 规律度=0.86 呼吸率= 15.0/分 体动=0.000  音量=0% 灯=0%
  05:03:15  [入睡] 规律度=0.86 呼吸率= 15.0/分 体动=0.000  音量=0% 灯=0%
  05:03:20  [入睡] 规律度=0.86 呼吸率= 15.0/分 体动=0.000  音量=0% 灯=0%
  05:03:25  [入睡] 规律度=0.86 呼吸率= 15.0/分 体动=0.000  音量=0% 灯=0%
  05:03:30  [入睡] 规律度=0.87 呼吸率= 15.0/分 体动=0.000  音量=0% 灯=0%
  05:03:35  [入睡] 规律度=0.86 呼吸率= 15.0/分 体动=0.000  音量=0% 灯=0%
  05:03:40  [入睡] 规律度=0.87 呼吸率= 15.0/分 体动=0.000  音量=0% 灯=0%
  05:03:45  [入睡] 规律度=0.86 呼吸率= 15.0/分 体动=0.000  音量=0% 灯=0%
  05:03:50  [入睡] 规律度=0.86 呼吸率= 15.0/分 体动=0.000  音量=0% 灯=0%
  05:03:55  [入睡] 规律度=0.86 呼吸率= 15.0/分 体动=0.000  音量=0% 灯=0%
  05:04:00  [入睡] 规律度=0.86 呼吸率= 15.0/分 体动=0.000  音量=0% 灯=0%
  05:04:05  [入睡] 规律度=0.86 呼吸率= 15.0/分 体动=0.000  音量=0% 灯=0%
  05:04:10  [入睡] 规律度=0.87 呼吸率= 15.0/分 体动=0.000  音量=0% 灯=0%
  05:04:15  [入睡] 规律度=0.87 呼吸率= 15.0/分 体动=0.000  音量=0% 灯=0%
  05:04:20  [入睡] 规律度=0.87 呼吸率= 15.0/分 体动=0.000  音量=0% 灯=0%
  05:04:25  [入睡] 规律度=0.87 呼吸率= 15.0/分 体动=0.000  音量=0% 灯=0%
  05:04:30  [入睡] 规律度=0.86 呼吸率= 15.0/分 体动=0.000  音量=0% 灯=0%
  05:04:35  [入睡] 规律度=0.86 呼吸率= 15.0/分 体动=0.000  音量=0% 灯=0%
  05:04:40  [入睡] 规律度=0.86 呼吸率= 15.0/分 体动=0.000  音量=0% 灯=0%
  05:04:45  [入睡] 规律度=0.86 呼吸率= 15.0/分 体动=0.000  音量=0% 灯=0%
  05:04:50  [入睡] 规律度=0.87 呼吸率= 15.0/分 体动=0.000  音量=0% 灯=0%
  05:04:55  [入睡] 规律度=0.86 呼吸率= 15.0/分 体动=0.000  音量=0% 灯=0%
  05:05:00  [入睡] 规律度=0.87 呼吸率= 15.0/分 体动=0.000  音量=0% 灯=0%
  05:05:05  [入睡] 规律度=0.87 呼吸率= 15.0/分 体动=0.000  音量=0% 灯=0%
  05:05:10  [入睡] 规律度=0.87 呼吸率= 15.0/分 体动=0.000  音量=0% 灯=0%
  05:05:15  [入睡] 规律度=0.86 呼吸率= 15.0/分 体动=0.000  音量=0% 灯=0%
[link] ↑ 上报入睡判定：已入睡 置信=100%  呼吸=15次/分
  05:05:20  [入睡] 规律度=0.86 呼吸率= 15.0/分 体动=0.000  音量=0% 灯=0%
  05:05:25  [入睡] 规律度=0.86 呼吸率= 15.0/分 体动=0.000  音量=0% 灯=0%
  05:05:30  [入睡] 规律度=0.86 呼吸率= 15.0/分 体动=0.000  音量=0% 灯=0%
  05:05:35  [入睡] 规律度=0.86 呼吸率= 15.0/分 体动=0.000  音量=0% 灯=0%
  05:05:40  [入睡] 规律度=0.86 呼吸率= 15.0/分 体动=0.000  音量=0% 灯=0%
  05:05:45  [入睡] 规律度=0.87 呼吸率= 15.0/分 体动=0.000  音量=0% 灯=0%
  05:05:50  [入睡] 规律度=0.86 呼吸率= 15.0/分 体动=0.000  音量=0% 灯=0%
  05:05:55  [入睡] 规律度=0.86 呼吸率= 15.0/分 体动=0.000  音量=0% 灯=0%
  05:06:00  [入睡] 规律度=0.86 呼吸率= 15.0/分 体动=0.000  音量=0% 灯=0%
  05:06:05  [入睡] 规律度=0.87 呼吸率= 15.0/分 体动=0.000  音量=0% 灯=0%
  05:06:10  [入睡] 规律度=0.87 呼吸率= 15.0/分 体动=0.000  音量=0% 灯=0%
  05:06:15  [入睡] 规律度=0.86 呼吸率= 15.0/分 体动=0.000  音量=0% 灯=0%
  05:06:20  [入睡] 规律度=0.86 呼吸率= 15.0/分 体动=0.000  音量=0% 灯=0%
  05:06:25  [入睡] 规律度=0.86 呼吸率= 15.0/分 体动=0.000  音量=0% 灯=0%
  05:06:30  [入睡] 规律度=0.87 呼吸率= 15.0/分 体动=0.000  音量=0% 灯=0%
  05:06:35  [入睡] 规律度=0.87 呼吸率= 15.0/分 体动=0.000  音量=0% 灯=0%
  05:06:40  [入睡] 规律度=0.87 呼吸率= 15.0/分 体动=0.000  音量=0% 灯=0%
  05:06:45  [入睡] 规律度=0.87 呼吸率= 15.0/分 体动=0.000  音量=0% 灯=0%
  05:06:50  [入睡] 规律度=0.86 呼吸率= 15.0/分 体动=0.000  音量=0% 灯=0%
  05:06:55  [入睡] 规律度=0.86 呼吸率= 15.0/分 体动=0.000  音量=0% 灯=0%
  05:07:00  [入睡] 规律度=0.87 呼吸率= 15.0/分 体动=0.000  音量=0% 灯=0%
  05:07:05  [入睡] 规律度=0.86 呼吸率= 15.0/分 体动=0.000  音量=0% 灯=0%
  05:07:10  [入睡] 规律度=0.87 呼吸率= 15.0/分 体动=0.000  音量=0% 灯=0%
  05:07:15  [入睡] 规律度=0.86 呼吸率= 15.0/分 体动=0.000  音量=0% 灯=0%
  05:07:20  [入睡] 规律度=0.87 呼吸率= 15.0/分 体动=0.000  音量=0% 灯=0%
  05:07:25  [入睡] 规律度=0.87 呼吸率= 15.0/分 体动=0.000  音量=0% 灯=0%
  05:07:30  [入睡] 规律度=0.86 呼吸率= 15.0/分 体动=0.000  音量=0% 灯=0%
  05:07:35  [入睡] 规律度=0.87 呼吸率= 15.0/分 体动=0.000  音量=0% 灯=0%
  05:07:40  [入睡] 规律度=0.86 呼吸率= 15.0/分 体动=0.000  音量=0% 灯=0%
  05:07:45  [入睡] 规律度=0.86 呼吸率= 15.0/分 体动=0.000  音量=0% 灯=0%
  05:07:50  [入睡] 规律度=0.87 呼吸率= 15.0/分 体动=0.000  音量=0% 灯=0%
  05:07:55  [入睡] 规律度=0.86 呼吸率= 15.0/分 体动=0.000  音量=0% 灯=0%
  05:08:00  [入睡] 规律度=0.87 呼吸率= 15.0/分 体动=0.000  音量=0% 灯=0%
  05:08:05  [入睡] 规律度=0.87 呼吸率= 15.0/分 体动=0.000  音量=0% 灯=0%
  05:08:10  [入睡] 规律度=0.87 呼吸率= 15.0/分 体动=0.000  音量=0% 灯=0%
  05:08:15  [入睡] 规律度=0.87 呼吸率= 15.0/分 体动=0.000  音量=0% 灯=0%
  05:08:20  [入睡] 规律度=0.86 呼吸率= 15.0/分 体动=0.000  音量=0% 灯=0%
  05:08:25  [入睡] 规律度=0.86 呼吸率= 15.0/分 体动=0.000  音量=0% 灯=0%
  05:08:30  [入睡] 规律度=0.86 呼吸率= 15.0/分 体动=0.000  音量=0% 灯=0%
  05:08:35  [入睡] 规律度=0.87 呼吸率= 15.0/分 体动=0.000  音量=0% 灯=0%
  05:08:40  [入睡] 规律度=0.86 呼吸率= 15.0/分 体动=0.000  音量=0% 灯=0%
  05:08:45  [入睡] 规律度=0.86 呼吸率= 15.0/分 体动=0.000  音量=0% 灯=0%
  05:08:50  [入睡] 规律度=0.87 呼吸率= 15.0/分 体动=0.000  音量=0% 灯=0%
  05:08:55  [入睡] 规律度=0.86 呼吸率= 15.0/分 体动=0.000  音量=0% 灯=0%
  05:09:00  [入睡] 规律度=0.87 呼吸率= 15.0/分 体动=0.000  音量=0% 灯=0%
  05:09:05  [入睡] 规律度=0.86 呼吸率= 15.0/分 体动=0.000  音量=0% 灯=0%
  05:09:10  [入睡] 规律度=0.86 呼吸率= 15.0/分 体动=0.000  音量=0% 灯=0%
  05:09:15  [入睡] 规律度=0.86 呼吸率= 15.0/分 体动=0.000  音量=0% 灯=0%
  05:09:20  [入睡] 规律度=0.86 呼吸率= 15.0/分 体动=0.000  音量=0% 灯=0%
  05:09:25  [入睡] 规律度=0.86 呼吸率= 15.0/分 体动=0.000  音量=0% 灯=0%
  05:09:30  [入睡] 规律度=0.86 呼吸率= 15.0/分 体动=0.000  音量=0% 灯=0%
  05:09:35  [入睡] 规律度=0.86 呼吸率= 15.0/分 体动=0.000  音量=0% 灯=0%
  05:09:40  [入睡] 规律度=0.86 呼吸率= 15.0/分 体动=0.000  音量=0% 灯=0%
  05:09:45  [入睡] 规律度=0.86 呼吸率= 15.0/分 体动=0.000  音量=0% 灯=0%
  05:09:50  [入睡] 规律度=0.86 呼吸率= 15.0/分 体动=0.000  音量=0% 灯=0%
  05:09:55  [入睡] 规律度=0.87 呼吸率= 15.0/分 体动=0.000  音量=0% 灯=0%
  05:10:00  [入睡] 规律度=0.86 呼吸率= 15.0/分 体动=0.000  音量=0% 灯=0%
  05:10:05  [入睡] 规律度=0.86 呼吸率= 15.0/分 体动=0.000  音量=0% 灯=0%
  05:10:10  [入睡] 规律度=0.87 呼吸率= 15.0/分 体动=0.000  音量=0% 灯=0%
  05:10:15  [入睡] 规律度=0.86 呼吸率= 15.0/分 体动=0.000  音量=0% 灯=0%
[link] ↑ 上报入睡判定：已入睡 置信=100%  呼吸=15次/分
  05:10:20  [入睡] 规律度=0.86 呼吸率= 15.0/分 体动=0.000  音量=0% 灯=0%
  05:10:25  [入睡] 规律度=0.86 呼吸率= 15.0/分 体动=0.000  音量=0% 灯=0%
  05:10:30  [入睡] 规律度=0.86 呼吸率= 15.0/分 体动=0.000  音量=0% 灯=0%
  05:10:35  [入睡] 规律度=0.87 呼吸率= 15.0/分 体动=0.000  音量=0% 灯=0%
  05:10:40  [入睡] 规律度=0.87 呼吸率= 15.0/分 体动=0.000  音量=0% 灯=0%
  05:10:45  [入睡] 规律度=0.86 呼吸率= 15.0/分 体动=0.000  音量=0% 灯=0%
  05:10:50  [入睡] 规律度=0.87 呼吸率= 15.0/分 体动=0.000  音量=0% 灯=0%
  05:10:55  [入睡] 规律度=0.86 呼吸率= 15.0/分 体动=0.000  音量=0% 灯=0%
  05:11:00  [入睡] 规律度=0.86 呼吸率= 15.0/分 体动=0.000  音量=0% 灯=0%
  05:11:05  [入睡] 规律度=0.86 呼吸率= 15.0/分 体动=0.000  音量=0% 灯=0%
  05:11:10  [入睡] 规律度=0.86 呼吸率= 15.0/分 体动=0.000  音量=0% 灯=0%
  05:11:15  [入睡] 规律度=0.86 呼吸率= 15.0/分 体动=0.000  音量=0% 灯=0%
  05:11:20  [入睡] 规律度=0.87 呼吸率= 15.0/分 体动=0.000  音量=0% 灯=0%
  05:11:25  [入睡] 规律度=0.86 呼吸率= 15.0/分 体动=0.000  音量=0% 灯=0%
  05:11:30  [入睡] 规律度=0.86 呼吸率= 15.0/分 体动=0.000  音量=0% 灯=0%
  05:11:35  [入睡] 规律度=0.86 呼吸率= 15.0/分 体动=0.000  音量=0% 灯=0%
  05:11:40  [入睡] 规律度=0.86 呼吸率= 15.0/分 体动=0.000  音量=0% 灯=0%
  05:11:45  [入睡] 规律度=0.86 呼吸率= 15.0/分 体动=0.000  音量=0% 灯=0%
  05:11:50  [入睡] 规律度=0.86 呼吸率= 15.0/分 体动=0.000  音量=0% 灯=0%
  05:11:55  [入睡] 规律度=0.86 呼吸率= 15.0/分 体动=0.000  音量=0% 灯=0%
  05:12:00  [入睡] 规律度=0.86 呼吸率= 15.0/分 体动=0.000  音量=0% 灯=0%
  05:12:05  [入睡] 规律度=0.87 呼吸率= 15.0/分 体动=0.000  音量=0% 灯=0%
  05:12:10  [入睡] 规律度=0.86 呼吸率= 15.0/分 体动=0.000  音量=0% 灯=0%
  05:12:15  [入睡] 规律度=0.87 呼吸率= 15.0/分 体动=0.000  音量=0% 灯=0%
  05:12:20  [入睡] 规律度=0.87 呼吸率= 15.0/分 体动=0.000  音量=0% 灯=0%
  05:12:25  [入睡] 规律度=0.86 呼吸率= 15.0/分 体动=0.000  音量=0% 灯=0%
  05:12:30  [入睡] 规律度=0.87 呼吸率= 15.0/分 体动=0.000  音量=0% 灯=0%
  05:12:35  [入睡] 规律度=0.86 呼吸率= 15.0/分 体动=0.000  音量=0% 灯=0%
  05:12:40  [入睡] 规律度=0.86 呼吸率= 15.0/分 体动=0.000  音量=0% 灯=0%
  05:12:45  [入睡] 规律度=0.86 呼吸率= 15.0/分 体动=0.000  音量=0% 灯=0%
  05:12:50  [入睡] 规律度=0.86 呼吸率= 15.0/分 体动=0.000  音量=0% 灯=0%
  05:12:55  [入睡] 规律度=0.86 呼吸率= 15.0/分 体动=0.000  音量=0% 灯=0%
  05:13:00  [入睡] 规律度=0.86 呼吸率= 15.0/分 体动=0.000  音量=0% 灯=0%
  05:13:05  [入睡] 规律度=0.86 呼吸率= 15.0/分 体动=0.000  音量=0% 灯=0%
  05:13:10  [入睡] 规律度=0.87 呼吸率= 15.0/分 体动=0.000  音量=0% 灯=0%
  05:13:15  [入睡] 规律度=0.87 呼吸率= 15.0/分 体动=0.000  音量=0% 灯=0%
  05:13:20  [入睡] 规律度=0.86 呼吸率= 15.0/分 体动=0.000  音量=0% 灯=0%
  05:13:25  [入睡] 规律度=0.86 呼吸率= 15.0/分 体动=0.000  音量=0% 灯=0%
  05:13:30  [入睡] 规律度=0.86 呼吸率= 15.0/分 体动=0.000  音量=0% 灯=0%
  05:13:35  [入睡] 规律度=0.87 呼吸率= 15.0/分 体动=0.000  音量=0% 灯=0%
  05:13:40  [入睡] 规律度=0.86 呼吸率= 15.0/分 体动=0.000  音量=0% 灯=0%
  05:13:45  [入睡] 规律度=0.86 呼吸率= 15.0/分 体动=0.000  音量=0% 灯=0%
  05:13:50  [入睡] 规律度=0.87 呼吸率= 15.0/分 体动=0.000  音量=0% 灯=0%
  05:13:55  [入睡] 规律度=0.86 呼吸率= 15.0/分 体动=0.000  音量=0% 灯=0%
  05:14:00  [入睡] 规律度=0.86 呼吸率= 15.0/分 体动=0.000  音量=0% 灯=0%
  05:14:05  [入睡] 规律度=0.86 呼吸率= 15.0/分 体动=0.000  音量=0% 灯=0%
  05:14:10  [入睡] 规律度=0.86 呼吸率= 15.0/分 体动=0.000  音量=0% 灯=0%
  05:14:15  [入睡] 规律度=0.87 呼吸率= 15.0/分 体动=0.000  音量=0% 灯=0%
  05:14:20  [入睡] 规律度=0.86 呼吸率= 15.0/分 体动=0.000  音量=0% 灯=0%
  05:14:25  [入睡] 规律度=0.86 呼吸率= 15.0/分 体动=0.000  音量=0% 灯=0%
  05:14:30  [入睡] 规律度=0.87 呼吸率= 15.0/分 体动=0.000  音量=0% 灯=0%
  05:14:35  [入睡] 规律度=0.87 呼吸率= 15.0/分 体动=0.000  音量=0% 灯=0%
  05:14:40  [入睡] 规律度=0.87 呼吸率= 15.0/分 体动=0.000  音量=0% 灯=0%
  05:14:45  [入睡] 规律度=0.86 呼吸率= 15.0/分 体动=0.000  音量=0% 灯=0%
  05:14:50  [入睡] 规律度=0.87 呼吸率= 15.0/分 体动=0.000  音量=0% 灯=0%
  05:14:55  [入睡] 规律度=0.86 呼吸率= 15.0/分 体动=0.000  音量=0% 灯=0%
  05:15:00  [入睡] 规律度=0.87 呼吸率= 15.0/分 体动=0.000  音量=0% 灯=0%
  05:15:05  [入睡] 规律度=0.86 呼吸率= 15.0/分 体动=0.000  音量=0% 灯=0%
  05:15:10  [入睡] 规律度=0.86 呼吸率= 15.0/分 体动=0.000  音量=0% 灯=0%
  05:15:15  [入睡] 规律度=0.86 呼吸率= 15.0/分 体动=0.000  音量=0% 灯=0%
[link] ↑ 上报入睡判定：已入睡 置信=100%  呼吸=15次/分
  05:15:20  [入睡] 规律度=0.86 呼吸率= 15.0/分 体动=0.000  音量=0% 灯=0%
  05:15:25  [入睡] 规律度=0.87 呼吸率= 15.0/分 体动=0.000  音量=0% 灯=0%
  05:15:30  [入睡] 规律度=0.87 呼吸率= 15.0/分 体动=0.000  音量=0% 灯=0%
  05:15:35  [入睡] 规律度=0.87 呼吸率= 15.0/分 体动=0.000  音量=0% 灯=0%
  05:15:40  [入睡] 规律度=0.87 呼吸率= 15.0/分 体动=0.000  音量=0% 灯=0%
  05:15:45  [入睡] 规律度=0.87 呼吸率= 15.0/分 体动=0.000  音量=0% 灯=0%
  05:15:50  [入睡] 规律度=0.87 呼吸率= 15.0/分 体动=0.000  音量=0% 灯=0%
  05:15:55  [入睡] 规律度=0.86 呼吸率= 15.0/分 体动=0.000  音量=0% 灯=0%
  05:16:00  [入睡] 规律度=0.86 呼吸率= 15.0/分 体动=0.000  音量=0% 灯=0%
  05:16:05  [入睡] 规律度=0.86 呼吸率= 15.0/分 体动=0.000  音量=0% 灯=0%
  05:16:10  [入睡] 规律度=0.86 呼吸率= 15.0/分 体动=0.000  音量=0% 灯=0%
  05:16:15  [入睡] 规律度=0.87 呼吸率= 15.0/分 体动=0.000  音量=0% 灯=0%
  05:16:20  [入睡] 规律度=0.86 呼吸率= 15.0/分 体动=0.000  音量=0% 灯=0%
  05:16:25  [入睡] 规律度=0.87 呼吸率= 15.0/分 体动=0.000  音量=0% 灯=0%
  05:16:30  [入睡] 规律度=0.86 呼吸率= 15.0/分 体动=0.000  音量=0% 灯=0%
  05:16:35  [入睡] 规律度=0.87 呼吸率= 15.0/分 体动=0.000  音量=0% 灯=0%
  05:16:40  [入睡] 规律度=0.87 呼吸率= 15.0/分 体动=0.000  音量=0% 灯=0%
  05:16:45  [入睡] 规律度=0.86 呼吸率= 15.0/分 体动=0.000  音量=0% 灯=0%
  05:16:50  [入睡] 规律度=0.87 呼吸率= 15.0/分 体动=0.000  音量=0% 灯=0%
  05:16:55  [入睡] 规律度=0.86 呼吸率= 15.0/分 体动=0.000  音量=0% 灯=0%
  05:17:00  [入睡] 规律度=0.86 呼吸率= 15.0/分 体动=0.000  音量=0% 灯=0%
  05:17:05  [入睡] 规律度=0.86 呼吸率= 15.0/分 体动=0.000  音量=0% 灯=0%
  05:17:10  [入睡] 规律度=0.87 呼吸率= 15.0/分 体动=0.000  音量=0% 灯=0%
  05:17:15  [入睡] 规律度=0.86 呼吸率= 15.0/分 体动=0.000  音量=0% 灯=0%
  05:17:20  [入睡] 规律度=0.86 呼吸率= 15.0/分 体动=0.000  音量=0% 灯=0%
  05:17:25  [入睡] 规律度=0.87 呼吸率= 15.0/分 体动=0.000  音量=0% 灯=0%
  05:17:30  [入睡] 规律度=0.86 呼吸率= 15.0/分 体动=0.000  音量=0% 灯=0%
  05:17:35  [入睡] 规律度=0.86 呼吸率= 15.0/分 体动=0.000  音量=0% 灯=0%
  05:17:40  [入睡] 规律度=0.86 呼吸率= 15.0/分 体动=0.000  音量=0% 灯=0%
  05:17:45  [入睡] 规律度=0.87 呼吸率= 15.0/分 体动=0.000  音量=0% 灯=0%
  05:17:50  [入睡] 规律度=0.87 呼吸率= 15.0/分 体动=0.000  音量=0% 灯=0%
  05:17:55  [入睡] 规律度=0.86 呼吸率= 15.0/分 体动=0.000  音量=0% 灯=0%
  05:18:00  [入睡] 规律度=0.86 呼吸率= 15.0/分 体动=0.000  音量=0% 灯=0%
  05:18:05  [入睡] 规律度=0.86 呼吸率= 15.0/分 体动=0.000  音量=0% 灯=0%
  05:18:10  [入睡] 规律度=0.87 呼吸率= 15.0/分 体动=0.000  音量=0% 灯=0%
  05:18:15  [入睡] 规律度=0.87 呼吸率= 15.0/分 体动=0.000  音量=0% 灯=0%
  05:18:20  [入睡] 规律度=0.86 呼吸率= 15.0/分 体动=0.000  音量=0% 灯=0%
  05:18:25  [入睡] 规律度=0.86 呼吸率= 15.0/分 体动=0.000  音量=0% 灯=0%
  05:18:30  [入睡] 规律度=0.87 呼吸率= 15.0/分 体动=0.000  音量=0% 灯=0%
  05:18:35  [入睡] 规律度=0.86 呼吸率= 15.0/分 体动=0.000  音量=0% 灯=0%
  05:18:40  [入睡] 规律度=0.86 呼吸率= 15.0/分 体动=0.000  音量=0% 灯=0%
  05:18:45  [入睡] 规律度=0.87 呼吸率= 15.0/分 体动=0.000  音量=0% 灯=0%
  05:18:50  [入睡] 规律度=0.86 呼吸率= 15.0/分 体动=0.000  音量=0% 灯=0%
  05:18:55  [入睡] 规律度=0.86 呼吸率= 15.0/分 体动=0.000  音量=0% 灯=0%
  05:19:00  [入睡] 规律度=0.87 呼吸率= 15.0/分 体动=0.000  音量=0% 灯=0%
  05:19:05  [入睡] 规律度=0.86 呼吸率= 15.0/分 体动=0.000  音量=0% 灯=0%
  05:19:10  [入睡] 规律度=0.87 呼吸率= 15.0/分 体动=0.000  音量=0% 灯=0%
  05:19:15  [入睡] 规律度=0.86 呼吸率= 15.0/分 体动=0.000  音量=0% 灯=0%
  05:19:20  [入睡] 规律度=0.87 呼吸率= 15.0/分 体动=0.000  音量=0% 灯=0%
  05:19:25  [入睡] 规律度=0.87 呼吸率= 15.0/分 体动=0.000  音量=0% 灯=0%
  05:19:30  [入睡] 规律度=0.86 呼吸率= 15.0/分 体动=0.000  音量=0% 灯=0%
  05:19:35  [入睡] 规律度=0.86 呼吸率= 15.0/分 体动=0.000  音量=0% 灯=0%
  05:19:40  [入睡] 规律度=0.87 呼吸率= 15.0/分 体动=0.000  音量=0% 灯=0%
  05:19:45  [入睡] 规律度=0.86 呼吸率= 15.0/分 体动=0.000  音量=0% 灯=0%
  05:19:50  [入睡] 规律度=0.86 呼吸率= 15.0/分 体动=0.000  音量=0% 灯=0%
  05:19:55  [入睡] 规律度=0.86 呼吸率= 15.0/分 体动=0.000  音量=0% 灯=0%
  05:20:00  [入睡] 规律度=0.87 呼吸率= 15.0/分 体动=0.000  音量=0% 灯=0%
  05:20:05  [入睡] 规律度=0.87 呼吸率= 15.0/分 体动=0.000  音量=0% 灯=0%
  05:20:10  [入睡] 规律度=0.87 呼吸率= 15.0/分 体动=0.000  音量=0% 灯=0%
  05:20:15  [入睡] 规律度=0.86 呼吸率= 15.0/分 体动=0.000  音量=0% 灯=0%
[link] ↑ 上报入睡判定：已入睡 置信=100%  呼吸=15次/分
  05:20:20  [入睡] 规律度=0.86 呼吸率= 15.0/分 体动=0.000  音量=0% 灯=0%
  05:20:25  [入睡] 规律度=0.86 呼吸率= 15.0/分 体动=0.000  音量=0% 灯=0%
  05:20:30  [入睡] 规律度=0.87 呼吸率= 15.0/分 体动=0.000  音量=0% 灯=0%
  05:20:35  [入睡] 规律度=0.87 呼吸率= 15.0/分 体动=0.000  音量=0% 灯=0%
  05:20:40  [入睡] 规律度=0.86 呼吸率= 15.0/分 体动=0.000  音量=0% 灯=0%
  05:20:45  [入睡] 规律度=0.86 呼吸率= 15.0/分 体动=0.000  音量=0% 灯=0%
  05:20:50  [入睡] 规律度=0.87 呼吸率= 15.0/分 体动=0.000  音量=0% 灯=0%
  05:20:55  [入睡] 规律度=0.87 呼吸率= 15.0/分 体动=0.000  音量=0% 灯=0%
  05:21:00  [入睡] 规律度=0.87 呼吸率= 15.0/分 体动=0.000  音量=0% 灯=0%
  05:21:05  [入睡] 规律度=0.87 呼吸率= 15.0/分 体动=0.000  音量=0% 灯=0%
  05:21:10  [入睡] 规律度=0.86 呼吸率= 15.0/分 体动=0.000  音量=0% 灯=0%
  05:21:15  [入睡] 规律度=0.86 呼吸率= 15.0/分 体动=0.000  音量=0% 灯=0%
  05:21:20  [入睡] 规律度=0.86 呼吸率= 15.0/分 体动=0.000  音量=0% 灯=0%
  05:21:25  [入睡] 规律度=0.86 呼吸率= 15.0/分 体动=0.000  音量=0% 灯=0%
  05:21:30  [入睡] 规律度=0.86 呼吸率= 15.0/分 体动=0.000  音量=0% 灯=0%
  05:21:35  [入睡] 规律度=0.86 呼吸率= 15.0/分 体动=0.000  音量=0% 灯=0%
  05:21:40  [入睡] 规律度=0.86 呼吸率= 15.0/分 体动=0.000  音量=0% 灯=0%
  05:21:45  [入睡] 规律度=0.87 呼吸率= 15.0/分 体动=0.000  音量=0% 灯=0%
  05:21:50  [入睡] 规律度=0.87 呼吸率= 15.0/分 体动=0.000  音量=0% 灯=0%
  05:21:55  [入睡] 规律度=0.86 呼吸率= 15.0/分 体动=0.000  音量=0% 灯=0%
  05:22:00  [入睡] 规律度=0.86 呼吸率= 15.0/分 体动=0.000  音量=0% 灯=0%
  05:22:05  [入睡] 规律度=0.86 呼吸率= 15.0/分 体动=0.000  音量=0% 灯=0%
  05:22:10  [入睡] 规律度=0.86 呼吸率= 15.0/分 体动=0.000  音量=0% 灯=0%
  05:22:15  [入睡] 规律度=0.87 呼吸率= 15.0/分 体动=0.000  音量=0% 灯=0%
  05:22:20  [入睡] 规律度=0.87 呼吸率= 15.0/分 体动=0.000  音量=0% 灯=0%
  05:22:25  [入睡] 规律度=0.86 呼吸率= 15.0/分 体动=0.000  音量=0% 灯=0%
  05:22:30  [入睡] 规律度=0.86 呼吸率= 15.0/分 体动=0.000  音量=0% 灯=0%
  05:22:35  [入睡] 规律度=0.86 呼吸率= 15.0/分 体动=0.000  音量=0% 灯=0%
  05:22:40  [入睡] 规律度=0.87 呼吸率= 15.0/分 体动=0.000  音量=0% 灯=0%
  05:22:45  [入睡] 规律度=0.87 呼吸率= 15.0/分 体动=0.000  音量=0% 灯=0%
  05:22:50  [入睡] 规律度=0.86 呼吸率= 15.0/分 体动=0.000  音量=0% 灯=0%
  05:22:55  [入睡] 规律度=0.86 呼吸率= 15.0/分 体动=0.000  音量=0% 灯=0%
  05:23:00  [入睡] 规律度=0.86 呼吸率= 15.0/分 体动=0.000  音量=0% 灯=0%
  05:23:05  [入睡] 规律度=0.87 呼吸率= 15.0/分 体动=0.000  音量=0% 灯=0%
  05:23:10  [入睡] 规律度=0.87 呼吸率= 15.0/分 体动=0.000  音量=0% 灯=0%
  05:23:15  [入睡] 规律度=0.86 呼吸率= 15.0/分 体动=0.000  音量=0% 灯=0%
  05:23:20  [入睡] 规律度=0.86 呼吸率= 15.0/分 体动=0.000  音量=0% 灯=0%
  05:23:25  [入睡] 规律度=0.86 呼吸率= 15.0/分 体动=0.000  音量=0% 灯=0%
  05:23:30  [入睡] 规律度=0.87 呼吸率= 15.0/分 体动=0.000  音量=0% 灯=0%
  05:23:35  [入睡] 规律度=0.87 呼吸率= 15.0/分 体动=0.000  音量=0% 灯=0%
  05:23:40  [入睡] 规律度=0.87 呼吸率= 15.0/分 体动=0.000  音量=0% 灯=0%
  05:23:45  [入睡] 规律度=0.87 呼吸率= 15.0/分 体动=0.000  音量=0% 灯=0%
  05:23:50  [入睡] 规律度=0.86 呼吸率= 15.0/分 体动=0.000  音量=0% 灯=0%
  05:23:55  [入睡] 规律度=0.86 呼吸率= 15.0/分 体动=0.000  音量=0% 灯=0%
  05:24:00  [入睡] 规律度=0.86 呼吸率= 15.0/分 体动=0.000  音量=0% 灯=0%
  05:24:05  [入睡] 规律度=0.86 呼吸率= 15.0/分 体动=0.000  音量=0% 灯=0%
  05:24:10  [入睡] 规律度=0.87 呼吸率= 15.0/分 体动=0.000  音量=0% 灯=0%
  05:24:15  [入睡] 规律度=0.86 呼吸率= 15.0/分 体动=0.000  音量=0% 灯=0%
  05:24:20  [入睡] 规律度=0.87 呼吸率= 15.0/分 体动=0.000  音量=0% 灯=0%
  05:24:25  [入睡] 规律度=0.86 呼吸率= 15.0/分 体动=0.000  音量=0% 灯=0%
  05:24:30  [入睡] 规律度=0.86 呼吸率= 15.0/分 体动=0.000  音量=0% 灯=0%
  05:24:35  [入睡] 规律度=0.86 呼吸率= 15.0/分 体动=0.000  音量=0% 灯=0%
  05:24:40  [入睡] 规律度=0.87 呼吸率= 15.0/分 体动=0.000  音量=0% 灯=0%
  05:24:45  [入睡] 规律度=0.87 呼吸率= 15.0/分 体动=0.000  音量=0% 灯=0%
  05:24:50  [入睡] 规律度=0.86 呼吸率= 15.0/分 体动=0.000  音量=0% 灯=0%
  05:24:55  [入睡] 规律度=0.87 呼吸率= 15.0/分 体动=0.000  音量=0% 灯=0%
  05:25:00  [入睡] 规律度=0.87 呼吸率= 15.0/分 体动=0.000  音量=0% 灯=0%
  05:25:05  [入睡] 规律度=0.86 呼吸率= 15.0/分 体动=0.000  音量=0% 灯=0%
  05:25:10  [入睡] 规律度=0.87 呼吸率= 15.0/分 体动=0.000  音量=0% 灯=0%
  05:25:15  [入睡] 规律度=0.86 呼吸率= 15.0/分 体动=0.000  音量=0% 灯=0%
[link] ↑ 上报入睡判定：已入睡 置信=100%  呼吸=15次/分
  05:25:20  [入睡] 规律度=0.86 呼吸率= 15.0/分 体动=0.000  音量=0% 灯=0%
  05:25:25  [入睡] 规律度=0.87 呼吸率= 15.0/分 体动=0.000  音量=0% 灯=0%
  05:25:30  [入睡] 规律度=0.86 呼吸率= 15.0/分 体动=0.000  音量=0% 灯=0%
  05:25:35  [入睡] 规律度=0.86 呼吸率= 15.0/分 体动=0.000  音量=0% 灯=0%
  05:25:40  [入睡] 规律度=0.87 呼吸率= 15.0/分 体动=0.000  音量=0% 灯=0%
  05:25:45  [入睡] 规律度=0.87 呼吸率= 15.0/分 体动=0.000  音量=0% 灯=0%
  05:25:50  [入睡] 规律度=0.87 呼吸率= 15.0/分 体动=0.000  音量=0% 灯=0%
  05:25:55  [入睡] 规律度=0.86 呼吸率= 15.0/分 体动=0.000  音量=0% 灯=0%
  05:26:00  [入睡] 规律度=0.87 呼吸率= 15.0/分 体动=0.000  音量=0% 灯=0%
  05:26:05  [入睡] 规律度=0.87 呼吸率= 15.0/分 体动=0.000  音量=0% 灯=0%
  05:26:10  [入睡] 规律度=0.86 呼吸率= 15.0/分 体动=0.000  音量=0% 灯=0%
  05:26:15  [入睡] 规律度=0.87 呼吸率= 15.0/分 体动=0.000  音量=0% 灯=0%
  05:26:20  [入睡] 规律度=0.86 呼吸率= 15.0/分 体动=0.000  音量=0% 灯=0%
  05:26:25  [入睡] 规律度=0.86 呼吸率= 15.0/分 体动=0.000  音量=0% 灯=0%
  05:26:30  [入睡] 规律度=0.86 呼吸率= 15.0/分 体动=0.000  音量=0% 灯=0%
  05:26:35  [入睡] 规律度=0.87 呼吸率= 15.0/分 体动=0.000  音量=0% 灯=0%
  05:26:40  [入睡] 规律度=0.87 呼吸率= 15.0/分 体动=0.000  音量=0% 灯=0%
  05:26:45  [入睡] 规律度=0.87 呼吸率= 15.0/分 体动=0.000  音量=0% 灯=0%
  05:26:50  [入睡] 规律度=0.87 呼吸率= 15.0/分 体动=0.000  音量=0% 灯=0%
  05:26:55  [入睡] 规律度=0.86 呼吸率= 15.0/分 体动=0.000  音量=0% 灯=0%
  05:27:00  [入睡] 规律度=0.86 呼吸率= 15.0/分 体动=0.000  音量=0% 灯=0%
  05:27:05  [入睡] 规律度=0.86 呼吸率= 15.0/分 体动=0.000  音量=0% 灯=0%
  05:27:10  [入睡] 规律度=0.87 呼吸率= 15.0/分 体动=0.000  音量=0% 灯=0%
  05:27:15  [入睡] 规律度=0.87 呼吸率= 15.0/分 体动=0.000  音量=0% 灯=0%
  05:27:20  [入睡] 规律度=0.87 呼吸率= 15.0/分 体动=0.000  音量=0% 灯=0%
  05:27:25  [入睡] 规律度=0.86 呼吸率= 15.0/分 体动=0.000  音量=0% 灯=0%
  05:27:30  [入睡] 规律度=0.86 呼吸率= 15.0/分 体动=0.000  音量=0% 灯=0%
  05:27:35  [入睡] 规律度=0.86 呼吸率= 15.0/分 体动=0.000  音量=0% 灯=0%
  05:27:40  [入睡] 规律度=0.86 呼吸率= 15.0/分 体动=0.000  音量=0% 灯=0%
  05:27:45  [入睡] 规律度=0.86 呼吸率= 15.0/分 体动=0.000  音量=0% 灯=0%
  05:27:50  [入睡] 规律度=0.86 呼吸率= 15.0/分 体动=0.000  音量=0% 灯=0%
  05:27:55  [入睡] 规律度=0.87 呼吸率= 15.0/分 体动=0.000  音量=0% 灯=0%
  05:28:00  [入睡] 规律度=0.87 呼吸率= 15.0/分 体动=0.000  音量=0% 灯=0%
  05:28:05  [入睡] 规律度=0.86 呼吸率= 15.0/分 体动=0.000  音量=0% 灯=0%
  05:28:10  [入睡] 规律度=0.86 呼吸率= 15.0/分 体动=0.000  音量=0% 灯=0%
  05:28:15  [入睡] 规律度=0.86 呼吸率= 15.0/分 体动=0.000  音量=0% 灯=0%
  05:28:20  [入睡] 规律度=0.86 呼吸率= 15.0/分 体动=0.000  音量=0% 灯=0%
  05:28:25  [入睡] 规律度=0.86 呼吸率= 15.0/分 体动=0.000  音量=0% 灯=0%
  05:28:30  [入睡] 规律度=0.87 呼吸率= 15.0/分 体动=0.000  音量=0% 灯=0%
  05:28:35  [入睡] 规律度=0.86 呼吸率= 15.0/分 体动=0.000  音量=0% 灯=0%
  05:28:40  [入睡] 规律度=0.86 呼吸率= 15.0/分 体动=0.000  音量=0% 灯=0%
  05:28:45  [入睡] 规律度=0.86 呼吸率= 15.0/分 体动=0.000  音量=0% 灯=0%
  05:28:50  [入睡] 规律度=0.87 呼吸率= 15.0/分 体动=0.000  音量=0% 灯=0%
  05:28:55  [入睡] 规律度=0.86 呼吸率= 15.0/分 体动=0.000  音量=0% 灯=0%
  05:29:00  [入睡] 规律度=0.87 呼吸率= 15.0/分 体动=0.000  音量=0% 灯=0%
  05:29:05  [入睡] 规律度=0.87 呼吸率= 15.0/分 体动=0.000  音量=0% 灯=0%
  05:29:10  [入睡] 规律度=0.86 呼吸率= 15.0/分 体动=0.000  音量=0% 灯=0%
  05:29:15  [入睡] 规律度=0.87 呼吸率= 15.0/分 体动=0.000  音量=0% 灯=0%
  05:29:20  [入睡] 规律度=0.86 呼吸率= 15.0/分 体动=0.000  音量=0% 灯=0%
  05:29:25  [入睡] 规律度=0.87 呼吸率= 15.0/分 体动=0.000  音量=0% 灯=0%
  05:29:30  [入睡] 规律度=0.86 呼吸率= 15.0/分 体动=0.000  音量=0% 灯=0%
  05:29:35  [入睡] 规律度=0.86 呼吸率= 15.0/分 体动=0.000  音量=0% 灯=0%
  05:29:40  [入睡] 规律度=0.87 呼吸率= 15.0/分 体动=0.000  音量=0% 灯=0%
  05:29:45  [入睡] 规律度=0.86 呼吸率= 15.0/分 体动=0.000  音量=0% 灯=0%
  05:29:50  [入睡] 规律度=0.87 呼吸率= 15.0/分 体动=0.000  音量=0% 灯=0%
  05:29:55  [入睡] 规律度=0.86 呼吸率= 15.0/分 体动=0.000  音量=0% 灯=0%
  05:30:00  [入睡] 规律度=0.87 呼吸率= 15.0/分 体动=0.000  音量=0% 灯=0%
  05:30:05  [入睡] 规律度=0.87 呼吸率= 15.0/分 体动=0.000  音量=0% 灯=0%
  05:30:10  [入睡] 规律度=0.86 呼吸率= 15.0/分 体动=0.000  音量=0% 灯=0%
  05:30:15  [入睡] 规律度=0.87 呼吸率= 15.0/分 体动=0.000  音量=0% 灯=0%
[link] ↑ 上报入睡判定：已入睡 置信=100%  呼吸=15次/分
  05:30:20  [入睡] 规律度=0.86 呼吸率= 15.0/分 体动=0.000  音量=0% 灯=0%
  05:30:25  [入睡] 规律度=0.86 呼吸率= 15.0/分 体动=0.000  音量=0% 灯=0%
  05:30:30  [入睡] 规律度=0.87 呼吸率= 15.0/分 体动=0.000  音量=0% 灯=0%
  05:30:35  [入睡] 规律度=0.86 呼吸率= 15.0/分 体动=0.000  音量=0% 灯=0%
  05:30:40  [入睡] 规律度=0.87 呼吸率= 15.0/分 体动=0.000  音量=0% 灯=0%
  05:30:45  [入睡] 规律度=0.86 呼吸率= 15.0/分 体动=0.000  音量=0% 灯=0%
  05:30:50  [入睡] 规律度=0.86 呼吸率= 15.0/分 体动=0.000  音量=0% 灯=0%
  05:30:55  [入睡] 规律度=0.86 呼吸率= 15.0/分 体动=0.000  音量=0% 灯=0%
  05:31:00  [入睡] 规律度=0.87 呼吸率= 15.0/分 体动=0.000  音量=0% 灯=0%
  05:31:05  [入睡] 规律度=0.86 呼吸率= 15.0/分 体动=0.000  音量=0% 灯=0%
  05:31:10  [入睡] 规律度=0.87 呼吸率= 15.0/分 体动=0.000  音量=0% 灯=0%
  05:31:15  [入睡] 规律度=0.86 呼吸率= 15.0/分 体动=0.000  音量=0% 灯=0%
  05:31:20  [入睡] 规律度=0.87 呼吸率= 15.0/分 体动=0.000  音量=0% 灯=0%
  05:31:25  [入睡] 规律度=0.86 呼吸率= 15.0/分 体动=0.000  音量=0% 灯=0%
  05:31:30  [入睡] 规律度=0.86 呼吸率= 15.0/分 体动=0.000  音量=0% 灯=0%
  05:31:35  [入睡] 规律度=0.86 呼吸率= 15.0/分 体动=0.000  音量=0% 灯=0%
  05:31:40  [入睡] 规律度=0.86 呼吸率= 15.0/分 体动=0.000  音量=0% 灯=0%
  05:31:45  [入睡] 规律度=0.87 呼吸率= 15.0/分 体动=0.000  音量=0% 灯=0%
  05:31:50  [入睡] 规律度=0.86 呼吸率= 15.0/分 体动=0.000  音量=0% 灯=0%
  05:31:55  [入睡] 规律度=0.86 呼吸率= 15.0/分 体动=0.000  音量=0% 灯=0%
  05:32:00  [入睡] 规律度=0.87 呼吸率= 15.0/分 体动=0.000  音量=0% 灯=0%
  05:32:05  [入睡] 规律度=0.86 呼吸率= 15.0/分 体动=0.000  音量=0% 灯=0%
  05:32:10  [入睡] 规律度=0.86 呼吸率= 15.0/分 体动=0.000  音量=0% 灯=0%
  05:32:15  [入睡] 规律度=0.86 呼吸率= 15.0/分 体动=0.000  音量=0% 灯=0%
  05:32:20  [入睡] 规律度=0.86 呼吸率= 15.0/分 体动=0.000  音量=0% 灯=0%
  05:32:25  [入睡] 规律度=0.86 呼吸率= 15.0/分 体动=0.000  音量=0% 灯=0%
  05:32:30  [入睡] 规律度=0.87 呼吸率= 15.0/分 体动=0.000  音量=0% 灯=0%
  05:32:35  [入睡] 规律度=0.86 呼吸率= 15.0/分 体动=0.000  音量=0% 灯=0%
  05:32:40  [入睡] 规律度=0.87 呼吸率= 15.0/分 体动=0.000  音量=0% 灯=0%
  05:32:45  [入睡] 规律度=0.86 呼吸率= 15.0/分 体动=0.000  音量=0% 灯=0%
  05:32:50  [入睡] 规律度=0.86 呼吸率= 15.0/分 体动=0.000  音量=0% 灯=0%
  05:32:55  [入睡] 规律度=0.86 呼吸率= 15.0/分 体动=0.000  音量=0% 灯=0%
  05:33:00  [入睡] 规律度=0.86 呼吸率= 15.0/分 体动=0.000  音量=0% 灯=0%
  05:33:05  [入睡] 规律度=0.87 呼吸率= 15.0/分 体动=0.000  音量=0% 灯=0%
  05:33:10  [入睡] 规律度=0.87 呼吸率= 15.0/分 体动=0.000  音量=0% 灯=0%
  05:33:15  [入睡] 规律度=0.86 呼吸率= 15.0/分 体动=0.000  音量=0% 灯=0%
  05:33:20  [入睡] 规律度=0.86 呼吸率= 15.0/分 体动=0.000  音量=0% 灯=0%
  05:33:25  [入睡] 规律度=0.86 呼吸率= 15.0/分 体动=0.000  音量=0% 灯=0%
  05:33:30  [入睡] 规律度=0.87 呼吸率= 15.0/分 体动=0.000  音量=0% 灯=0%
  05:33:35  [入睡] 规律度=0.87 呼吸率= 15.0/分 体动=0.000  音量=0% 灯=0%
  05:33:40  [入睡] 规律度=0.87 呼吸率= 15.0/分 体动=0.000  音量=0% 灯=0%
  05:33:45  [入睡] 规律度=0.86 呼吸率= 15.0/分 体动=0.000  音量=0% 灯=0%
  05:33:50  [入睡] 规律度=0.86 呼吸率= 15.0/分 体动=0.000  音量=0% 灯=0%
  05:33:55  [入睡] 规律度=0.86 呼吸率= 15.0/分 体动=0.000  音量=0% 灯=0%
  05:34:00  [入睡] 规律度=0.87 呼吸率= 15.0/分 体动=0.000  音量=0% 灯=0%
  05:34:05  [入睡] 规律度=0.86 呼吸率= 15.0/分 体动=0.000  音量=0% 灯=0%
  05:34:10  [入睡] 规律度=0.86 呼吸率= 15.0/分 体动=0.000  音量=0% 灯=0%
  05:34:15  [入睡] 规律度=0.87 呼吸率= 15.0/分 体动=0.000  音量=0% 灯=0%
  05:34:20  [入睡] 规律度=0.86 呼吸率= 15.0/分 体动=0.000  音量=0% 灯=0%
  05:34:25  [入睡] 规律度=0.87 呼吸率= 15.0/分 体动=0.000  音量=0% 灯=0%
  05:34:30  [入睡] 规律度=0.86 呼吸率= 15.0/分 体动=0.000  音量=0% 灯=0%
  05:34:35  [入睡] 规律度=0.86 呼吸率= 15.0/分 体动=0.000  音量=0% 灯=0%
  05:34:40  [入睡] 规律度=0.87 呼吸率= 15.0/分 体动=0.000  音量=0% 灯=0%
  05:34:45  [入睡] 规律度=0.87 呼吸率= 15.0/分 体动=0.000  音量=0% 灯=0%
  05:34:50  [入睡] 规律度=0.86 呼吸率= 15.0/分 体动=0.000  音量=0% 灯=0%
  05:34:55  [入睡] 规律度=0.86 呼吸率= 15.0/分 体动=0.000  音量=0% 灯=0%
  05:35:00  [入睡] 规律度=0.86 呼吸率= 15.0/分 体动=0.000  音量=0% 灯=0%
  05:35:05  [入睡] 规律度=0.87 呼吸率= 15.0/分 体动=0.000  音量=0% 灯=0%
  05:35:10  [入睡] 规律度=0.87 呼吸率= 15.0/分 体动=0.000  音量=0% 灯=0%
  05:35:15  [入睡] 规律度=0.86 呼吸率= 15.0/分 体动=0.000  音量=0% 灯=0%
[link] ↑ 上报入睡判定：已入睡 置信=100%  呼吸=15次/分
  05:35:20  [入睡] 规律度=0.86 呼吸率= 15.0/分 体动=0.000  音量=0% 灯=0%
  05:35:25  [入睡] 规律度=0.86 呼吸率= 15.0/分 体动=0.000  音量=0% 灯=0%
  05:35:30  [入睡] 规律度=0.87 呼吸率= 15.0/分 体动=0.000  音量=0% 灯=0%
  05:35:35  [入睡] 规律度=0.87 呼吸率= 15.0/分 体动=0.000  音量=0% 灯=0%
  05:35:40  [入睡] 规律度=0.86 呼吸率= 15.0/分 体动=0.000  音量=0% 灯=0%
  05:35:45  [入睡] 规律度=0.86 呼吸率= 15.0/分 体动=0.000  音量=0% 灯=0%
  05:35:50  [入睡] 规律度=0.86 呼吸率= 15.0/分 体动=0.000  音量=0% 灯=0%
  05:35:55  [入睡] 规律度=0.87 呼吸率= 15.0/分 体动=0.000  音量=0% 灯=0%
  05:36:00  [入睡] 规律度=0.87 呼吸率= 15.0/分 体动=0.000  音量=0% 灯=0%
  05:36:05  [入睡] 规律度=0.87 呼吸率= 15.0/分 体动=0.000  音量=0% 灯=0%
  05:36:10  [入睡] 规律度=0.86 呼吸率= 15.0/分 体动=0.000  音量=0% 灯=0%
  05:36:15  [入睡] 规律度=0.86 呼吸率= 15.0/分 体动=0.000  音量=0% 灯=0%
  05:36:20  [入睡] 规律度=0.87 呼吸率= 15.0/分 体动=0.000  音量=0% 灯=0%
  05:36:25  [入睡] 规律度=0.86 呼吸率= 15.0/分 体动=0.000  音量=0% 灯=0%
  05:36:30  [入睡] 规律度=0.86 呼吸率= 15.0/分 体动=0.000  音量=0% 灯=0%
  05:36:35  [入睡] 规律度=0.87 呼吸率= 15.0/分 体动=0.000  音量=0% 灯=0%
  05:36:40  [入睡] 规律度=0.86 呼吸率= 15.0/分 体动=0.000  音量=0% 灯=0%
  05:36:45  [入睡] 规律度=0.87 呼吸率= 15.0/分 体动=0.000  音量=0% 灯=0%
  05:36:50  [入睡] 规律度=0.86 呼吸率= 15.0/分 体动=0.000  音量=0% 灯=0%
  05:36:55  [入睡] 规律度=0.86 呼吸率= 15.0/分 体动=0.000  音量=0% 灯=0%
  05:37:00  [入睡] 规律度=0.87 呼吸率= 15.0/分 体动=0.000  音量=0% 灯=0%
  05:37:05  [入睡] 规律度=0.86 呼吸率= 15.0/分 体动=0.000  音量=0% 灯=0%
  05:37:10  [入睡] 规律度=0.86 呼吸率= 15.0/分 体动=0.000  音量=0% 灯=0%
  05:37:15  [入睡] 规律度=0.87 呼吸率= 15.0/分 体动=0.000  音量=0% 灯=0%
  05:37:20  [入睡] 规律度=0.87 呼吸率= 15.0/分 体动=0.000  音量=0% 灯=0%
  05:37:25  [入睡] 规律度=0.87 呼吸率= 15.0/分 体动=0.000  音量=0% 灯=0%
  05:37:30  [入睡] 规律度=0.86 呼吸率= 15.0/分 体动=0.000  音量=0% 灯=0%
  05:37:35  [入睡] 规律度=0.86 呼吸率= 15.0/分 体动=0.000  音量=0% 灯=0%
  05:37:40  [入睡] 规律度=0.86 呼吸率= 15.0/分 体动=0.000  音量=0% 灯=0%
  05:37:45  [入睡] 规律度=0.87 呼吸率= 15.0/分 体动=0.000  音量=0% 灯=0%
  05:37:50  [入睡] 规律度=0.86 呼吸率= 15.0/分 体动=0.000  音量=0% 灯=0%
  05:37:55  [入睡] 规律度=0.87 呼吸率= 15.0/分 体动=0.000  音量=0% 灯=0%
  05:38:00  [入睡] 规律度=0.87 呼吸率= 15.0/分 体动=0.000  音量=0% 灯=0%
  05:38:05  [入睡] 规律度=0.86 呼吸率= 15.0/分 体动=0.000  音量=0% 灯=0%
  05:38:10  [入睡] 规律度=0.87 呼吸率= 15.0/分 体动=0.000  音量=0% 灯=0%
  05:38:15  [入睡] 规律度=0.86 呼吸率= 15.0/分 体动=0.000  音量=0% 灯=0%
  05:38:20  [入睡] 规律度=0.86 呼吸率= 15.0/分 体动=0.000  音量=0% 灯=0%
  05:38:25  [入睡] 规律度=0.87 呼吸率= 15.0/分 体动=0.000  音量=0% 灯=0%
  05:38:30  [入睡] 规律度=0.86 呼吸率= 15.0/分 体动=0.000  音量=0% 灯=0%
  05:38:35  [入睡] 规律度=0.86 呼吸率= 15.0/分 体动=0.000  音量=0% 灯=0%
  05:38:40  [入睡] 规律度=0.87 呼吸率= 15.0/分 体动=0.000  音量=0% 灯=0%
  05:38:45  [入睡] 规律度=0.86 呼吸率= 15.0/分 体动=0.000  音量=0% 灯=0%
  05:38:50  [入睡] 规律度=0.87 呼吸率= 15.0/分 体动=0.000  音量=0% 灯=0%
  05:38:55  [入睡] 规律度=0.86 呼吸率= 15.0/分 体动=0.000  音量=0% 灯=0%
  05:39:00  [入睡] 规律度=0.86 呼吸率= 15.0/分 体动=0.000  音量=0% 灯=0%
  05:39:05  [入睡] 规律度=0.87 呼吸率= 15.0/分 体动=0.000  音量=0% 灯=0%
  05:39:10  [入睡] 规律度=0.86 呼吸率= 15.0/分 体动=0.000  音量=0% 灯=0%
  05:39:15  [入睡] 规律度=0.86 呼吸率= 15.0/分 体动=0.000  音量=0% 灯=0%
  05:39:20  [入睡] 规律度=0.87 呼吸率= 15.0/分 体动=0.000  音量=0% 灯=0%
  05:39:25  [入睡] 规律度=0.86 呼吸率= 15.0/分 体动=0.000  音量=0% 灯=0%
  05:39:30  [入睡] 规律度=0.86 呼吸率= 15.0/分 体动=0.000  音量=0% 灯=0%
  05:39:35  [入睡] 规律度=0.87 呼吸率= 15.0/分 体动=0.000  音量=0% 灯=0%
  05:39:40  [入睡] 规律度=0.86 呼吸率= 15.0/分 体动=0.000  音量=0% 灯=0%
  05:39:45  [入睡] 规律度=0.87 呼吸率= 15.0/分 体动=0.000  音量=0% 灯=0%
  05:39:50  [入睡] 规律度=0.87 呼吸率= 15.0/分 体动=0.000  音量=0% 灯=0%
  05:39:55  [入睡] 规律度=0.86 呼吸率= 15.0/分 体动=0.000  音量=0% 灯=0%
  05:40:00  [入睡] 规律度=0.86 呼吸率= 15.0/分 体动=0.000  音量=0% 灯=0%
  05:40:05  [入睡] 规律度=0.86 呼吸率= 15.0/分 体动=0.000  音量=0% 灯=0%
  05:40:10  [入睡] 规律度=0.87 呼吸率= 15.0/分 体动=0.000  音量=0% 灯=0%
  05:40:15  [入睡] 规律度=0.87 呼吸率= 15.0/分 体动=0.000  音量=0% 灯=0%
[link] ↑ 上报入睡判定：已入睡 置信=100%  呼吸=15次/分
  05:40:20  [入睡] 规律度=0.86 呼吸率= 15.0/分 体动=0.000  音量=0% 灯=0%
  05:40:25  [入睡] 规律度=0.86 呼吸率= 15.0/分 体动=0.000  音量=0% 灯=0%
  05:40:30  [入睡] 规律度=0.87 呼吸率= 15.0/分 体动=0.000  音量=0% 灯=0%
  05:40:35  [入睡] 规律度=0.86 呼吸率= 15.0/分 体动=0.000  音量=0% 灯=0%
  05:40:40  [入睡] 规律度=0.87 呼吸率= 15.0/分 体动=0.000  音量=0% 灯=0%
  05:40:45  [入睡] 规律度=0.86 呼吸率= 15.0/分 体动=0.000  音量=0% 灯=0%
  05:40:50  [入睡] 规律度=0.86 呼吸率= 15.0/分 体动=0.000  音量=0% 灯=0%
  05:40:55  [入睡] 规律度=0.87 呼吸率= 15.0/分 体动=0.000  音量=0% 灯=0%
  05:41:00  [入睡] 规律度=0.86 呼吸率= 15.0/分 体动=0.000  音量=0% 灯=0%
  05:41:05  [入睡] 规律度=0.87 呼吸率= 15.0/分 体动=0.000  音量=0% 灯=0%
  05:41:10  [入睡] 规律度=0.86 呼吸率= 15.0/分 体动=0.000  音量=0% 灯=0%
  05:41:15  [入睡] 规律度=0.87 呼吸率= 15.0/分 体动=0.000  音量=0% 灯=0%
  05:41:20  [入睡] 规律度=0.86 呼吸率= 15.0/分 体动=0.000  音量=0% 灯=0%
  05:41:25  [入睡] 规律度=0.87 呼吸率= 15.0/分 体动=0.000  音量=0% 灯=0%
  05:41:30  [入睡] 规律度=0.87 呼吸率= 15.0/分 体动=0.000  音量=0% 灯=0%
  05:41:35  [入睡] 规律度=0.86 呼吸率= 15.0/分 体动=0.000  音量=0% 灯=0%
  05:41:40  [入睡] 规律度=0.86 呼吸率= 15.0/分 体动=0.000  音量=0% 灯=0%
  05:41:45  [入睡] 规律度=0.87 呼吸率= 15.0/分 体动=0.000  音量=0% 灯=0%
  05:41:50  [入睡] 规律度=0.87 呼吸率= 15.0/分 体动=0.000  音量=0% 灯=0%
  05:41:55  [入睡] 规律度=0.86 呼吸率= 15.0/分 体动=0.000  音量=0% 灯=0%
  05:42:00  [入睡] 规律度=0.86 呼吸率= 15.0/分 体动=0.000  音量=0% 灯=0%
  05:42:05  [入睡] 规律度=0.86 呼吸率= 15.0/分 体动=0.000  音量=0% 灯=0%
  05:42:10  [入睡] 规律度=0.86 呼吸率= 15.0/分 体动=0.000  音量=0% 灯=0%
  05:42:15  [入睡] 规律度=0.87 呼吸率= 15.0/分 体动=0.000  音量=0% 灯=0%
  05:42:20  [入睡] 规律度=0.86 呼吸率= 15.0/分 体动=0.000  音量=0% 灯=0%
  05:42:25  [入睡] 规律度=0.86 呼吸率= 15.0/分 体动=0.000  音量=0% 灯=0%
  05:42:30  [入睡] 规律度=0.86 呼吸率= 15.0/分 体动=0.000  音量=0% 灯=0%
  05:42:35  [入睡] 规律度=0.87 呼吸率= 15.0/分 体动=0.000  音量=0% 灯=0%
  05:42:40  [入睡] 规律度=0.86 呼吸率= 15.0/分 体动=0.000  音量=0% 灯=0%
  05:42:45  [入睡] 规律度=0.87 呼吸率= 15.0/分 体动=0.000  音量=0% 灯=0%
  05:42:50  [入睡] 规律度=0.86 呼吸率= 15.0/分 体动=0.000  音量=0% 灯=0%
  05:42:55  [入睡] 规律度=0.86 呼吸率= 15.0/分 体动=0.000  音量=0% 灯=0%
  05:43:00  [入睡] 规律度=0.87 呼吸率= 15.0/分 体动=0.000  音量=0% 灯=0%
  05:43:05  [入睡] 规律度=0.86 呼吸率= 15.0/分 体动=0.000  音量=0% 灯=0%
  05:43:10  [入睡] 规律度=0.87 呼吸率= 15.0/分 体动=0.000  音量=0% 灯=0%
  05:43:15  [入睡] 规律度=0.87 呼吸率= 15.0/分 体动=0.000  音量=0% 灯=0%
  05:43:20  [入睡] 规律度=0.86 呼吸率= 15.0/分 体动=0.000  音量=0% 灯=0%
  05:43:25  [入睡] 规律度=0.86 呼吸率= 15.0/分 体动=0.000  音量=0% 灯=0%
  05:43:30  [入睡] 规律度=0.86 呼吸率= 15.0/分 体动=0.000  音量=0% 灯=0%
  05:43:35  [入睡] 规律度=0.87 呼吸率= 15.0/分 体动=0.000  音量=0% 灯=0%
  05:43:40  [入睡] 规律度=0.87 呼吸率= 15.0/分 体动=0.000  音量=0% 灯=0%
  05:43:45  [入睡] 规律度=0.86 呼吸率= 15.0/分 体动=0.000  音量=0% 灯=0%
  05:43:50  [入睡] 规律度=0.86 呼吸率= 15.0/分 体动=0.000  音量=0% 灯=0%
  05:43:55  [入睡] 规律度=0.86 呼吸率= 15.0/分 体动=0.000  音量=0% 灯=0%
  05:44:00  [入睡] 规律度=0.86 呼吸率= 15.0/分 体动=0.000  音量=0% 灯=0%
  05:44:05  [入睡] 规律度=0.87 呼吸率= 15.0/分 体动=0.000  音量=0% 灯=0%
  05:44:10  [入睡] 规律度=0.86 呼吸率= 15.0/分 体动=0.000  音量=0% 灯=0%
  05:44:15  [入睡] 规律度=0.86 呼吸率= 15.0/分 体动=0.000  音量=0% 灯=0%
  05:44:20  [入睡] 规律度=0.87 呼吸率= 15.0/分 体动=0.000  音量=0% 灯=0%
  05:44:25  [入睡] 规律度=0.87 呼吸率= 15.0/分 体动=0.000  音量=0% 灯=0%
  05:44:30  [入睡] 规律度=0.86 呼吸率= 15.0/分 体动=0.000  音量=0% 灯=0%
  05:44:35  [入睡] 规律度=0.86 呼吸率= 15.0/分 体动=0.000  音量=0% 灯=0%
  05:44:40  [入睡] 规律度=0.86 呼吸率= 15.0/分 体动=0.000  音量=0% 灯=0%
  05:44:45  [入睡] 规律度=0.87 呼吸率= 15.0/分 体动=0.000  音量=0% 灯=0%
  05:44:50  [入睡] 规律度=0.87 呼吸率= 15.0/分 体动=0.000  音量=0% 灯=0%
  05:44:55  [入睡] 规律度=0.87 呼吸率= 15.0/分 体动=0.000  音量=0% 灯=0%
  05:45:00  [入睡] 规律度=0.86 呼吸率= 15.0/分 体动=0.000  音量=0% 灯=0%
  05:45:05  [入睡] 规律度=0.86 呼吸率= 15.0/分 体动=0.000  音量=0% 灯=0%
  05:45:10  [入睡] 规律度=0.86 呼吸率= 15.0/分 体动=0.000  音量=0% 灯=0%
  05:45:15  [入睡] 规律度=0.86 呼吸率= 15.0/分 体动=0.000  音量=0% 灯=0%
[link] ↑ 上报入睡判定：已入睡 置信=100%  呼吸=15次/分
  05:45:20  [入睡] 规律度=0.86 呼吸率= 15.0/分 体动=0.000  音量=0% 灯=0%
  05:45:25  [入睡] 规律度=0.86 呼吸率= 15.0/分 体动=0.000  音量=0% 灯=0%
  05:45:30  [入睡] 规律度=0.86 呼吸率= 15.0/分 体动=0.000  音量=0% 灯=0%
  05:45:35  [入睡] 规律度=0.86 呼吸率= 15.0/分 体动=0.000  音量=0% 灯=0%
  05:45:40  [入睡] 规律度=0.86 呼吸率= 15.0/分 体动=0.000  音量=0% 灯=0%
  05:45:45  [入睡] 规律度=0.87 呼吸率= 15.0/分 体动=0.000  音量=0% 灯=0%
  05:45:50  [入睡] 规律度=0.87 呼吸率= 15.0/分 体动=0.000  音量=0% 灯=0%
  05:45:55  [入睡] 规律度=0.87 呼吸率= 15.0/分 体动=0.000  音量=0% 灯=0%
  05:46:00  [入睡] 规律度=0.86 呼吸率= 15.0/分 体动=0.000  音量=0% 灯=0%
  05:46:05  [入睡] 规律度=0.86 呼吸率= 15.0/分 体动=0.000  音量=0% 灯=0%
  05:46:10  [入睡] 规律度=0.87 呼吸率= 15.0/分 体动=0.000  音量=0% 灯=0%
  05:46:15  [入睡] 规律度=0.86 呼吸率= 15.0/分 体动=0.000  音量=0% 灯=0%
  05:46:20  [入睡] 规律度=0.87 呼吸率= 15.0/分 体动=0.000  音量=0% 灯=0%
  05:46:25  [入睡] 规律度=0.86 呼吸率= 15.0/分 体动=0.000  音量=0% 灯=0%
  05:46:30  [入睡] 规律度=0.87 呼吸率= 15.0/分 体动=0.000  音量=0% 灯=0%
  05:46:35  [入睡] 规律度=0.86 呼吸率= 15.0/分 体动=0.000  音量=0% 灯=0%
  05:46:40  [入睡] 规律度=0.86 呼吸率= 15.0/分 体动=0.000  音量=0% 灯=0%
  05:46:45  [入睡] 规律度=0.87 呼吸率= 15.0/分 体动=0.000  音量=0% 灯=0%
  05:46:50  [入睡] 规律度=0.86 呼吸率= 15.0/分 体动=0.000  音量=0% 灯=0%
  05:46:55  [入睡] 规律度=0.86 呼吸率= 15.0/分 体动=0.000  音量=0% 灯=0%
  05:47:00  [入睡] 规律度=0.87 呼吸率= 15.0/分 体动=0.000  音量=0% 灯=0%
  05:47:05  [入睡] 规律度=0.87 呼吸率= 15.0/分 体动=0.000  音量=0% 灯=0%
  05:47:10  [入睡] 规律度=0.87 呼吸率= 15.0/分 体动=0.000  音量=0% 灯=0%
  05:47:15  [入睡] 规律度=0.86 呼吸率= 15.0/分 体动=0.000  音量=0% 灯=0%
  05:47:20  [入睡] 规律度=0.87 呼吸率= 15.0/分 体动=0.000  音量=0% 灯=0%
  05:47:25  [入睡] 规律度=0.86 呼吸率= 15.0/分 体动=0.000  音量=0% 灯=0%
  05:47:30  [入睡] 规律度=0.87 呼吸率= 15.0/分 体动=0.000  音量=0% 灯=0%
  05:47:35  [入睡] 规律度=0.86 呼吸率= 15.0/分 体动=0.000  音量=0% 灯=0%
  05:47:40  [入睡] 规律度=0.86 呼吸率= 15.0/分 体动=0.000  音量=0% 灯=0%
  05:47:45  [入睡] 规律度=0.87 呼吸率= 15.0/分 体动=0.000  音量=0% 灯=0%
  05:47:50  [入睡] 规律度=0.86 呼吸率= 15.0/分 体动=0.000  音量=0% 灯=0%
  05:47:55  [入睡] 规律度=0.86 呼吸率= 15.0/分 体动=0.000  音量=0% 灯=0%
  05:48:00  [入睡] 规律度=0.87 呼吸率= 15.0/分 体动=0.000  音量=0% 灯=0%
  05:48:05  [入睡] 规律度=0.87 呼吸率= 15.0/分 体动=0.000  音量=0% 灯=0%
  05:48:10  [入睡] 规律度=0.87 呼吸率= 15.0/分 体动=0.000  音量=0% 灯=0%
  05:48:15  [入睡] 规律度=0.86 呼吸率= 15.0/分 体动=0.000  音量=0% 灯=0%
  05:48:20  [入睡] 规律度=0.86 呼吸率= 15.0/分 体动=0.000  音量=0% 灯=0%
  05:48:25  [入睡] 规律度=0.86 呼吸率= 15.0/分 体动=0.000  音量=0% 灯=0%
  05:48:30  [入睡] 规律度=0.86 呼吸率= 15.0/分 体动=0.000  音量=0% 灯=0%
  05:48:35  [入睡] 规律度=0.87 呼吸率= 15.0/分 体动=0.000  音量=0% 灯=0%
  05:48:40  [入睡] 规律度=0.87 呼吸率= 15.0/分 体动=0.000  音量=0% 灯=0%
  05:48:45  [入睡] 规律度=0.86 呼吸率= 15.0/分 体动=0.000  音量=0% 灯=0%
  05:48:50  [入睡] 规律度=0.87 呼吸率= 15.0/分 体动=0.000  音量=0% 灯=0%
  05:48:55  [入睡] 规律度=0.86 呼吸率= 15.0/分 体动=0.000  音量=0% 灯=0%
  05:49:00  [入睡] 规律度=0.87 呼吸率= 15.0/分 体动=0.000  音量=0% 灯=0%
  05:49:05  [入睡] 规律度=0.86 呼吸率= 15.0/分 体动=0.000  音量=0% 灯=0%
  05:49:10  [入睡] 规律度=0.86 呼吸率= 15.0/分 体动=0.000  音量=0% 灯=0%
  05:49:15  [入睡] 规律度=0.86 呼吸率= 15.0/分 体动=0.000  音量=0% 灯=0%
  05:49:20  [入睡] 规律度=0.86 呼吸率= 15.0/分 体动=0.000  音量=0% 灯=0%
  05:49:25  [入睡] 规律度=0.87 呼吸率= 15.0/分 体动=0.000  音量=0% 灯=0%
  05:49:30  [入睡] 规律度=0.86 呼吸率= 15.0/分 体动=0.000  音量=0% 灯=0%
  05:49:35  [入睡] 规律度=0.86 呼吸率= 15.0/分 体动=0.000  音量=0% 灯=0%
  05:49:40  [入睡] 规律度=0.87 呼吸率= 15.0/分 体动=0.000  音量=0% 灯=0%
  05:49:45  [入睡] 规律度=0.86 呼吸率= 15.0/分 体动=0.000  音量=0% 灯=0%
  05:49:50  [入睡] 规律度=0.87 呼吸率= 15.0/分 体动=0.000  音量=0% 灯=0%
  05:49:55  [入睡] 规律度=0.87 呼吸率= 15.0/分 体动=0.000  音量=0% 灯=0%
  05:50:00  [入睡] 规律度=0.86 呼吸率= 15.0/分 体动=0.000  音量=0% 灯=0%
  05:50:05  [入睡] 规律度=0.86 呼吸率= 15.0/分 体动=0.000  音量=0% 灯=0%
  05:50:10  [入睡] 规律度=0.86 呼吸率= 15.0/分 体动=0.000  音量=0% 灯=0%
  05:50:15  [入睡] 规律度=0.86 呼吸率= 15.0/分 体动=0.000  音量=0% 灯=0%
[link] ↑ 上报入睡判定：已入睡 置信=100%  呼吸=15次/分
  05:50:20  [入睡] 规律度=0.86 呼吸率= 15.0/分 体动=0.000  音量=0% 灯=0%
  05:50:25  [入睡] 规律度=0.86 呼吸率= 15.0/分 体动=0.000  音量=0% 灯=0%
  05:50:30  [入睡] 规律度=0.86 呼吸率= 15.0/分 体动=0.000  音量=0% 灯=0%
  05:50:35  [入睡] 规律度=0.86 呼吸率= 15.0/分 体动=0.000  音量=0% 灯=0%
  05:50:40  [入睡] 规律度=0.87 呼吸率= 15.0/分 体动=0.000  音量=0% 灯=0%
  05:50:45  [入睡] 规律度=0.87 呼吸率= 15.0/分 体动=0.000  音量=0% 灯=0%
  05:50:50  [入睡] 规律度=0.87 呼吸率= 15.0/分 体动=0.000  音量=0% 灯=0%
  05:50:55  [入睡] 规律度=0.87 呼吸率= 15.0/分 体动=0.000  音量=0% 灯=0%
  05:51:00  [入睡] 规律度=0.86 呼吸率= 15.0/分 体动=0.000  音量=0% 灯=0%
  05:51:05  [入睡] 规律度=0.87 呼吸率= 15.0/分 体动=0.000  音量=0% 灯=0%
  05:51:10  [入睡] 规律度=0.87 呼吸率= 15.0/分 体动=0.000  音量=0% 灯=0%
  05:51:15  [入睡] 规律度=0.86 呼吸率= 15.0/分 体动=0.000  音量=0% 灯=0%
  05:51:20  [入睡] 规律度=0.86 呼吸率= 15.0/分 体动=0.000  音量=0% 灯=0%
  05:51:25  [入睡] 规律度=0.86 呼吸率= 15.0/分 体动=0.000  音量=0% 灯=0%
  05:51:30  [入睡] 规律度=0.87 呼吸率= 15.0/分 体动=0.000  音量=0% 灯=0%
  05:51:35  [入睡] 规律度=0.86 呼吸率= 15.0/分 体动=0.000  音量=0% 灯=0%
  05:51:40  [入睡] 规律度=0.86 呼吸率= 15.0/分 体动=0.000  音量=0% 灯=0%
  05:51:45  [入睡] 规律度=0.86 呼吸率= 15.0/分 体动=0.000  音量=0% 灯=0%
  05:51:50  [入睡] 规律度=0.86 呼吸率= 15.0/分 体动=0.000  音量=0% 灯=0%
  05:51:55  [入睡] 规律度=0.87 呼吸率= 15.0/分 体动=0.000  音量=0% 灯=0%
  05:52:00  [入睡] 规律度=0.87 呼吸率= 15.0/分 体动=0.000  音量=0% 灯=0%
  05:52:05  [入睡] 规律度=0.86 呼吸率= 15.0/分 体动=0.000  音量=0% 灯=0%
  05:52:10  [入睡] 规律度=0.86 呼吸率= 15.0/分 体动=0.000  音量=0% 灯=0%
  05:52:15  [入睡] 规律度=0.86 呼吸率= 15.0/分 体动=0.000  音量=0% 灯=0%
  05:52:20  [入睡] 规律度=0.86 呼吸率= 15.0/分 体动=0.000  音量=0% 灯=0%
  05:52:25  [入睡] 规律度=0.87 呼吸率= 15.0/分 体动=0.000  音量=0% 灯=0%
  05:52:30  [入睡] 规律度=0.87 呼吸率= 15.0/分 体动=0.000  音量=0% 灯=0%
  05:52:35  [入睡] 规律度=0.86 呼吸率= 15.0/分 体动=0.000  音量=0% 灯=0%
  05:52:40  [入睡] 规律度=0.86 呼吸率= 15.0/分 体动=0.000  音量=0% 灯=0%
  05:52:45  [入睡] 规律度=0.86 呼吸率= 15.0/分 体动=0.000  音量=0% 灯=0%
  05:52:50  [入睡] 规律度=0.86 呼吸率= 15.0/分 体动=0.000  音量=0% 灯=0%
  05:52:55  [入睡] 规律度=0.86 呼吸率= 15.0/分 体动=0.000  音量=0% 灯=0%
  05:53:00  [入睡] 规律度=0.86 呼吸率= 15.0/分 体动=0.000  音量=0% 灯=0%
  05:53:05  [入睡] 规律度=0.87 呼吸率= 15.0/分 体动=0.000  音量=0% 灯=0%
  05:53:10  [入睡] 规律度=0.86 呼吸率= 15.0/分 体动=0.000  音量=0% 灯=0%
  05:53:15  [入睡] 规律度=0.86 呼吸率= 15.0/分 体动=0.000  音量=0% 灯=0%
  05:53:20  [入睡] 规律度=0.86 呼吸率= 15.0/分 体动=0.000  音量=0% 灯=0%
  05:53:25  [入睡] 规律度=0.86 呼吸率= 15.0/分 体动=0.000  音量=0% 灯=0%
  05:53:30  [入睡] 规律度=0.87 呼吸率= 15.0/分 体动=0.000  音量=0% 灯=0%
  05:53:35  [入睡] 规律度=0.86 呼吸率= 15.0/分 体动=0.000  音量=0% 灯=0%
  05:53:40  [入睡] 规律度=0.86 呼吸率= 15.0/分 体动=0.000  音量=0% 灯=0%
  05:53:45  [入睡] 规律度=0.86 呼吸率= 15.0/分 体动=0.000  音量=0% 灯=0%
  05:53:50  [入睡] 规律度=0.87 呼吸率= 15.0/分 体动=0.000  音量=0% 灯=0%
  05:53:55  [入睡] 规律度=0.86 呼吸率= 15.0/分 体动=0.000  音量=0% 灯=0%
  05:54:00  [入睡] 规律度=0.86 呼吸率= 15.0/分 体动=0.000  音量=0% 灯=0%
  05:54:05  [入睡] 规律度=0.86 呼吸率= 15.0/分 体动=0.000  音量=0% 灯=0%
  05:54:10  [入睡] 规律度=0.86 呼吸率= 15.0/分 体动=0.000  音量=0% 灯=0%
  05:54:15  [入睡] 规律度=0.87 呼吸率= 15.0/分 体动=0.000  音量=0% 灯=0%
  05:54:20  [入睡] 规律度=0.86 呼吸率= 15.0/分 体动=0.000  音量=0% 灯=0%
  05:54:25  [入睡] 规律度=0.86 呼吸率= 15.0/分 体动=0.000  音量=0% 灯=0%
  05:54:30  [入睡] 规律度=0.87 呼吸率= 15.0/分 体动=0.000  音量=0% 灯=0%
  05:54:35  [入睡] 规律度=0.86 呼吸率= 15.0/分 体动=0.000  音量=0% 灯=0%
  05:54:40  [入睡] 规律度=0.87 呼吸率= 15.0/分 体动=0.000  音量=0% 灯=0%
  05:54:45  [入睡] 规律度=0.86 呼吸率= 15.0/分 体动=0.000  音量=0% 灯=0%
  05:54:50  [入睡] 规律度=0.86 呼吸率= 15.0/分 体动=0.000  音量=0% 灯=0%
  05:54:55  [入睡] 规律度=0.87 呼吸率= 15.0/分 体动=0.000  音量=0% 灯=0%
  05:55:00  [入睡] 规律度=0.86 呼吸率= 15.0/分 体动=0.000  音量=0% 灯=0%
  05:55:05  [入睡] 规律度=0.86 呼吸率= 15.0/分 体动=0.000  音量=0% 灯=0%
  05:55:10  [入睡] 规律度=0.87 呼吸率= 15.0/分 体动=0.000  音量=0% 灯=0%
  05:55:15  [入睡] 规律度=0.86 呼吸率= 15.0/分 体动=0.000  音量=0% 灯=0%
[link] ↑ 上报入睡判定：已入睡 置信=100%  呼吸=15次/分
  05:55:20  [入睡] 规律度=0.87 呼吸率= 15.0/分 体动=0.000  音量=0% 灯=0%
  05:55:25  [入睡] 规律度=0.86 呼吸率= 15.0/分 体动=0.000  音量=0% 灯=0%
  05:55:30  [入睡] 规律度=0.86 呼吸率= 15.0/分 体动=0.000  音量=0% 灯=0%
  05:55:35  [入睡] 规律度=0.86 呼吸率= 15.0/分 体动=0.000  音量=0% 灯=0%
  05:55:40  [入睡] 规律度=0.87 呼吸率= 15.0/分 体动=0.000  音量=0% 灯=0%
  05:55:45  [入睡] 规律度=0.87 呼吸率= 15.0/分 体动=0.000  音量=0% 灯=0%
  05:55:50  [入睡] 规律度=0.86 呼吸率= 15.0/分 体动=0.000  音量=0% 灯=0%
  05:55:55  [入睡] 规律度=0.87 呼吸率= 15.0/分 体动=0.000  音量=0% 灯=0%
  05:56:00  [入睡] 规律度=0.87 呼吸率= 15.0/分 体动=0.000  音量=0% 灯=0%
  05:56:05  [入睡] 规律度=0.86 呼吸率= 15.0/分 体动=0.000  音量=0% 灯=0%
  05:56:10  [入睡] 规律度=0.86 呼吸率= 15.0/分 体动=0.000  音量=0% 灯=0%
  05:56:15  [入睡] 规律度=0.86 呼吸率= 15.0/分 体动=0.000  音量=0% 灯=0%
  05:56:20  [入睡] 规律度=0.87 呼吸率= 15.0/分 体动=0.000  音量=0% 灯=0%
  05:56:25  [入睡] 规律度=0.86 呼吸率= 15.0/分 体动=0.000  音量=0% 灯=0%
  05:56:30  [入睡] 规律度=0.86 呼吸率= 15.0/分 体动=0.000  音量=0% 灯=0%
  05:56:35  [入睡] 规律度=0.87 呼吸率= 15.0/分 体动=0.000  音量=0% 灯=0%
  05:56:40  [入睡] 规律度=0.86 呼吸率= 15.0/分 体动=0.000  音量=0% 灯=0%
  05:56:45  [入睡] 规律度=0.87 呼吸率= 15.0/分 体动=0.000  音量=0% 灯=0%
  05:56:50  [入睡] 规律度=0.87 呼吸率= 15.0/分 体动=0.000  音量=0% 灯=0%
  05:56:55  [入睡] 规律度=0.86 呼吸率= 15.0/分 体动=0.000  音量=0% 灯=0%
  05:57:00  [入睡] 规律度=0.86 呼吸率= 15.0/分 体动=0.000  音量=0% 灯=0%
  05:57:05  [入睡] 规律度=0.87 呼吸率= 15.0/分 体动=0.000  音量=0% 灯=0%
  05:57:10  [入睡] 规律度=0.87 呼吸率= 15.0/分 体动=0.000  音量=0% 灯=0%
  05:57:15  [入睡] 规律度=0.86 呼吸率= 15.0/分 体动=0.000  音量=0% 灯=0%
  05:57:20  [入睡] 规律度=0.86 呼吸率= 15.0/分 体动=0.000  音量=0% 灯=0%
  05:57:25  [入睡] 规律度=0.87 呼吸率= 15.0/分 体动=0.000  音量=0% 灯=0%
  05:57:30  [入睡] 规律度=0.87 呼吸率= 15.0/分 体动=0.000  音量=0% 灯=0%
  05:57:35  [入睡] 规律度=0.86 呼吸率= 15.0/分 体动=0.000  音量=0% 灯=0%
  05:57:40  [入睡] 规律度=0.86 呼吸率= 15.0/分 体动=0.000  音量=0% 灯=0%
  05:57:45  [入睡] 规律度=0.86 呼吸率= 15.0/分 体动=0.000  音量=0% 灯=0%
  05:57:50  [入睡] 规律度=0.87 呼吸率= 15.0/分 体动=0.000  音量=0% 灯=0%
  05:57:55  [入睡] 规律度=0.86 呼吸率= 15.0/分 体动=0.000  音量=0% 灯=0%
  05:58:00  [入睡] 规律度=0.86 呼吸率= 15.0/分 体动=0.000  音量=0% 灯=0%
  05:58:05  [入睡] 规律度=0.86 呼吸率= 15.0/分 体动=0.000  音量=0% 灯=0%
  05:58:10  [入睡] 规律度=0.87 呼吸率= 15.0/分 体动=0.000  音量=0% 灯=0%
  05:58:15  [入睡] 规律度=0.87 呼吸率= 15.0/分 体动=0.000  音量=0% 灯=0%
  05:58:20  [入睡] 规律度=0.87 呼吸率= 15.0/分 体动=0.000  音量=0% 灯=0%
  05:58:25  [入睡] 规律度=0.86 呼吸率= 15.0/分 体动=0.000  音量=0% 灯=0%
  05:58:30  [入睡] 规律度=0.87 呼吸率= 15.0/分 体动=0.000  音量=0% 灯=0%
  05:58:35  [入睡] 规律度=0.87 呼吸率= 15.0/分 体动=0.000  音量=0% 灯=0%
  05:58:40  [入睡] 规律度=0.86 呼吸率= 15.0/分 体动=0.000  音量=0% 灯=0%
  05:58:45  [入睡] 规律度=0.87 呼吸率= 15.0/分 体动=0.000  音量=0% 灯=0%
  05:58:50  [入睡] 规律度=0.86 呼吸率= 15.0/分 体动=0.000  音量=0% 灯=0%
  05:58:55  [入睡] 规律度=0.86 呼吸率= 15.0/分 体动=0.000  音量=0% 灯=0%
  05:59:00  [入睡] 规律度=0.87 呼吸率= 15.0/分 体动=0.000  音量=0% 灯=0%
  05:59:05  [入睡] 规律度=0.87 呼吸率= 15.0/分 体动=0.000  音量=0% 灯=0%
  05:59:10  [入睡] 规律度=0.86 呼吸率= 15.0/分 体动=0.000  音量=0% 灯=0%
  05:59:15  [入睡] 规律度=0.86 呼吸率= 15.0/分 体动=0.000  音量=0% 灯=0%
  05:59:20  [入睡] 规律度=0.86 呼吸率= 15.0/分 体动=0.000  音量=0% 灯=0%
  05:59:25  [入睡] 规律度=0.86 呼吸率= 15.0/分 体动=0.000  音量=0% 灯=0%
  05:59:30  [入睡] 规律度=0.87 呼吸率= 15.0/分 体动=0.000  音量=0% 灯=0%
  05:59:35  [入睡] 规律度=0.87 呼吸率= 15.0/分 体动=0.000  音量=0% 灯=0%
  05:59:40  [入睡] 规律度=0.87 呼吸率= 15.0/分 体动=0.000  音量=0% 灯=0%
  05:59:45  [入睡] 规律度=0.87 呼吸率= 15.0/分 体动=0.000  音量=0% 灯=0%
  05:59:50  [入睡] 规律度=0.86 呼吸率= 15.0/分 体动=0.000  音量=0% 灯=0%
  05:59:55  [入睡] 规律度=0.86 呼吸率= 15.0/分 体动=0.000  音量=0% 灯=0%
  06:00:00  [入睡] 规律度=0.86 呼吸率= 15.0/分 体动=0.000  音量=0% 灯=0%
  06:00:05  [入睡] 规律度=0.86 呼吸率= 15.0/分 体动=0.000  音量=0% 灯=0%
  06:00:10  [入睡] 规律度=0.86 呼吸率= 15.0/分 体动=0.000  音量=0% 灯=0%
  06:00:15  [入睡] 规律度=0.86 呼吸率= 15.0/分 体动=0.000  音量=0% 灯=0%
[link] ↑ 上报入睡判定：已入睡 置信=100%  呼吸=15次/分
  06:00:20  [入睡] 规律度=0.87 呼吸率= 15.0/分 体动=0.000  音量=0% 灯=0%
  06:00:25  [入睡] 规律度=0.87 呼吸率= 15.0/分 体动=0.000  音量=0% 灯=0%
  06:00:30  [入睡] 规律度=0.86 呼吸率= 15.0/分 体动=0.000  音量=0% 灯=0%
  06:00:35  [入睡] 规律度=0.87 呼吸率= 15.0/分 体动=0.000  音量=0% 灯=0%
  06:00:40  [入睡] 规律度=0.86 呼吸率= 15.0/分 体动=0.000  音量=0% 灯=0%
  06:00:45  [入睡] 规律度=0.87 呼吸率= 15.0/分 体动=0.000  音量=0% 灯=0%
  06:00:50  [入睡] 规律度=0.87 呼吸率= 15.0/分 体动=0.000  音量=0% 灯=0%
  06:00:55  [入睡] 规律度=0.87 呼吸率= 15.0/分 体动=0.000  音量=0% 灯=0%
  06:01:00  [入睡] 规律度=0.87 呼吸率= 15.0/分 体动=0.000  音量=0% 灯=0%
  06:01:05  [入睡] 规律度=0.86 呼吸率= 15.0/分 体动=0.000  音量=0% 灯=0%
  06:01:10  [入睡] 规律度=0.86 呼吸率= 15.0/分 体动=0.000  音量=0% 灯=0%
  06:01:15  [入睡] 规律度=0.87 呼吸率= 15.0/分 体动=0.000  音量=0% 灯=0%
  06:01:20  [入睡] 规律度=0.87 呼吸率= 15.0/分 体动=0.000  音量=0% 灯=0%
  06:01:25  [入睡] 规律度=0.86 呼吸率= 15.0/分 体动=0.000  音量=0% 灯=0%
  06:01:30  [入睡] 规律度=0.87 呼吸率= 15.0/分 体动=0.000  音量=0% 灯=0%
  06:01:35  [入睡] 规律度=0.86 呼吸率= 15.0/分 体动=0.000  音量=0% 灯=0%
  06:01:40  [入睡] 规律度=0.87 呼吸率= 15.0/分 体动=0.000  音量=0% 灯=0%
  06:01:45  [入睡] 规律度=0.86 呼吸率= 15.0/分 体动=0.000  音量=0% 灯=0%
  06:01:50  [入睡] 规律度=0.86 呼吸率= 15.0/分 体动=0.000  音量=0% 灯=0%
  06:01:55  [入睡] 规律度=0.86 呼吸率= 15.0/分 体动=0.000  音量=0% 灯=0%
  06:02:00  [入睡] 规律度=0.86 呼吸率= 15.0/分 体动=0.000  音量=0% 灯=0%
  06:02:05  [入睡] 规律度=0.86 呼吸率= 15.0/分 体动=0.000  音量=0% 灯=0%
  06:02:10  [入睡] 规律度=0.86 呼吸率= 15.0/分 体动=0.000  音量=0% 灯=0%
  06:02:15  [入睡] 规律度=0.86 呼吸率= 15.0/分 体动=0.000  音量=0% 灯=0%
  06:02:20  [入睡] 规律度=0.86 呼吸率= 15.0/分 体动=0.000  音量=0% 灯=0%
  06:02:25  [入睡] 规律度=0.86 呼吸率= 15.0/分 体动=0.000  音量=0% 灯=0%
  06:02:30  [入睡] 规律度=0.86 呼吸率= 15.0/分 体动=0.000  音量=0% 灯=0%
  06:02:35  [入睡] 规律度=0.87 呼吸率= 15.0/分 体动=0.000  音量=0% 灯=0%
  06:02:40  [入睡] 规律度=0.87 呼吸率= 15.0/分 体动=0.000  音量=0% 灯=0%
  06:02:45  [入睡] 规律度=0.86 呼吸率= 15.0/分 体动=0.000  音量=0% 灯=0%
  06:02:50  [入睡] 规律度=0.87 呼吸率= 15.0/分 体动=0.000  音量=0% 灯=0%
  06:02:55  [入睡] 规律度=0.86 呼吸率= 15.0/分 体动=0.000  音量=0% 灯=0%
  06:03:00  [入睡] 规律度=0.87 呼吸率= 15.0/分 体动=0.000  音量=0% 灯=0%
  06:03:05  [入睡] 规律度=0.86 呼吸率= 15.0/分 体动=0.000  音量=0% 灯=0%
  06:03:10  [入睡] 规律度=0.87 呼吸率= 15.0/分 体动=0.000  音量=0% 灯=0%
  06:03:15  [入睡] 规律度=0.86 呼吸率= 15.0/分 体动=0.000  音量=0% 灯=0%
  06:03:20  [入睡] 规律度=0.86 呼吸率= 15.0/分 体动=0.000  音量=0% 灯=0%
  06:03:25  [入睡] 规律度=0.87 呼吸率= 15.0/分 体动=0.000  音量=0% 灯=0%
  06:03:30  [入睡] 规律度=0.87 呼吸率= 15.0/分 体动=0.000  音量=0% 灯=0%
  06:03:35  [入睡] 规律度=0.86 呼吸率= 15.0/分 体动=0.000  音量=0% 灯=0%
  06:03:40  [入睡] 规律度=0.86 呼吸率= 15.0/分 体动=0.000  音量=0% 灯=0%
  06:03:45  [入睡] 规律度=0.87 呼吸率= 15.0/分 体动=0.000  音量=0% 灯=0%
  06:03:50  [入睡] 规律度=0.86 呼吸率= 15.0/分 体动=0.000  音量=0% 灯=0%
  06:03:55  [入睡] 规律度=0.86 呼吸率= 15.0/分 体动=0.000  音量=0% 灯=0%
  06:04:00  [入睡] 规律度=0.86 呼吸率= 15.0/分 体动=0.000  音量=0% 灯=0%
  06:04:05  [入睡] 规律度=0.86 呼吸率= 15.0/分 体动=0.000  音量=0% 灯=0%
  06:04:10  [入睡] 规律度=0.86 呼吸率= 15.0/分 体动=0.000  音量=0% 灯=0%
  06:04:15  [入睡] 规律度=0.86 呼吸率= 15.0/分 体动=0.000  音量=0% 灯=0%
  06:04:20  [入睡] 规律度=0.86 呼吸率= 15.0/分 体动=0.000  音量=0% 灯=0%
  06:04:25  [入睡] 规律度=0.87 呼吸率= 15.0/分 体动=0.000  音量=0% 灯=0%
  06:04:30  [入睡] 规律度=0.87 呼吸率= 15.0/分 体动=0.000  音量=0% 灯=0%
  06:04:35  [入睡] 规律度=0.87 呼吸率= 15.0/分 体动=0.000  音量=0% 灯=0%
  06:04:40  [入睡] 规律度=0.86 呼吸率= 15.0/分 体动=0.000  音量=0% 灯=0%
  06:04:45  [入睡] 规律度=0.86 呼吸率= 15.0/分 体动=0.000  音量=0% 灯=0%
  06:04:50  [入睡] 规律度=0.86 呼吸率= 15.0/分 体动=0.000  音量=0% 灯=0%
  06:04:55  [入睡] 规律度=0.86 呼吸率= 15.0/分 体动=0.000  音量=0% 灯=0%
  06:05:00  [入睡] 规律度=0.87 呼吸率= 15.0/分 体动=0.000  音量=0% 灯=0%
  06:05:05  [入睡] 规律度=0.86 呼吸率= 15.0/分 体动=0.000  音量=0% 灯=0%
  06:05:10  [入睡] 规律度=0.87 呼吸率= 15.0/分 体动=0.000  音量=0% 灯=0%
  06:05:15  [入睡] 规律度=0.87 呼吸率= 15.0/分 体动=0.000  音量=0% 灯=0%
[link] ↑ 上报入睡判定：已入睡 置信=100%  呼吸=15次/分
  06:05:20  [入睡] 规律度=0.86 呼吸率= 15.0/分 体动=0.000  音量=0% 灯=0%
  06:05:25  [入睡] 规律度=0.86 呼吸率= 15.0/分 体动=0.000  音量=0% 灯=0%
  06:05:30  [入睡] 规律度=0.86 呼吸率= 15.0/分 体动=0.000  音量=0% 灯=0%
  06:05:35  [入睡] 规律度=0.86 呼吸率= 15.0/分 体动=0.000  音量=0% 灯=0%
  06:05:40  [入睡] 规律度=0.86 呼吸率= 15.0/分 体动=0.000  音量=0% 灯=0%
  06:05:45  [入睡] 规律度=0.87 呼吸率= 15.0/分 体动=0.000  音量=0% 灯=0%
  06:05:50  [入睡] 规律度=0.86 呼吸率= 15.0/分 体动=0.000  音量=0% 灯=0%
  06:05:55  [入睡] 规律度=0.87 呼吸率= 15.0/分 体动=0.000  音量=0% 灯=0%
  06:06:00  [入睡] 规律度=0.86 呼吸率= 15.0/分 体动=0.000  音量=0% 灯=0%
  06:06:05  [入睡] 规律度=0.86 呼吸率= 15.0/分 体动=0.000  音量=0% 灯=0%
  06:06:10  [入睡] 规律度=0.86 呼吸率= 15.0/分 体动=0.000  音量=0% 灯=0%
  06:06:15  [入睡] 规律度=0.86 呼吸率= 15.0/分 体动=0.000  音量=0% 灯=0%
  06:06:20  [入睡] 规律度=0.86 呼吸率= 15.0/分 体动=0.000  音量=0% 灯=0%
  06:06:25  [入睡] 规律度=0.87 呼吸率= 15.0/分 体动=0.000  音量=0% 灯=0%
  06:06:30  [入睡] 规律度=0.87 呼吸率= 15.0/分 体动=0.000  音量=0% 灯=0%
  06:06:35  [入睡] 规律度=0.87 呼吸率= 15.0/分 体动=0.000  音量=0% 灯=0%
  06:06:40  [入睡] 规律度=0.86 呼吸率= 15.0/分 体动=0.000  音量=0% 灯=0%
  06:06:45  [入睡] 规律度=0.86 呼吸率= 15.0/分 体动=0.000  音量=0% 灯=0%
  06:06:50  [入睡] 规律度=0.87 呼吸率= 15.0/分 体动=0.000  音量=0% 灯=0%
  06:06:55  [入睡] 规律度=0.86 呼吸率= 15.0/分 体动=0.000  音量=0% 灯=0%
  06:07:00  [入睡] 规律度=0.86 呼吸率= 15.0/分 体动=0.000  音量=0% 灯=0%
  06:07:05  [入睡] 规律度=0.87 呼吸率= 15.0/分 体动=0.000  音量=0% 灯=0%
  06:07:10  [入睡] 规律度=0.87 呼吸率= 15.0/分 体动=0.000  音量=0% 灯=0%
  06:07:15  [入睡] 规律度=0.86 呼吸率= 15.0/分 体动=0.000  音量=0% 灯=0%
  06:07:20  [入睡] 规律度=0.87 呼吸率= 15.0/分 体动=0.000  音量=0% 灯=0%
  06:07:25  [入睡] 规律度=0.86 呼吸率= 15.0/分 体动=0.000  音量=0% 灯=0%
  06:07:30  [入睡] 规律度=0.87 呼吸率= 15.0/分 体动=0.000  音量=0% 灯=0%
  06:07:35  [入睡] 规律度=0.86 呼吸率= 15.0/分 体动=0.000  音量=0% 灯=0%
  06:07:40  [入睡] 规律度=0.86 呼吸率= 15.0/分 体动=0.000  音量=0% 灯=0%
  06:07:45  [入睡] 规律度=0.86 呼吸率= 15.0/分 体动=0.000  音量=0% 灯=0%
  06:07:50  [入睡] 规律度=0.86 呼吸率= 15.0/分 体动=0.000  音量=0% 灯=0%
  06:07:55  [入睡] 规律度=0.87 呼吸率= 15.0/分 体动=0.000  音量=0% 灯=0%
  06:08:00  [入睡] 规律度=0.87 呼吸率= 15.0/分 体动=0.000  音量=0% 灯=0%
  06:08:05  [入睡] 规律度=0.86 呼吸率= 15.0/分 体动=0.000  音量=0% 灯=0%
  06:08:10  [入睡] 规律度=0.87 呼吸率= 15.0/分 体动=0.000  音量=0% 灯=0%
  06:08:15  [入睡] 规律度=0.87 呼吸率= 15.0/分 体动=0.000  音量=0% 灯=0%
  06:08:20  [入睡] 规律度=0.86 呼吸率= 15.0/分 体动=0.000  音量=0% 灯=0%
  06:08:25  [入睡] 规律度=0.86 呼吸率= 15.0/分 体动=0.000  音量=0% 灯=0%
  06:08:30  [入睡] 规律度=0.86 呼吸率= 15.0/分 体动=0.000  音量=0% 灯=0%
  06:08:35  [入睡] 规律度=0.86 呼吸率= 15.0/分 体动=0.000  音量=0% 灯=0%
  06:08:40  [入睡] 规律度=0.87 呼吸率= 15.0/分 体动=0.000  音量=0% 灯=0%
  06:08:45  [入睡] 规律度=0.86 呼吸率= 15.0/分 体动=0.000  音量=0% 灯=0%
  06:08:50  [入睡] 规律度=0.86 呼吸率= 15.0/分 体动=0.000  音量=0% 灯=0%
  06:08:55  [入睡] 规律度=0.86 呼吸率= 15.0/分 体动=0.000  音量=0% 灯=0%
  06:09:00  [入睡] 规律度=0.86 呼吸率= 15.0/分 体动=0.000  音量=0% 灯=0%
  06:09:05  [入睡] 规律度=0.86 呼吸率= 15.0/分 体动=0.000  音量=0% 灯=0%
  06:09:10  [入睡] 规律度=0.87 呼吸率= 15.0/分 体动=0.000  音量=0% 灯=0%
  06:09:15  [入睡] 规律度=0.87 呼吸率= 15.0/分 体动=0.000  音量=0% 灯=0%
  06:09:20  [入睡] 规律度=0.87 呼吸率= 15.0/分 体动=0.000  音量=0% 灯=0%
  06:09:25  [入睡] 规律度=0.86 呼吸率= 15.0/分 体动=0.000  音量=0% 灯=0%
  06:09:30  [入睡] 规律度=0.86 呼吸率= 15.0/分 体动=0.000  音量=0% 灯=0%
  06:09:35  [入睡] 规律度=0.86 呼吸率= 15.0/分 体动=0.000  音量=0% 灯=0%
  06:09:40  [入睡] 规律度=0.86 呼吸率= 15.0/分 体动=0.000  音量=0% 灯=0%
  06:09:45  [入睡] 规律度=0.86 呼吸率= 15.0/分 体动=0.000  音量=0% 灯=0%
  06:09:50  [入睡] 规律度=0.86 呼吸率= 15.0/分 体动=0.000  音量=0% 灯=0%
  06:09:55  [入睡] 规律度=0.86 呼吸率= 15.0/分 体动=0.000  音量=0% 灯=0%
  06:10:00  [入睡] 规律度=0.86 呼吸率= 15.0/分 体动=0.000  音量=0% 灯=0%
  06:10:05  [入睡] 规律度=0.87 呼吸率= 15.0/分 体动=0.000  音量=0% 灯=0%
  06:10:10  [入睡] 规律度=0.86 呼吸率= 15.0/分 体动=0.000  音量=0% 灯=0%
  06:10:15  [入睡] 规律度=0.86 呼吸率= 15.0/分 体动=0.000  音量=0% 灯=0%
[link] ↑ 上报入睡判定：已入睡 置信=100%  呼吸=15次/分
  06:10:20  [入睡] 规律度=0.86 呼吸率= 15.0/分 体动=0.000  音量=0% 灯=0%
  06:10:25  [入睡] 规律度=0.87 呼吸率= 15.0/分 体动=0.000  音量=0% 灯=0%
  06:10:30  [入睡] 规律度=0.86 呼吸率= 15.0/分 体动=0.000  音量=0% 灯=0%
  06:10:35  [入睡] 规律度=0.86 呼吸率= 15.0/分 体动=0.000  音量=0% 灯=0%
  06:10:40  [入睡] 规律度=0.86 呼吸率= 15.0/分 体动=0.000  音量=0% 灯=0%
  06:10:45  [入睡] 规律度=0.86 呼吸率= 15.0/分 体动=0.000  音量=0% 灯=0%
  06:10:50  [入睡] 规律度=0.87 呼吸率= 15.0/分 体动=0.000  音量=0% 灯=0%
  06:10:55  [入睡] 规律度=0.87 呼吸率= 15.0/分 体动=0.000  音量=0% 灯=0%
  06:11:00  [入睡] 规律度=0.86 呼吸率= 15.0/分 体动=0.000  音量=0% 灯=0%
  06:11:05  [入睡] 规律度=0.87 呼吸率= 15.0/分 体动=0.000  音量=0% 灯=0%
  06:11:10  [入睡] 规律度=0.86 呼吸率= 15.0/分 体动=0.000  音量=0% 灯=0%
  06:11:15  [入睡] 规律度=0.86 呼吸率= 15.0/分 体动=0.000  音量=0% 灯=0%
  06:11:20  [入睡] 规律度=0.86 呼吸率= 15.0/分 体动=0.000  音量=0% 灯=0%
  06:11:25  [入睡] 规律度=0.86 呼吸率= 15.0/分 体动=0.000  音量=0% 灯=0%
  06:11:30  [入睡] 规律度=0.87 呼吸率= 15.0/分 体动=0.000  音量=0% 灯=0%
  06:11:35  [入睡] 规律度=0.86 呼吸率= 15.0/分 体动=0.000  音量=0% 灯=0%
  06:11:40  [入睡] 规律度=0.87 呼吸率= 15.0/分 体动=0.000  音量=0% 灯=0%
  06:11:45  [入睡] 规律度=0.86 呼吸率= 15.0/分 体动=0.000  音量=0% 灯=0%
  06:11:50  [入睡] 规律度=0.86 呼吸率= 15.0/分 体动=0.000  音量=0% 灯=0%
  06:11:55  [入睡] 规律度=0.87 呼吸率= 15.0/分 体动=0.000  音量=0% 灯=0%
  06:12:00  [入睡] 规律度=0.86 呼吸率= 15.0/分 体动=0.000  音量=0% 灯=0%
  06:12:05  [入睡] 规律度=0.87 呼吸率= 15.0/分 体动=0.000  音量=0% 灯=0%
  06:12:10  [入睡] 规律度=0.86 呼吸率= 15.0/分 体动=0.000  音量=0% 灯=0%
  06:12:15  [入睡] 规律度=0.86 呼吸率= 15.0/分 体动=0.000  音量=0% 灯=0%
  06:12:20  [入睡] 规律度=0.86 呼吸率= 15.0/分 体动=0.000  音量=0% 灯=0%
  06:12:25  [入睡] 规律度=0.87 呼吸率= 15.0/分 体动=0.000  音量=0% 灯=0%
  06:12:30  [入睡] 规律度=0.86 呼吸率= 15.0/分 体动=0.000  音量=0% 灯=0%
  06:12:35  [入睡] 规律度=0.86 呼吸率= 15.0/分 体动=0.000  音量=0% 灯=0%
  06:12:40  [入睡] 规律度=0.86 呼吸率= 15.0/分 体动=0.000  音量=0% 灯=0%
  06:12:45  [入睡] 规律度=0.86 呼吸率= 15.0/分 体动=0.000  音量=0% 灯=0%
  06:12:50  [入睡] 规律度=0.87 呼吸率= 15.0/分 体动=0.000  音量=0% 灯=0%
  06:12:55  [入睡] 规律度=0.87 呼吸率= 15.0/分 体动=0.000  音量=0% 灯=0%
  06:13:00  [入睡] 规律度=0.86 呼吸率= 15.0/分 体动=0.000  音量=0% 灯=0%
  06:13:05  [入睡] 规律度=0.87 呼吸率= 15.0/分 体动=0.000  音量=0% 灯=0%
  06:13:10  [入睡] 规律度=0.86 呼吸率= 15.0/分 体动=0.000  音量=0% 灯=0%
  06:13:15  [入睡] 规律度=0.86 呼吸率= 15.0/分 体动=0.000  音量=0% 灯=0%
  06:13:20  [入睡] 规律度=0.87 呼吸率= 15.0/分 体动=0.000  音量=0% 灯=0%
  06:13:25  [入睡] 规律度=0.87 呼吸率= 15.0/分 体动=0.000  音量=0% 灯=0%
  06:13:30  [入睡] 规律度=0.87 呼吸率= 15.0/分 体动=0.000  音量=0% 灯=0%
  06:13:35  [入睡] 规律度=0.86 呼吸率= 15.0/分 体动=0.000  音量=0% 灯=0%
  06:13:40  [入睡] 规律度=0.86 呼吸率= 15.0/分 体动=0.000  音量=0% 灯=0%
  06:13:45  [入睡] 规律度=0.87 呼吸率= 15.0/分 体动=0.000  音量=0% 灯=0%
  06:13:50  [入睡] 规律度=0.87 呼吸率= 15.0/分 体动=0.000  音量=0% 灯=0%
  06:13:55  [入睡] 规律度=0.86 呼吸率= 15.0/分 体动=0.000  音量=0% 灯=0%
  06:14:00  [入睡] 规律度=0.87 呼吸率= 15.0/分 体动=0.000  音量=0% 灯=0%
  06:14:05  [入睡] 规律度=0.86 呼吸率= 15.0/分 体动=0.000  音量=0% 灯=0%
  06:14:10  [入睡] 规律度=0.87 呼吸率= 15.0/分 体动=0.000  音量=0% 灯=0%
  06:14:15  [入睡] 规律度=0.87 呼吸率= 15.0/分 体动=0.000  音量=0% 灯=0%
  06:14:20  [入睡] 规律度=0.86 呼吸率= 15.0/分 体动=0.000  音量=0% 灯=0%
  06:14:25  [入睡] 规律度=0.86 呼吸率= 15.0/分 体动=0.000  音量=0% 灯=0%
  06:14:30  [入睡] 规律度=0.86 呼吸率= 15.0/分 体动=0.000  音量=0% 灯=0%
  06:14:35  [入睡] 规律度=0.86 呼吸率= 15.0/分 体动=0.000  音量=0% 灯=0%
  06:14:40  [入睡] 规律度=0.86 呼吸率= 15.0/分 体动=0.000  音量=0% 灯=0%
  06:14:45  [入睡] 规律度=0.86 呼吸率= 15.0/分 体动=0.000  音量=0% 灯=0%
  06:14:50  [入睡] 规律度=0.86 呼吸率= 15.0/分 体动=0.000  音量=0% 灯=0%
  06:14:55  [入睡] 规律度=0.87 呼吸率= 15.0/分 体动=0.000  音量=0% 灯=0%
  06:15:00  [入睡] 规律度=0.87 呼吸率= 15.0/分 体动=0.000  音量=0% 灯=0%
  06:15:05  [入睡] 规律度=0.86 呼吸率= 15.0/分 体动=0.000  音量=0% 灯=0%
  06:15:10  [入睡] 规律度=0.86 呼吸率= 15.0/分 体动=0.000  音量=0% 灯=0%
  06:15:15  [入睡] 规律度=0.86 呼吸率= 15.0/分 体动=0.000  音量=0% 灯=0%
[link] ↑ 上报入睡判定：已入睡 置信=100%  呼吸=15次/分
  06:15:20  [入睡] 规律度=0.86 呼吸率= 15.0/分 体动=0.000  音量=0% 灯=0%
  06:15:25  [入睡] 规律度=0.87 呼吸率= 15.0/分 体动=0.000  音量=0% 灯=0%
  06:15:30  [入睡] 规律度=0.86 呼吸率= 15.0/分 体动=0.000  音量=0% 灯=0%
  06:15:35  [入睡] 规律度=0.87 呼吸率= 15.0/分 体动=0.000  音量=0% 灯=0%
  06:15:40  [入睡] 规律度=0.86 呼吸率= 15.0/分 体动=0.000  音量=0% 灯=0%
  06:15:45  [入睡] 规律度=0.86 呼吸率= 15.0/分 体动=0.000  音量=0% 灯=0%
  06:15:50  [入睡] 规律度=0.87 呼吸率= 15.0/分 体动=0.000  音量=0% 灯=0%
  06:15:55  [入睡] 规律度=0.87 呼吸率= 15.0/分 体动=0.000  音量=0% 灯=0%
  06:16:00  [入睡] 规律度=0.87 呼吸率= 15.0/分 体动=0.000  音量=0% 灯=0%
  06:16:05  [入睡] 规律度=0.87 呼吸率= 15.0/分 体动=0.000  音量=0% 灯=0%
  06:16:10  [入睡] 规律度=0.86 呼吸率= 15.0/分 体动=0.000  音量=0% 灯=0%
  06:16:15  [入睡] 规律度=0.86 呼吸率= 15.0/分 体动=0.000  音量=0% 灯=0%
  06:16:20  [入睡] 规律度=0.86 呼吸率= 15.0/分 体动=0.000  音量=0% 灯=0%
  06:16:25  [入睡] 规律度=0.87 呼吸率= 15.0/分 体动=0.000  音量=0% 灯=0%
  06:16:30  [入睡] 规律度=0.87 呼吸率= 15.0/分 体动=0.000  音量=0% 灯=0%
  06:16:35  [入睡] 规律度=0.87 呼吸率= 15.0/分 体动=0.000  音量=0% 灯=0%
  06:16:40  [入睡] 规律度=0.87 呼吸率= 15.0/分 体动=0.000  音量=0% 灯=0%
  06:16:45  [入睡] 规律度=0.86 呼吸率= 15.0/分 体动=0.000  音量=0% 灯=0%
  06:16:50  [入睡] 规律度=0.86 呼吸率= 15.0/分 体动=0.000  音量=0% 灯=0%
  06:16:55  [入睡] 规律度=0.86 呼吸率= 15.0/分 体动=0.000  音量=0% 灯=0%
  06:17:00  [入睡] 规律度=0.86 呼吸率= 15.0/分 体动=0.000  音量=0% 灯=0%
  06:17:05  [入睡] 规律度=0.86 呼吸率= 15.0/分 体动=0.000  音量=0% 灯=0%
  06:17:10  [入睡] 规律度=0.86 呼吸率= 15.0/分 体动=0.000  音量=0% 灯=0%
  06:17:15  [入睡] 规律度=0.86 呼吸率= 15.0/分 体动=0.000  音量=0% 灯=0%
  06:17:20  [入睡] 规律度=0.86 呼吸率= 15.0/分 体动=0.000  音量=0% 灯=0%
  06:17:25  [入睡] 规律度=0.87 呼吸率= 15.0/分 体动=0.000  音量=0% 灯=0%
  06:17:30  [入睡] 规律度=0.86 呼吸率= 15.0/分 体动=0.000  音量=0% 灯=0%
  06:17:35  [入睡] 规律度=0.87 呼吸率= 15.0/分 体动=0.000  音量=0% 灯=0%
  06:17:40  [入睡] 规律度=0.86 呼吸率= 15.0/分 体动=0.000  音量=0% 灯=0%
  06:17:45  [入睡] 规律度=0.86 呼吸率= 15.0/分 体动=0.000  音量=0% 灯=0%
  06:17:50  [入睡] 规律度=0.87 呼吸率= 15.0/分 体动=0.000  音量=0% 灯=0%
  06:17:55  [入睡] 规律度=0.86 呼吸率= 15.0/分 体动=0.000  音量=0% 灯=0%
  06:18:00  [入睡] 规律度=0.87 呼吸率= 15.0/分 体动=0.000  音量=0% 灯=0%
  06:18:05  [入睡] 规律度=0.86 呼吸率= 15.0/分 体动=0.000  音量=0% 灯=0%
  06:18:10  [入睡] 规律度=0.86 呼吸率= 15.0/分 体动=0.000  音量=0% 灯=0%
  06:18:15  [入睡] 规律度=0.86 呼吸率= 15.0/分 体动=0.000  音量=0% 灯=0%
  06:18:20  [入睡] 规律度=0.86 呼吸率= 15.0/分 体动=0.000  音量=0% 灯=0%
  06:18:25  [入睡] 规律度=0.86 呼吸率= 15.0/分 体动=0.000  音量=0% 灯=0%
  06:18:30  [入睡] 规律度=0.86 呼吸率= 15.0/分 体动=0.000  音量=0% 灯=0%
  06:18:35  [入睡] 规律度=0.86 呼吸率= 15.0/分 体动=0.000  音量=0% 灯=0%
  06:18:40  [入睡] 规律度=0.87 呼吸率= 15.0/分 体动=0.000  音量=0% 灯=0%
  06:18:45  [入睡] 规律度=0.87 呼吸率= 15.0/分 体动=0.000  音量=0% 灯=0%
  06:18:50  [入睡] 规律度=0.86 呼吸率= 15.0/分 体动=0.000  音量=0% 灯=0%
  06:18:55  [入睡] 规律度=0.86 呼吸率= 15.0/分 体动=0.000  音量=0% 灯=0%
  06:19:00  [入睡] 规律度=0.86 呼吸率= 15.0/分 体动=0.000  音量=0% 灯=0%
  06:19:05  [入睡] 规律度=0.86 呼吸率= 15.0/分 体动=0.000  音量=0% 灯=0%
  06:19:10  [入睡] 规律度=0.87 呼吸率= 15.0/分 体动=0.000  音量=0% 灯=0%
  06:19:15  [入睡] 规律度=0.86 呼吸率= 15.0/分 体动=0.000  音量=0% 灯=0%
  06:19:20  [入睡] 规律度=0.87 呼吸率= 15.0/分 体动=0.000  音量=0% 灯=0%
  06:19:25  [入睡] 规律度=0.87 呼吸率= 15.0/分 体动=0.000  音量=0% 灯=0%
  06:19:30  [入睡] 规律度=0.86 呼吸率= 15.0/分 体动=0.000  音量=0% 灯=0%
  06:19:35  [入睡] 规律度=0.86 呼吸率= 15.0/分 体动=0.000  音量=0% 灯=0%
  06:19:40  [入睡] 规律度=0.86 呼吸率= 15.0/分 体动=0.000  音量=0% 灯=0%
  06:19:45  [入睡] 规律度=0.86 呼吸率= 15.0/分 体动=0.000  音量=0% 灯=0%
  06:19:50  [入睡] 规律度=0.86 呼吸率= 15.0/分 体动=0.000  音量=0% 灯=0%
  06:19:55  [入睡] 规律度=0.87 呼吸率= 15.0/分 体动=0.000  音量=0% 灯=0%
  06:20:00  [入睡] 规律度=0.87 呼吸率= 15.0/分 体动=0.000  音量=0% 灯=0%
  06:20:05  [入睡] 规律度=0.86 呼吸率= 15.0/分 体动=0.000  音量=0% 灯=0%
  06:20:10  [入睡] 规律度=0.86 呼吸率= 15.0/分 体动=0.000  音量=0% 灯=0%
  06:20:15  [入睡] 规律度=0.87 呼吸率= 15.0/分 体动=0.000  音量=0% 灯=0%
[link] ↑ 上报入睡判定：已入睡 置信=100%  呼吸=15次/分
  06:20:20  [入睡] 规律度=0.86 呼吸率= 15.0/分 体动=0.000  音量=0% 灯=0%
  06:20:25  [入睡] 规律度=0.87 呼吸率= 15.0/分 体动=0.000  音量=0% 灯=0%
  06:20:30  [入睡] 规律度=0.86 呼吸率= 15.0/分 体动=0.000  音量=0% 灯=0%
  06:20:35  [入睡] 规律度=0.86 呼吸率= 15.0/分 体动=0.000  音量=0% 灯=0%
  06:20:40  [入睡] 规律度=0.87 呼吸率= 15.0/分 体动=0.000  音量=0% 灯=0%
  06:20:45  [入睡] 规律度=0.86 呼吸率= 15.0/分 体动=0.000  音量=0% 灯=0%
  06:20:50  [入睡] 规律度=0.87 呼吸率= 15.0/分 体动=0.000  音量=0% 灯=0%
  06:20:55  [入睡] 规律度=0.86 呼吸率= 15.0/分 体动=0.000  音量=0% 灯=0%
  06:21:00  [入睡] 规律度=0.86 呼吸率= 15.0/分 体动=0.000  音量=0% 灯=0%
  06:21:05  [入睡] 规律度=0.87 呼吸率= 15.0/分 体动=0.000  音量=0% 灯=0%
  06:21:10  [入睡] 规律度=0.87 呼吸率= 15.0/分 体动=0.000  音量=0% 灯=0%
  06:21:15  [入睡] 规律度=0.86 呼吸率= 15.0/分 体动=0.000  音量=0% 灯=0%
  06:21:20  [入睡] 规律度=0.87 呼吸率= 15.0/分 体动=0.000  音量=0% 灯=0%
  06:21:25  [入睡] 规律度=0.86 呼吸率= 15.0/分 体动=0.000  音量=0% 灯=0%
  06:21:30  [入睡] 规律度=0.86 呼吸率= 15.0/分 体动=0.000  音量=0% 灯=0%
  06:21:35  [入睡] 规律度=0.86 呼吸率= 15.0/分 体动=0.000  音量=0% 灯=0%
  06:21:40  [入睡] 规律度=0.86 呼吸率= 15.0/分 体动=0.000  音量=0% 灯=0%
  06:21:45  [入睡] 规律度=0.86 呼吸率= 15.0/分 体动=0.000  音量=0% 灯=0%
  06:21:50  [入睡] 规律度=0.86 呼吸率= 15.0/分 体动=0.000  音量=0% 灯=0%
  06:21:55  [入睡] 规律度=0.87 呼吸率= 15.0/分 体动=0.000  音量=0% 灯=0%
  06:22:00  [入睡] 规律度=0.87 呼吸率= 15.0/分 体动=0.000  音量=0% 灯=0%
  06:22:05  [入睡] 规律度=0.87 呼吸率= 15.0/分 体动=0.000  音量=0% 灯=0%
  06:22:10  [入睡] 规律度=0.86 呼吸率= 15.0/分 体动=0.000  音量=0% 灯=0%
  06:22:15  [入睡] 规律度=0.86 呼吸率= 15.0/分 体动=0.000  音量=0% 灯=0%
  06:22:20  [入睡] 规律度=0.86 呼吸率= 15.0/分 体动=0.000  音量=0% 灯=0%
  06:22:25  [入睡] 规律度=0.87 呼吸率= 15.0/分 体动=0.000  音量=0% 灯=0%
  06:22:30  [入睡] 规律度=0.87 呼吸率= 15.0/分 体动=0.000  音量=0% 灯=0%
  06:22:35  [入睡] 规律度=0.86 呼吸率= 15.0/分 体动=0.000  音量=0% 灯=0%
  06:22:40  [入睡] 规律度=0.87 呼吸率= 15.0/分 体动=0.000  音量=0% 灯=0%
  06:22:45  [入睡] 规律度=0.87 呼吸率= 15.0/分 体动=0.000  音量=0% 灯=0%
  06:22:50  [入睡] 规律度=0.87 呼吸率= 15.0/分 体动=0.000  音量=0% 灯=0%
  06:22:55  [入睡] 规律度=0.86 呼吸率= 15.0/分 体动=0.000  音量=0% 灯=0%
  06:23:00  [入睡] 规律度=0.86 呼吸率= 15.0/分 体动=0.000  音量=0% 灯=0%
  06:23:05  [入睡] 规律度=0.86 呼吸率= 15.0/分 体动=0.000  音量=0% 灯=0%
  06:23:10  [入睡] 规律度=0.86 呼吸率= 15.0/分 体动=0.000  音量=0% 灯=0%
  06:23:15  [入睡] 规律度=0.86 呼吸率= 15.0/分 体动=0.000  音量=0% 灯=0%
  06:23:20  [入睡] 规律度=0.86 呼吸率= 15.0/分 体动=0.000  音量=0% 灯=0%
  06:23:25  [入睡] 规律度=0.87 呼吸率= 15.0/分 体动=0.000  音量=0% 灯=0%
  06:23:30  [入睡] 规律度=0.86 呼吸率= 15.0/分 体动=0.000  音量=0% 灯=0%
  06:23:35  [入睡] 规律度=0.87 呼吸率= 15.0/分 体动=0.000  音量=0% 灯=0%
  06:23:40  [入睡] 规律度=0.86 呼吸率= 15.0/分 体动=0.000  音量=0% 灯=0%
  06:23:45  [入睡] 规律度=0.86 呼吸率= 15.0/分 体动=0.000  音量=0% 灯=0%
  06:23:50  [入睡] 规律度=0.87 呼吸率= 15.0/分 体动=0.000  音量=0% 灯=0%
  06:23:55  [入睡] 规律度=0.87 呼吸率= 15.0/分 体动=0.000  音量=0% 灯=0%
  06:24:00  [入睡] 规律度=0.86 呼吸率= 15.0/分 体动=0.000  音量=0% 灯=0%
  06:24:05  [入睡] 规律度=0.86 呼吸率= 15.0/分 体动=0.000  音量=0% 灯=0%
  06:24:10  [入睡] 规律度=0.86 呼吸率= 15.0/分 体动=0.000  音量=0% 灯=0%
  06:24:15  [入睡] 规律度=0.86 呼吸率= 15.0/分 体动=0.000  音量=0% 灯=0%
  06:24:20  [入睡] 规律度=0.86 呼吸率= 15.0/分 体动=0.000  音量=0% 灯=0%
  06:24:25  [入睡] 规律度=0.86 呼吸率= 15.0/分 体动=0.000  音量=0% 灯=0%
  06:24:30  [入睡] 规律度=0.87 呼吸率= 15.0/分 体动=0.000  音量=0% 灯=0%
  06:24:35  [入睡] 规律度=0.86 呼吸率= 15.0/分 体动=0.000  音量=0% 灯=0%
  06:24:40  [入睡] 规律度=0.86 呼吸率= 15.0/分 体动=0.000  音量=0% 灯=0%
  06:24:45  [入睡] 规律度=0.86 呼吸率= 15.0/分 体动=0.000  音量=0% 灯=0%
  06:24:50  [入睡] 规律度=0.86 呼吸率= 15.0/分 体动=0.000  音量=0% 灯=0%
  06:24:55  [入睡] 规律度=0.86 呼吸率= 15.0/分 体动=0.000  音量=0% 灯=0%
  06:25:00  [入睡] 规律度=0.87 呼吸率= 15.0/分 体动=0.000  音量=0% 灯=0%
  06:25:05  [入睡] 规律度=0.87 呼吸率= 15.0/分 体动=0.000  音量=0% 灯=0%
  06:25:10  [入睡] 规律度=0.86 呼吸率= 15.0/分 体动=0.000  音量=0% 灯=0%
  06:25:15  [入睡] 规律度=0.86 呼吸率= 15.0/分 体动=0.000  音量=0% 灯=0%
[link] ↑ 上报入睡判定：已入睡 置信=100%  呼吸=15次/分
  06:25:20  [入睡] 规律度=0.86 呼吸率= 15.0/分 体动=0.000  音量=0% 灯=0%
  06:25:25  [入睡] 规律度=0.86 呼吸率= 15.0/分 体动=0.000  音量=0% 灯=0%
  06:25:30  [入睡] 规律度=0.86 呼吸率= 15.0/分 体动=0.000  音量=0% 灯=0%
  06:25:35  [入睡] 规律度=0.87 呼吸率= 15.0/分 体动=0.000  音量=0% 灯=0%
  06:25:40  [入睡] 规律度=0.86 呼吸率= 15.0/分 体动=0.000  音量=0% 灯=0%
  06:25:45  [入睡] 规律度=0.86 呼吸率= 15.0/分 体动=0.000  音量=0% 灯=0%
  06:25:50  [入睡] 规律度=0.87 呼吸率= 15.0/分 体动=0.000  音量=0% 灯=0%
  06:25:55  [入睡] 规律度=0.87 呼吸率= 15.0/分 体动=0.000  音量=0% 灯=0%
  06:26:00  [入睡] 规律度=0.86 呼吸率= 15.0/分 体动=0.000  音量=0% 灯=0%
  06:26:05  [入睡] 规律度=0.87 呼吸率= 15.0/分 体动=0.000  音量=0% 灯=0%
  06:26:10  [入睡] 规律度=0.86 呼吸率= 15.0/分 体动=0.000  音量=0% 灯=0%
  06:26:15  [入睡] 规律度=0.86 呼吸率= 15.0/分 体动=0.000  音量=0% 灯=0%
  06:26:20  [入睡] 规律度=0.87 呼吸率= 15.0/分 体动=0.000  音量=0% 灯=0%
  06:26:25  [入睡] 规律度=0.86 呼吸率= 15.0/分 体动=0.000  音量=0% 灯=0%
  06:26:30  [入睡] 规律度=0.87 呼吸率= 15.0/分 体动=0.000  音量=0% 灯=0%
  06:26:35  [入睡] 规律度=0.86 呼吸率= 15.0/分 体动=0.000  音量=0% 灯=0%
  06:26:40  [入睡] 规律度=0.86 呼吸率= 15.0/分 体动=0.000  音量=0% 灯=0%
  06:26:45  [入睡] 规律度=0.87 呼吸率= 15.0/分 体动=0.000  音量=0% 灯=0%
  06:26:50  [入睡] 规律度=0.86 呼吸率= 15.0/分 体动=0.000  音量=0% 灯=0%
  06:26:55  [入睡] 规律度=0.87 呼吸率= 15.0/分 体动=0.000  音量=0% 灯=0%
  06:27:00  [入睡] 规律度=0.86 呼吸率= 15.0/分 体动=0.000  音量=0% 灯=0%
  06:27:05  [入睡] 规律度=0.86 呼吸率= 15.0/分 体动=0.000  音量=0% 灯=0%
  06:27:10  [入睡] 规律度=0.87 呼吸率= 15.0/分 体动=0.000  音量=0% 灯=0%
  06:27:15  [入睡] 规律度=0.86 呼吸率= 15.0/分 体动=0.000  音量=0% 灯=0%
  06:27:20  [入睡] 规律度=0.86 呼吸率= 15.0/分 体动=0.000  音量=0% 灯=0%
  06:27:25  [入睡] 规律度=0.87 呼吸率= 15.0/分 体动=0.000  音量=0% 灯=0%
  06:27:30  [入睡] 规律度=0.86 呼吸率= 15.0/分 体动=0.000  音量=0% 灯=0%
  06:27:35  [入睡] 规律度=0.86 呼吸率= 15.0/分 体动=0.000  音量=0% 灯=0%
  06:27:40  [入睡] 规律度=0.86 呼吸率= 15.0/分 体动=0.000  音量=0% 灯=0%
  06:27:45  [入睡] 规律度=0.87 呼吸率= 15.0/分 体动=0.000  音量=0% 灯=0%
  06:27:50  [入睡] 规律度=0.87 呼吸率= 15.0/分 体动=0.000  音量=0% 灯=0%
  06:27:55  [入睡] 规律度=0.86 呼吸率= 15.0/分 体动=0.000  音量=0% 灯=0%
  06:28:00  [入睡] 规律度=0.87 呼吸率= 15.0/分 体动=0.000  音量=0% 灯=0%
  06:28:05  [入睡] 规律度=0.86 呼吸率= 15.0/分 体动=0.000  音量=0% 灯=0%
  06:28:10  [入睡] 规律度=0.87 呼吸率= 15.0/分 体动=0.000  音量=0% 灯=0%
  06:28:15  [入睡] 规律度=0.86 呼吸率= 15.0/分 体动=0.000  音量=0% 灯=0%
  06:28:20  [入睡] 规律度=0.86 呼吸率= 15.0/分 体动=0.000  音量=0% 灯=0%
  06:28:25  [入睡] 规律度=0.87 呼吸率= 15.0/分 体动=0.000  音量=0% 灯=0%
  06:28:30  [入睡] 规律度=0.86 呼吸率= 15.0/分 体动=0.000  音量=0% 灯=0%
  06:28:35  [入睡] 规律度=0.86 呼吸率= 15.0/分 体动=0.000  音量=0% 灯=0%
  06:28:40  [入睡] 规律度=0.87 呼吸率= 15.0/分 体动=0.000  音量=0% 灯=0%
  06:28:45  [入睡] 规律度=0.86 呼吸率= 15.0/分 体动=0.000  音量=0% 灯=0%
  06:28:50  [入睡] 规律度=0.87 呼吸率= 15.0/分 体动=0.000  音量=0% 灯=0%
  06:28:55  [入睡] 规律度=0.87 呼吸率= 15.0/分 体动=0.000  音量=0% 灯=0%
  06:29:00  [入睡] 规律度=0.86 呼吸率= 15.0/分 体动=0.000  音量=0% 灯=0%
  06:29:05  [入睡] 规律度=0.86 呼吸率= 15.0/分 体动=0.000  音量=0% 灯=0%
  06:29:10  [入睡] 规律度=0.86 呼吸率= 15.0/分 体动=0.000  音量=0% 灯=0%
  06:29:15  [入睡] 规律度=0.86 呼吸率= 15.0/分 体动=0.000  音量=0% 灯=0%
  06:29:20  [入睡] 规律度=0.86 呼吸率= 15.0/分 体动=0.000  音量=0% 灯=0%
  06:29:25  [入睡] 规律度=0.87 呼吸率= 15.0/分 体动=0.000  音量=0% 灯=0%
  06:29:30  [入睡] 规律度=0.86 呼吸率= 15.0/分 体动=0.000  音量=0% 灯=0%
  06:29:35  [入睡] 规律度=0.87 呼吸率= 15.0/分 体动=0.000  音量=0% 灯=0%
  06:29:40  [入睡] 规律度=0.86 呼吸率= 15.0/分 体动=0.000  音量=0% 灯=0%
  06:29:45  [入睡] 规律度=0.87 呼吸率= 15.0/分 体动=0.000  音量=0% 灯=0%
  06:29:50  [入睡] 规律度=0.86 呼吸率= 15.0/分 体动=0.000  音量=0% 灯=0%
  06:29:55  [入睡] 规律度=0.86 呼吸率= 15.0/分 体动=0.000  音量=0% 灯=0%
[06:30:00] ← Agent 关灯
  06:30:00  [入睡] 规律度=0.86 呼吸率= 15.0/分 体动=0.000  音量=0% 灯=0%
  06:30:05  [入睡] 规律度=0.86 呼吸率= 15.0/分 体动=0.000  音量=0% 灯=0%
  06:30:10  [入睡] 规律度=0.87 呼吸率= 15.0/分 体动=0.000  音量=0% 灯=0%
  06:30:15  [入睡] 规律度=0.87 呼吸率= 15.0/分 体动=0.000  音量=0% 灯=0%
[link] ↑ 上报入睡判定：已入睡 置信=100%  呼吸=15次/分
  06:30:20  [入睡] 规律度=0.86 呼吸率= 15.0/分 体动=0.000  音量=0% 灯=0%
  06:30:25  [入睡] 规律度=0.86 呼吸率= 15.0/分 体动=0.000  音量=0% 灯=0%
  06:30:30  [入睡] 规律度=0.87 呼吸率= 15.0/分 体动=0.000  音量=0% 灯=0%
  06:30:35  [入睡] 规律度=0.86 呼吸率= 15.0/分 体动=0.000  音量=0% 灯=0%
  06:30:40  [入睡] 规律度=0.87 呼吸率= 15.0/分 体动=0.000  音量=0% 灯=0%
  06:30:45  [入睡] 规律度=0.86 呼吸率= 15.0/分 体动=0.000  音量=0% 灯=0%
  06:30:50  [入睡] 规律度=0.87 呼吸率= 15.0/分 体动=0.000  音量=0% 灯=0%
  06:30:55  [入睡] 规律度=0.86 呼吸率= 15.0/分 体动=0.000  音量=0% 灯=0%
  06:31:00  [入睡] 规律度=0.86 呼吸率= 15.0/分 体动=0.000  音量=0% 灯=0%
  06:31:05  [入睡] 规律度=0.86 呼吸率= 15.0/分 体动=0.000  音量=0% 灯=0%
  06:31:10  [入睡] 规律度=0.86 呼吸率= 15.0/分 体动=0.000  音量=0% 灯=0%
  06:31:15  [入睡] 规律度=0.87 呼吸率= 15.0/分 体动=0.000  音量=0% 灯=0%
  06:31:20  [入睡] 规律度=0.86 呼吸率= 15.0/分 体动=0.000  音量=0% 灯=0%
  06:31:25  [入睡] 规律度=0.86 呼吸率= 15.0/分 体动=0.000  音量=0% 灯=0%
  06:31:30  [入睡] 规律度=0.86 呼吸率= 15.0/分 体动=0.000  音量=0% 灯=0%
  06:31:35  [入睡] 规律度=0.86 呼吸率= 15.0/分 体动=0.000  音量=0% 灯=0%
  06:31:40  [入睡] 规律度=0.87 呼吸率= 15.0/分 体动=0.000  音量=0% 灯=0%
  06:31:45  [入睡] 规律度=0.87 呼吸率= 15.0/分 体动=0.000  音量=0% 灯=0%
  06:31:50  [入睡] 规律度=0.86 呼吸率= 15.0/分 体动=0.000  音量=0% 灯=0%
  06:31:55  [入睡] 规律度=0.86 呼吸率= 15.0/分 体动=0.000  音量=0% 灯=0%
  06:32:00  [入睡] 规律度=0.86 呼吸率= 15.0/分 体动=0.000  音量=0% 灯=0%
  06:32:05  [入睡] 规律度=0.86 呼吸率= 15.0/分 体动=0.000  音量=0% 灯=0%
  06:32:10  [入睡] 规律度=0.87 呼吸率= 15.0/分 体动=0.000  音量=0% 灯=0%
  06:32:15  [入睡] 规律度=0.87 呼吸率= 15.0/分 体动=0.000  音量=0% 灯=0%
  06:32:20  [入睡] 规律度=0.86 呼吸率= 15.0/分 体动=0.000  音量=0% 灯=0%
  06:32:25  [入睡] 规律度=0.87 呼吸率= 15.0/分 体动=0.000  音量=0% 灯=0%
  06:32:30  [入睡] 规律度=0.86 呼吸率= 15.0/分 体动=0.000  音量=0% 灯=0%
  06:32:35  [入睡] 规律度=0.87 呼吸率= 15.0/分 体动=0.000  音量=0% 灯=0%
  06:32:40  [入睡] 规律度=0.86 呼吸率= 15.0/分 体动=0.000  音量=0% 灯=0%
  06:32:45  [入睡] 规律度=0.86 呼吸率= 15.0/分 体动=0.000  音量=0% 灯=0%
  06:32:50  [入睡] 规律度=0.86 呼吸率= 15.0/分 体动=0.000  音量=0% 灯=0%
  06:32:55  [入睡] 规律度=0.87 呼吸率= 15.0/分 体动=0.000  音量=0% 灯=0%
  06:33:00  [入睡] 规律度=0.87 呼吸率= 15.0/分 体动=0.000  音量=0% 灯=0%
  06:33:05  [入睡] 规律度=0.86 呼吸率= 15.0/分 体动=0.000  音量=0% 灯=0%
  06:33:10  [入睡] 规律度=0.86 呼吸率= 15.0/分 体动=0.000  音量=0% 灯=0%
  06:33:15  [入睡] 规律度=0.87 呼吸率= 15.0/分 体动=0.000  音量=0% 灯=0%
  06:33:20  [入睡] 规律度=0.87 呼吸率= 15.0/分 体动=0.000  音量=0% 灯=0%
  06:33:25  [入睡] 规律度=0.86 呼吸率= 15.0/分 体动=0.000  音量=0% 灯=0%
  06:33:30  [入睡] 规律度=0.86 呼吸率= 15.0/分 体动=0.000  音量=0% 灯=0%
  06:33:35  [入睡] 规律度=0.86 呼吸率= 15.0/分 体动=0.000  音量=0% 灯=0%
  06:33:40  [入睡] 规律度=0.87 呼吸率= 15.0/分 体动=0.000  音量=0% 灯=0%
  06:33:45  [入睡] 规律度=0.86 呼吸率= 15.0/分 体动=0.000  音量=0% 灯=0%
  06:33:50  [入睡] 规律度=0.87 呼吸率= 15.0/分 体动=0.000  音量=0% 灯=0%
  06:33:55  [入睡] 规律度=0.86 呼吸率= 15.0/分 体动=0.000  音量=0% 灯=0%
  06:34:00  [入睡] 规律度=0.87 呼吸率= 15.0/分 体动=0.000  音量=0% 灯=0%
  06:34:05  [入睡] 规律度=0.86 呼吸率= 15.0/分 体动=0.000  音量=0% 灯=0%
  06:34:10  [入睡] 规律度=0.86 呼吸率= 15.0/分 体动=0.000  音量=0% 灯=0%
  06:34:15  [入睡] 规律度=0.86 呼吸率= 15.0/分 体动=0.000  音量=0% 灯=0%
  06:34:20  [入睡] 规律度=0.86 呼吸率= 15.0/分 体动=0.000  音量=0% 灯=0%
  06:34:25  [入睡] 规律度=0.87 呼吸率= 15.0/分 体动=0.000  音量=0% 灯=0%
  06:34:30  [入睡] 规律度=0.86 呼吸率= 15.0/分 体动=0.000  音量=0% 灯=0%
  06:34:35  [入睡] 规律度=0.87 呼吸率= 15.0/分 体动=0.000  音量=0% 灯=0%
  06:34:40  [入睡] 规律度=0.86 呼吸率= 15.0/分 体动=0.000  音量=0% 灯=0%
  06:34:45  [入睡] 规律度=0.86 呼吸率= 15.0/分 体动=0.000  音量=0% 灯=0%
  06:34:50  [入睡] 规律度=0.87 呼吸率= 15.0/分 体动=0.000  音量=0% 灯=0%
  06:34:55  [入睡] 规律度=0.87 呼吸率= 15.0/分 体动=0.000  音量=0% 灯=0%
  06:35:00  [入睡] 规律度=0.86 呼吸率= 15.0/分 体动=0.000  音量=0% 灯=0%
  06:35:05  [入睡] 规律度=0.86 呼吸率= 15.0/分 体动=0.000  音量=0% 灯=0%
  06:35:10  [入睡] 规律度=0.87 呼吸率= 15.0/分 体动=0.000  音量=0% 灯=0%
  06:35:15  [入睡] 规律度=0.87 呼吸率= 15.0/分 体动=0.000  音量=0% 灯=0%
[link] ↑ 上报入睡判定：已入睡 置信=100%  呼吸=15次/分
  06:35:20  [入睡] 规律度=0.87 呼吸率= 15.0/分 体动=0.000  音量=0% 灯=0%
  06:35:25  [入睡] 规律度=0.87 呼吸率= 15.0/分 体动=0.000  音量=0% 灯=0%
  06:35:30  [入睡] 规律度=0.86 呼吸率= 15.0/分 体动=0.000  音量=0% 灯=0%
  06:35:35  [入睡] 规律度=0.86 呼吸率= 15.0/分 体动=0.000  音量=0% 灯=0%
  06:35:40  [入睡] 规律度=0.86 呼吸率= 15.0/分 体动=0.000  音量=0% 灯=0%
  06:35:45  [入睡] 规律度=0.86 呼吸率= 15.0/分 体动=0.000  音量=0% 灯=0%
  06:35:50  [入睡] 规律度=0.87 呼吸率= 15.0/分 体动=0.000  音量=0% 灯=0%
  06:35:55  [入睡] 规律度=0.86 呼吸率= 15.0/分 体动=0.000  音量=0% 灯=0%
  06:36:00  [入睡] 规律度=0.86 呼吸率= 15.0/分 体动=0.000  音量=0% 灯=0%
  06:36:05  [入睡] 规律度=0.87 呼吸率= 15.0/分 体动=0.000  音量=0% 灯=0%
  06:36:10  [入睡] 规律度=0.87 呼吸率= 15.0/分 体动=0.000  音量=0% 灯=0%
  06:36:15  [入睡] 规律度=0.86 呼吸率= 15.0/分 体动=0.000  音量=0% 灯=0%
  06:36:20  [入睡] 规律度=0.86 呼吸率= 15.0/分 体动=0.000  音量=0% 灯=0%
  06:36:25  [入睡] 规律度=0.87 呼吸率= 15.0/分 体动=0.000  音量=0% 灯=0%
  06:36:30  [入睡] 规律度=0.87 呼吸率= 15.0/分 体动=0.000  音量=0% 灯=0%
  06:36:35  [入睡] 规律度=0.86 呼吸率= 15.0/分 体动=0.000  音量=0% 灯=0%
  06:36:40  [入睡] 规律度=0.86 呼吸率= 15.0/分 体动=0.000  音量=0% 灯=0%
  06:36:45  [入睡] 规律度=0.86 呼吸率= 15.0/分 体动=0.000  音量=0% 灯=0%
  06:36:50  [入睡] 规律度=0.87 呼吸率= 15.0/分 体动=0.000  音量=0% 灯=0%
  06:36:55  [入睡] 规律度=0.86 呼吸率= 15.0/分 体动=0.000  音量=0% 灯=0%
  06:37:00  [入睡] 规律度=0.86 呼吸率= 15.0/分 体动=0.000  音量=0% 灯=0%
  06:37:05  [入睡] 规律度=0.86 呼吸率= 15.0/分 体动=0.000  音量=0% 灯=0%
  06:37:10  [入睡] 规律度=0.86 呼吸率= 15.0/分 体动=0.000  音量=0% 灯=0%
  06:37:15  [入睡] 规律度=0.86 呼吸率= 15.0/分 体动=0.000  音量=0% 灯=0%
  06:37:20  [入睡] 规律度=0.86 呼吸率= 15.0/分 体动=0.000  音量=0% 灯=0%
  06:37:25  [入睡] 规律度=0.87 呼吸率= 15.0/分 体动=0.000  音量=0% 灯=0%
  06:37:30  [入睡] 规律度=0.86 呼吸率= 15.0/分 体动=0.000  音量=0% 灯=0%
  06:37:35  [入睡] 规律度=0.86 呼吸率= 15.0/分 体动=0.000  音量=0% 灯=0%
  06:37:40  [入睡] 规律度=0.86 呼吸率= 15.0/分 体动=0.000  音量=0% 灯=0%
  06:37:45  [入睡] 规律度=0.86 呼吸率= 15.0/分 体动=0.000  音量=0% 灯=0%
  06:37:50  [入睡] 规律度=0.87 呼吸率= 15.0/分 体动=0.000  音量=0% 灯=0%
  06:37:55  [入睡] 规律度=0.87 呼吸率= 15.0/分 体动=0.000  音量=0% 灯=0%
  06:38:00  [入睡] 规律度=0.87 呼吸率= 15.0/分 体动=0.000  音量=0% 灯=0%
  06:38:05  [入睡] 规律度=0.87 呼吸率= 15.0/分 体动=0.000  音量=0% 灯=0%
  06:38:10  [入睡] 规律度=0.86 呼吸率= 15.0/分 体动=0.000  音量=0% 灯=0%
  06:38:15  [入睡] 规律度=0.87 呼吸率= 15.0/分 体动=0.000  音量=0% 灯=0%
  06:38:20  [入睡] 规律度=0.86 呼吸率= 15.0/分 体动=0.000  音量=0% 灯=0%
  06:38:25  [入睡] 规律度=0.86 呼吸率= 15.0/分 体动=0.000  音量=0% 灯=0%
  06:38:30  [入睡] 规律度=0.86 呼吸率= 15.0/分 体动=0.000  音量=0% 灯=0%
  06:38:35  [入睡] 规律度=0.87 呼吸率= 15.0/分 体动=0.000  音量=0% 灯=0%
  06:38:40  [入睡] 规律度=0.87 呼吸率= 15.0/分 体动=0.000  音量=0% 灯=0%
  06:38:45  [入睡] 规律度=0.87 呼吸率= 15.0/分 体动=0.000  音量=0% 灯=0%
  06:38:50  [入睡] 规律度=0.87 呼吸率= 15.0/分 体动=0.000  音量=0% 灯=0%
  06:38:55  [入睡] 规律度=0.86 呼吸率= 15.0/分 体动=0.000  音量=0% 灯=0%
  06:39:00  [入睡] 规律度=0.86 呼吸率= 15.0/分 体动=0.000  音量=0% 灯=0%
  06:39:05  [入睡] 规律度=0.86 呼吸率= 15.0/分 体动=0.000  音量=0% 灯=0%
  06:39:10  [入睡] 规律度=0.86 呼吸率= 15.0/分 体动=0.000  音量=0% 灯=0%
  06:39:15  [入睡] 规律度=0.87 呼吸率= 15.0/分 体动=0.000  音量=0% 灯=0%
  06:39:20  [入睡] 规律度=0.86 呼吸率= 15.0/分 体动=0.000  音量=0% 灯=0%
  06:39:25  [入睡] 规律度=0.86 呼吸率= 15.0/分 体动=0.000  音量=0% 灯=0%
  06:39:30  [入睡] 规律度=0.86 呼吸率= 15.0/分 体动=0.000  音量=0% 灯=0%
  06:39:35  [入睡] 规律度=0.87 呼吸率= 15.0/分 体动=0.000  音量=0% 灯=0%
  06:39:40  [入睡] 规律度=0.86 呼吸率= 15.0/分 体动=0.000  音量=0% 灯=0%
  06:39:45  [入睡] 规律度=0.86 呼吸率= 15.0/分 体动=0.000  音量=0% 灯=0%
  06:39:50  [入睡] 规律度=0.86 呼吸率= 15.0/分 体动=0.000  音量=0% 灯=0%
  06:39:55  [入睡] 规律度=0.86 呼吸率= 15.0/分 体动=0.000  音量=0% 灯=0%
  06:40:00  [入睡] 规律度=0.87 呼吸率= 15.0/分 体动=0.000  音量=0% 灯=0%
  06:40:05  [入睡] 规律度=0.86 呼吸率= 15.0/分 体动=0.000  音量=0% 灯=0%
  06:40:10  [入睡] 规律度=0.86 呼吸率= 15.0/分 体动=0.000  音量=0% 灯=0%
  06:40:15  [入睡] 规律度=0.87 呼吸率= 15.0/分 体动=0.000  音量=0% 灯=0%
[link] ↑ 上报入睡判定：已入睡 置信=100%  呼吸=15次/分
  06:40:20  [入睡] 规律度=0.86 呼吸率= 15.0/分 体动=0.000  音量=0% 灯=0%
  06:40:25  [入睡] 规律度=0.87 呼吸率= 15.0/分 体动=0.000  音量=0% 灯=0%
  06:40:30  [入睡] 规律度=0.86 呼吸率= 15.0/分 体动=0.000  音量=0% 灯=0%
  06:40:35  [入睡] 规律度=0.87 呼吸率= 15.0/分 体动=0.000  音量=0% 灯=0%
  06:40:40  [入睡] 规律度=0.87 呼吸率= 15.0/分 体动=0.000  音量=0% 灯=0%
  06:40:45  [入睡] 规律度=0.86 呼吸率= 15.0/分 体动=0.000  音量=0% 灯=0%
  06:40:50  [入睡] 规律度=0.87 呼吸率= 15.0/分 体动=0.000  音量=0% 灯=0%
  06:40:55  [入睡] 规律度=0.86 呼吸率= 15.0/分 体动=0.000  音量=0% 灯=0%
  06:41:00  [入睡] 规律度=0.87 呼吸率= 15.0/分 体动=0.000  音量=0% 灯=0%
  06:41:05  [入睡] 规律度=0.87 呼吸率= 15.0/分 体动=0.000  音量=0% 灯=0%
  06:41:10  [入睡] 规律度=0.86 呼吸率= 15.0/分 体动=0.000  音量=0% 灯=0%
  06:41:15  [入睡] 规律度=0.86 呼吸率= 15.0/分 体动=0.000  音量=0% 灯=0%
  06:41:20  [入睡] 规律度=0.87 呼吸率= 15.0/分 体动=0.000  音量=0% 灯=0%
  06:41:25  [入睡] 规律度=0.87 呼吸率= 15.0/分 体动=0.000  音量=0% 灯=0%
  06:41:30  [入睡] 规律度=0.86 呼吸率= 15.0/分 体动=0.000  音量=0% 灯=0%
  06:41:35  [入睡] 规律度=0.86 呼吸率= 15.0/分 体动=0.000  音量=0% 灯=0%
  06:41:40  [入睡] 规律度=0.87 呼吸率= 15.0/分 体动=0.000  音量=0% 灯=0%
  06:41:45  [入睡] 规律度=0.86 呼吸率= 15.0/分 体动=0.000  音量=0% 灯=0%
  06:41:50  [入睡] 规律度=0.86 呼吸率= 15.0/分 体动=0.000  音量=0% 灯=0%
  06:41:55  [入睡] 规律度=0.86 呼吸率= 15.0/分 体动=0.000  音量=0% 灯=0%
  06:42:00  [入睡] 规律度=0.87 呼吸率= 15.0/分 体动=0.000  音量=0% 灯=0%
  06:42:05  [入睡] 规律度=0.87 呼吸率= 15.0/分 体动=0.000  音量=0% 灯=0%
  06:42:10  [入睡] 规律度=0.87 呼吸率= 15.0/分 体动=0.000  音量=0% 灯=0%
  06:42:15  [入睡] 规律度=0.87 呼吸率= 15.0/分 体动=0.000  音量=0% 灯=0%
  06:42:20  [入睡] 规律度=0.86 呼吸率= 15.0/分 体动=0.000  音量=0% 灯=0%
  06:42:25  [入睡] 规律度=0.86 呼吸率= 15.0/分 体动=0.000  音量=0% 灯=0%
  06:42:30  [入睡] 规律度=0.86 呼吸率= 15.0/分 体动=0.000  音量=0% 灯=0%
  06:42:35  [入睡] 规律度=0.87 呼吸率= 15.0/分 体动=0.000  音量=0% 灯=0%
  06:42:40  [入睡] 规律度=0.87 呼吸率= 15.0/分 体动=0.000  音量=0% 灯=0%
  06:42:45  [入睡] 规律度=0.86 呼吸率= 15.0/分 体动=0.000  音量=0% 灯=0%
  06:42:50  [入睡] 规律度=0.86 呼吸率= 15.0/分 体动=0.000  音量=0% 灯=0%
  06:42:55  [入睡] 规律度=0.86 呼吸率= 15.0/分 体动=0.000  音量=0% 灯=0%
  06:43:00  [入睡] 规律度=0.87 呼吸率= 15.0/分 体动=0.000  音量=0% 灯=0%
  06:43:05  [入睡] 规律度=0.87 呼吸率= 15.0/分 体动=0.000  音量=0% 灯=0%
  06:43:10  [入睡] 规律度=0.86 呼吸率= 15.0/分 体动=0.000  音量=0% 灯=0%
  06:43:15  [入睡] 规律度=0.86 呼吸率= 15.0/分 体动=0.000  音量=0% 灯=0%
  06:43:20  [入睡] 规律度=0.87 呼吸率= 15.0/分 体动=0.000  音量=0% 灯=0%
  06:43:25  [入睡] 规律度=0.87 呼吸率= 15.0/分 体动=0.000  音量=0% 灯=0%
  06:43:30  [入睡] 规律度=0.87 呼吸率= 15.0/分 体动=0.000  音量=0% 灯=0%
  06:43:35  [入睡] 规律度=0.86 呼吸率= 15.0/分 体动=0.000  音量=0% 灯=0%
  06:43:40  [入睡] 规律度=0.87 呼吸率= 15.0/分 体动=0.000  音量=0% 灯=0%
  06:43:45  [入睡] 规律度=0.86 呼吸率= 15.0/分 体动=0.000  音量=0% 灯=0%
  06:43:50  [入睡] 规律度=0.86 呼吸率= 15.0/分 体动=0.000  音量=0% 灯=0%
  06:43:55  [入睡] 规律度=0.86 呼吸率= 15.0/分 体动=0.000  音量=0% 灯=0%
  06:44:00  [入睡] 规律度=0.86 呼吸率= 15.0/分 体动=0.000  音量=0% 灯=0%
  06:44:05  [入睡] 规律度=0.87 呼吸率= 15.0/分 体动=0.000  音量=0% 灯=0%
  06:44:10  [入睡] 规律度=0.87 呼吸率= 15.0/分 体动=0.000  音量=0% 灯=0%
  06:44:15  [入睡] 规律度=0.87 呼吸率= 15.0/分 体动=0.000  音量=0% 灯=0%
  06:44:20  [入睡] 规律度=0.87 呼吸率= 15.0/分 体动=0.000  音量=0% 灯=0%
  06:44:25  [入睡] 规律度=0.86 呼吸率= 15.0/分 体动=0.000  音量=0% 灯=0%
  06:44:30  [入睡] 规律度=0.86 呼吸率= 15.0/分 体动=0.000  音量=0% 灯=0%
  06:44:35  [入睡] 规律度=0.86 呼吸率= 15.0/分 体动=0.000  音量=0% 灯=0%
  06:44:40  [入睡] 规律度=0.87 呼吸率= 15.0/分 体动=0.000  音量=0% 灯=0%
  06:44:45  [入睡] 规律度=0.86 呼吸率= 15.0/分 体动=0.000  音量=0% 灯=0%
  06:44:50  [入睡] 规律度=0.86 呼吸率= 15.0/分 体动=0.000  音量=0% 灯=0%
  06:44:55  [入睡] 规律度=0.86 呼吸率= 15.0/分 体动=0.000  音量=0% 灯=0%
  06:45:00  [入睡] 规律度=0.86 呼吸率= 15.0/分 体动=0.000  音量=0% 灯=0%
  06:45:05  [入睡] 规律度=0.86 呼吸率= 15.0/分 体动=0.000  音量=0% 灯=0%
  06:45:10  [入睡] 规律度=0.87 呼吸率= 15.0/分 体动=0.000  音量=0% 灯=0%
  06:45:15  [入睡] 规律度=0.87 呼吸率= 15.0/分 体动=0.000  音量=0% 灯=0%
[link] ↑ 上报入睡判定：已入睡 置信=100%  呼吸=15次/分
  06:45:20  [入睡] 规律度=0.87 呼吸率= 15.0/分 体动=0.000  音量=0% 灯=0%
  06:45:25  [入睡] 规律度=0.86 呼吸率= 15.0/分 体动=0.000  音量=0% 灯=0%
  06:45:30  [入睡] 规律度=0.86 呼吸率= 15.0/分 体动=0.000  音量=0% 灯=0%
  06:45:35  [入睡] 规律度=0.87 呼吸率= 15.0/分 体动=0.000  音量=0% 灯=0%
  06:45:40  [入睡] 规律度=0.86 呼吸率= 15.0/分 体动=0.000  音量=0% 灯=0%
  06:45:45  [入睡] 规律度=0.87 呼吸率= 15.0/分 体动=0.000  音量=0% 灯=0%
  06:45:50  [入睡] 规律度=0.87 呼吸率= 15.0/分 体动=0.000  音量=0% 灯=0%
  06:45:55  [入睡] 规律度=0.86 呼吸率= 15.0/分 体动=0.000  音量=0% 灯=0%
  06:46:00  [入睡] 规律度=0.87 呼吸率= 15.0/分 体动=0.000  音量=0% 灯=0%
  06:46:05  [入睡] 规律度=0.86 呼吸率= 15.0/分 体动=0.000  音量=0% 灯=0%
  06:46:10  [入睡] 规律度=0.86 呼吸率= 15.0/分 体动=0.000  音量=0% 灯=0%
  06:46:15  [入睡] 规律度=0.86 呼吸率= 15.0/分 体动=0.000  音量=0% 灯=0%
  06:46:20  [入睡] 规律度=0.86 呼吸率= 15.0/分 体动=0.000  音量=0% 灯=0%
  06:46:25  [入睡] 规律度=0.86 呼吸率= 15.0/分 体动=0.000  音量=0% 灯=0%
  06:46:30  [入睡] 规律度=0.86 呼吸率= 15.0/分 体动=0.000  音量=0% 灯=0%
  06:46:35  [入睡] 规律度=0.87 呼吸率= 15.0/分 体动=0.000  音量=0% 灯=0%
  06:46:40  [入睡] 规律度=0.86 呼吸率= 15.0/分 体动=0.000  音量=0% 灯=0%
  06:46:45  [入睡] 规律度=0.86 呼吸率= 15.0/分 体动=0.000  音量=0% 灯=0%
  06:46:50  [入睡] 规律度=0.86 呼吸率= 15.0/分 体动=0.000  音量=0% 灯=0%
  06:46:55  [入睡] 规律度=0.86 呼吸率= 15.0/分 体动=0.000  音量=0% 灯=0%
  06:47:00  [入睡] 规律度=0.87 呼吸率= 15.0/分 体动=0.000  音量=0% 灯=0%
  06:47:05  [入睡] 规律度=0.86 呼吸率= 15.0/分 体动=0.000  音量=0% 灯=0%
  06:47:10  [入睡] 规律度=0.87 呼吸率= 15.0/分 体动=0.000  音量=0% 灯=0%
  06:47:15  [入睡] 规律度=0.87 呼吸率= 15.0/分 体动=0.000  音量=0% 灯=0%
  06:47:20  [入睡] 规律度=0.87 呼吸率= 15.0/分 体动=0.000  音量=0% 灯=0%
  06:47:25  [入睡] 规律度=0.86 呼吸率= 15.0/分 体动=0.000  音量=0% 灯=0%
  06:47:30  [入睡] 规律度=0.86 呼吸率= 15.0/分 体动=0.000  音量=0% 灯=0%
  06:47:35  [入睡] 规律度=0.86 呼吸率= 15.0/分 体动=0.000  音量=0% 灯=0%
  06:47:40  [入睡] 规律度=0.86 呼吸率= 15.0/分 体动=0.000  音量=0% 灯=0%
  06:47:45  [入睡] 规律度=0.87 呼吸率= 15.0/分 体动=0.000  音量=0% 灯=0%
  06:47:50  [入睡] 规律度=0.86 呼吸率= 15.0/分 体动=0.000  音量=0% 灯=0%
  06:47:55  [入睡] 规律度=0.86 呼吸率= 15.0/分 体动=0.000  音量=0% 灯=0%
  06:48:00  [入睡] 规律度=0.86 呼吸率= 15.0/分 体动=0.000  音量=0% 灯=0%
  06:48:05  [入睡] 规律度=0.87 呼吸率= 15.0/分 体动=0.000  音量=0% 灯=0%
  06:48:10  [入睡] 规律度=0.87 呼吸率= 15.0/分 体动=0.000  音量=0% 灯=0%
  06:48:15  [入睡] 规律度=0.86 呼吸率= 15.0/分 体动=0.000  音量=0% 灯=0%
  06:48:20  [入睡] 规律度=0.86 呼吸率= 15.0/分 体动=0.000  音量=0% 灯=0%
  06:48:25  [入睡] 规律度=0.86 呼吸率= 15.0/分 体动=0.000  音量=0% 灯=0%
  06:48:30  [入睡] 规律度=0.86 呼吸率= 15.0/分 体动=0.000  音量=0% 灯=0%
  06:48:35  [入睡] 规律度=0.87 呼吸率= 15.0/分 体动=0.000  音量=0% 灯=0%
  06:48:40  [入睡] 规律度=0.86 呼吸率= 15.0/分 体动=0.000  音量=0% 灯=0%
  06:48:45  [入睡] 规律度=0.87 呼吸率= 15.0/分 体动=0.000  音量=0% 灯=0%
  06:48:50  [入睡] 规律度=0.86 呼吸率= 15.0/分 体动=0.000  音量=0% 灯=0%
  06:48:55  [入睡] 规律度=0.87 呼吸率= 15.0/分 体动=0.000  音量=0% 灯=0%
  06:49:00  [入睡] 规律度=0.87 呼吸率= 15.0/分 体动=0.000  音量=0% 灯=0%
  06:49:05  [入睡] 规律度=0.86 呼吸率= 15.0/分 体动=0.000  音量=0% 灯=0%
  06:49:10  [入睡] 规律度=0.86 呼吸率= 15.0/分 体动=0.000  音量=0% 灯=0%
  06:49:15  [入睡] 规律度=0.86 呼吸率= 15.0/分 体动=0.000  音量=0% 灯=0%
  06:49:20  [入睡] 规律度=0.86 呼吸率= 15.0/分 体动=0.000  音量=0% 灯=0%
  06:49:25  [入睡] 规律度=0.86 呼吸率= 15.0/分 体动=0.000  音量=0% 灯=0%
  06:49:30  [入睡] 规律度=0.86 呼吸率= 15.0/分 体动=0.000  音量=0% 灯=0%
  06:49:35  [入睡] 规律度=0.87 呼吸率= 15.0/分 体动=0.000  音量=0% 灯=0%
  06:49:40  [入睡] 规律度=0.87 呼吸率= 15.0/分 体动=0.000  音量=0% 灯=0%
  06:49:45  [入睡] 规律度=0.87 呼吸率= 15.0/分 体动=0.000  音量=0% 灯=0%
  06:49:50  [入睡] 规律度=0.86 呼吸率= 15.0/分 体动=0.000  音量=0% 灯=0%
  06:49:55  [入睡] 规律度=0.86 呼吸率= 15.0/分 体动=0.000  音量=0% 灯=0%
  06:50:00  [入睡] 规律度=0.86 呼吸率= 15.0/分 体动=0.000  音量=0% 灯=0%
  06:50:05  [入睡] 规律度=0.87 呼吸率= 15.0/分 体动=0.000  音量=0% 灯=0%
  06:50:10  [入睡] 规律度=0.87 呼吸率= 15.0/分 体动=0.000  音量=0% 灯=0%
  06:50:15  [入睡] 规律度=0.86 呼吸率= 15.0/分 体动=0.000  音量=0% 灯=0%
[link] ↑ 上报入睡判定：已入睡 置信=100%  呼吸=15次/分
  06:50:20  [入睡] 规律度=0.86 呼吸率= 15.0/分 体动=0.000  音量=0% 灯=0%
  06:50:25  [入睡] 规律度=0.86 呼吸率= 15.0/分 体动=0.000  音量=0% 灯=0%
  06:50:30  [入睡] 规律度=0.86 呼吸率= 15.0/分 体动=0.000  音量=0% 灯=0%
  06:50:35  [入睡] 规律度=0.87 呼吸率= 15.0/分 体动=0.000  音量=0% 灯=0%
  06:50:40  [入睡] 规律度=0.87 呼吸率= 15.0/分 体动=0.000  音量=0% 灯=0%
  06:50:45  [入睡] 规律度=0.86 呼吸率= 15.0/分 体动=0.000  音量=0% 灯=0%
  06:50:50  [入睡] 规律度=0.86 呼吸率= 15.0/分 体动=0.000  音量=0% 灯=0%
  06:50:55  [入睡] 规律度=0.86 呼吸率= 15.0/分 体动=0.000  音量=0% 灯=0%
  06:51:00  [入睡] 规律度=0.86 呼吸率= 15.0/分 体动=0.000  音量=0% 灯=0%
  06:51:05  [入睡] 规律度=0.86 呼吸率= 15.0/分 体动=0.000  音量=0% 灯=0%
  06:51:10  [入睡] 规律度=0.86 呼吸率= 15.0/分 体动=0.000  音量=0% 灯=0%
  06:51:15  [入睡] 规律度=0.87 呼吸率= 15.0/分 体动=0.000  音量=0% 灯=0%
  06:51:20  [入睡] 规律度=0.87 呼吸率= 15.0/分 体动=0.000  音量=0% 灯=0%
  06:51:25  [入睡] 规律度=0.86 呼吸率= 15.0/分 体动=0.000  音量=0% 灯=0%
  06:51:30  [入睡] 规律度=0.86 呼吸率= 15.0/分 体动=0.000  音量=0% 灯=0%
  06:51:35  [入睡] 规律度=0.86 呼吸率= 15.0/分 体动=0.000  音量=0% 灯=0%
  06:51:40  [入睡] 规律度=0.86 呼吸率= 15.0/分 体动=0.000  音量=0% 灯=0%
  06:51:45  [入睡] 规律度=0.86 呼吸率= 15.0/分 体动=0.000  音量=0% 灯=0%
  06:51:50  [入睡] 规律度=0.86 呼吸率= 15.0/分 体动=0.000  音量=0% 灯=0%
  06:51:55  [入睡] 规律度=0.86 呼吸率= 15.0/分 体动=0.000  音量=0% 灯=0%
  06:52:00  [入睡] 规律度=0.87 呼吸率= 15.0/分 体动=0.000  音量=0% 灯=0%
  06:52:05  [入睡] 规律度=0.86 呼吸率= 15.0/分 体动=0.000  音量=0% 灯=0%
  06:52:10  [入睡] 规律度=0.86 呼吸率= 15.0/分 体动=0.000  音量=0% 灯=0%
  06:52:15  [入睡] 规律度=0.87 呼吸率= 15.0/分 体动=0.000  音量=0% 灯=0%
  06:52:20  [入睡] 规律度=0.86 呼吸率= 15.0/分 体动=0.000  音量=0% 灯=0%
  06:52:25  [入睡] 规律度=0.86 呼吸率= 15.0/分 体动=0.000  音量=0% 灯=0%
  06:52:30  [入睡] 规律度=0.86 呼吸率= 15.0/分 体动=0.000  音量=0% 灯=0%
  06:52:35  [入睡] 规律度=0.86 呼吸率= 15.0/分 体动=0.000  音量=0% 灯=0%
  06:52:40  [入睡] 规律度=0.87 呼吸率= 15.0/分 体动=0.000  音量=0% 灯=0%
  06:52:45  [入睡] 规律度=0.87 呼吸率= 15.0/分 体动=0.000  音量=0% 灯=0%
  06:52:50  [入睡] 规律度=0.86 呼吸率= 15.0/分 体动=0.000  音量=0% 灯=0%
  06:52:55  [入睡] 规律度=0.87 呼吸率= 15.0/分 体动=0.000  音量=0% 灯=0%
  06:53:00  [入睡] 规律度=0.86 呼吸率= 15.0/分 体动=0.000  音量=0% 灯=0%
  06:53:05  [入睡] 规律度=0.86 呼吸率= 15.0/分 体动=0.000  音量=0% 灯=0%
  06:53:10  [入睡] 规律度=0.86 呼吸率= 15.0/分 体动=0.000  音量=0% 灯=0%
  06:53:15  [入睡] 规律度=0.86 呼吸率= 15.0/分 体动=0.000  音量=0% 灯=0%
  06:53:20  [入睡] 规律度=0.87 呼吸率= 15.0/分 体动=0.000  音量=0% 灯=0%
  06:53:25  [入睡] 规律度=0.87 呼吸率= 15.0/分 体动=0.000  音量=0% 灯=0%
  06:53:30  [入睡] 规律度=0.86 呼吸率= 15.0/分 体动=0.000  音量=0% 灯=0%
  06:53:35  [入睡] 规律度=0.87 呼吸率= 15.0/分 体动=0.000  音量=0% 灯=0%
  06:53:40  [入睡] 规律度=0.86 呼吸率= 15.0/分 体动=0.000  音量=0% 灯=0%
  06:53:45  [入睡] 规律度=0.86 呼吸率= 15.0/分 体动=0.000  音量=0% 灯=0%
  06:53:50  [入睡] 规律度=0.86 呼吸率= 15.0/分 体动=0.000  音量=0% 灯=0%
  06:53:55  [入睡] 规律度=0.87 呼吸率= 15.0/分 体动=0.000  音量=0% 灯=0%
  06:54:00  [入睡] 规律度=0.87 呼吸率= 15.0/分 体动=0.000  音量=0% 灯=0%
  06:54:05  [入睡] 规律度=0.86 呼吸率= 15.0/分 体动=0.000  音量=0% 灯=0%
  06:54:10  [入睡] 规律度=0.87 呼吸率= 15.0/分 体动=0.000  音量=0% 灯=0%
  06:54:15  [入睡] 规律度=0.87 呼吸率= 15.0/分 体动=0.000  音量=0% 灯=0%
  06:54:20  [入睡] 规律度=0.87 呼吸率= 15.0/分 体动=0.000  音量=0% 灯=0%
  06:54:25  [入睡] 规律度=0.87 呼吸率= 15.0/分 体动=0.000  音量=0% 灯=0%
  06:54:30  [入睡] 规律度=0.86 呼吸率= 15.0/分 体动=0.000  音量=0% 灯=0%
  06:54:35  [入睡] 规律度=0.86 呼吸率= 15.0/分 体动=0.000  音量=0% 灯=0%
  06:54:40  [入睡] 规律度=0.87 呼吸率= 15.0/分 体动=0.000  音量=0% 灯=0%
  06:54:45  [入睡] 规律度=0.87 呼吸率= 15.0/分 体动=0.000  音量=0% 灯=0%
  06:54:50  [入睡] 规律度=0.87 呼吸率= 15.0/分 体动=0.000  音量=0% 灯=0%
  06:54:55  [入睡] 规律度=0.86 呼吸率= 15.0/分 体动=0.000  音量=0% 灯=0%
  06:55:00  [入睡] 规律度=0.86 呼吸率= 15.0/分 体动=0.000  音量=0% 灯=0%
  06:55:05  [入睡] 规律度=0.86 呼吸率= 15.0/分 体动=0.000  音量=0% 灯=0%
  06:55:10  [入睡] 规律度=0.87 呼吸率= 15.0/分 体动=0.000  音量=0% 灯=0%
  06:55:15  [入睡] 规律度=0.86 呼吸率= 15.0/分 体动=0.000  音量=0% 灯=0%
[link] ↑ 上报入睡判定：已入睡 置信=100%  呼吸=15次/分
  06:55:20  [入睡] 规律度=0.87 呼吸率= 15.0/分 体动=0.000  音量=0% 灯=0%
  06:55:25  [入睡] 规律度=0.86 呼吸率= 15.0/分 体动=0.000  音量=0% 灯=0%
  06:55:30  [入睡] 规律度=0.86 呼吸率= 15.0/分 体动=0.000  音量=0% 灯=0%
  06:55:35  [入睡] 规律度=0.87 呼吸率= 15.0/分 体动=0.000  音量=0% 灯=0%
  06:55:40  [入睡] 规律度=0.87 呼吸率= 15.0/分 体动=0.000  音量=0% 灯=0%
  06:55:45  [入睡] 规律度=0.86 呼吸率= 15.0/分 体动=0.000  音量=0% 灯=0%
  06:55:50  [入睡] 规律度=0.86 呼吸率= 15.0/分 体动=0.000  音量=0% 灯=0%
  06:55:55  [入睡] 规律度=0.86 呼吸率= 15.0/分 体动=0.000  音量=0% 灯=0%
  06:56:00  [入睡] 规律度=0.86 呼吸率= 15.0/分 体动=0.000  音量=0% 灯=0%
  06:56:05  [入睡] 规律度=0.87 呼吸率= 15.0/分 体动=0.000  音量=0% 灯=0%
  06:56:10  [入睡] 规律度=0.86 呼吸率= 15.0/分 体动=0.000  音量=0% 灯=0%
  06:56:15  [入睡] 规律度=0.86 呼吸率= 15.0/分 体动=0.000  音量=0% 灯=0%
  06:56:20  [入睡] 规律度=0.87 呼吸率= 15.0/分 体动=0.000  音量=0% 灯=0%
  06:56:25  [入睡] 规律度=0.86 呼吸率= 15.0/分 体动=0.000  音量=0% 灯=0%
  06:56:30  [入睡] 规律度=0.87 呼吸率= 15.0/分 体动=0.000  音量=0% 灯=0%
  06:56:35  [入睡] 规律度=0.86 呼吸率= 15.0/分 体动=0.000  音量=0% 灯=0%
  06:56:40  [入睡] 规律度=0.86 呼吸率= 15.0/分 体动=0.000  音量=0% 灯=0%
  06:56:45  [入睡] 规律度=0.87 呼吸率= 15.0/分 体动=0.000  音量=0% 灯=0%
  06:56:50  [入睡] 规律度=0.86 呼吸率= 15.0/分 体动=0.000  音量=0% 灯=0%
  06:56:55  [入睡] 规律度=0.87 呼吸率= 15.0/分 体动=0.000  音量=0% 灯=0%
  06:57:00  [入睡] 规律度=0.86 呼吸率= 15.0/分 体动=0.000  音量=0% 灯=0%
  06:57:05  [入睡] 规律度=0.86 呼吸率= 15.0/分 体动=0.000  音量=0% 灯=0%
  06:57:10  [入睡] 规律度=0.87 呼吸率= 15.0/分 体动=0.000  音量=0% 灯=0%
  06:57:15  [入睡] 规律度=0.86 呼吸率= 15.0/分 体动=0.000  音量=0% 灯=0%
  06:57:20  [入睡] 规律度=0.86 呼吸率= 15.0/分 体动=0.000  音量=0% 灯=0%
  06:57:25  [入睡] 规律度=0.87 呼吸率= 15.0/分 体动=0.000  音量=0% 灯=0%
  06:57:30  [入睡] 规律度=0.86 呼吸率= 15.0/分 体动=0.000  音量=0% 灯=0%
  06:57:35  [入睡] 规律度=0.87 呼吸率= 15.0/分 体动=0.000  音量=0% 灯=0%
  06:57:40  [入睡] 规律度=0.86 呼吸率= 15.0/分 体动=0.000  音量=0% 灯=0%
  06:57:45  [入睡] 规律度=0.86 呼吸率= 15.0/分 体动=0.000  音量=0% 灯=0%
  06:57:50  [入睡] 规律度=0.87 呼吸率= 15.0/分 体动=0.000  音量=0% 灯=0%
  06:57:55  [入睡] 规律度=0.86 呼吸率= 15.0/分 体动=0.000  音量=0% 灯=0%
  06:58:00  [入睡] 规律度=0.87 呼吸率= 15.0/分 体动=0.000  音量=0% 灯=0%
  06:58:05  [入睡] 规律度=0.87 呼吸率= 15.0/分 体动=0.000  音量=0% 灯=0%
  06:58:10  [入睡] 规律度=0.86 呼吸率= 15.0/分 体动=0.000  音量=0% 灯=0%
  06:58:15  [入睡] 规律度=0.86 呼吸率= 15.0/分 体动=0.000  音量=0% 灯=0%
  06:58:20  [入睡] 规律度=0.87 呼吸率= 15.0/分 体动=0.000  音量=0% 灯=0%
  06:58:25  [入睡] 规律度=0.86 呼吸率= 15.0/分 体动=0.000  音量=0% 灯=0%
  06:58:30  [入睡] 规律度=0.87 呼吸率= 15.0/分 体动=0.000  音量=0% 灯=0%
  06:58:35  [入睡] 规律度=0.86 呼吸率= 15.0/分 体动=0.000  音量=0% 灯=0%
  06:58:40  [入睡] 规律度=0.87 呼吸率= 15.0/分 体动=0.000  音量=0% 灯=0%
  06:58:45  [入睡] 规律度=0.87 呼吸率= 15.0/分 体动=0.000  音量=0% 灯=0%
  06:58:50  [入睡] 规律度=0.87 呼吸率= 15.0/分 体动=0.000  音量=0% 灯=0%
  06:58:55  [入睡] 规律度=0.86 呼吸率= 15.0/分 体动=0.000  音量=0% 灯=0%
  06:59:00  [入睡] 规律度=0.86 呼吸率= 15.0/分 体动=0.000  音量=0% 灯=0%
  06:59:05  [入睡] 规律度=0.86 呼吸率= 15.0/分 体动=0.000  音量=0% 灯=0%
  06:59:10  [入睡] 规律度=0.87 呼吸率= 15.0/分 体动=0.000  音量=0% 灯=0%
  06:59:15  [入睡] 规律度=0.86 呼吸率= 15.0/分 体动=0.000  音量=0% 灯=0%
  06:59:20  [入睡] 规律度=0.86 呼吸率= 15.0/分 体动=0.000  音量=0% 灯=0%
  06:59:25  [入睡] 规律度=0.86 呼吸率= 15.0/分 体动=0.000  音量=0% 灯=0%
  06:59:30  [入睡] 规律度=0.86 呼吸率= 15.0/分 体动=0.000  音量=0% 灯=0%
  06:59:35  [入睡] 规律度=0.87 呼吸率= 15.0/分 体动=0.000  音量=0% 灯=0%
  06:59:40  [入睡] 规律度=0.87 呼吸率= 15.0/分 体动=0.000  音量=0% 灯=0%
  06:59:45  [入睡] 规律度=0.87 呼吸率= 15.0/分 体动=0.000  音量=0% 灯=0%
  06:59:50  [入睡] 规律度=0.87 呼吸率= 15.0/分 体动=0.000  音量=0% 灯=0%
  06:59:55  [入睡] 规律度=0.87 呼吸率= 15.0/分 体动=0.000  音量=0% 灯=0%
[07:00:00] ★ 晨唤：光渐亮 + 一晚记录落盘 + 睡眠简报
  有效记录   : 1 晚
  平均入睡潜伏: 34 秒
  平均睡眠时长: 495 分钟
  平均夜醒    : 1.00 次
  入睡最快手段: 棕噪
[link] ↑ 上报入睡判定：清醒 置信=  0%  呼吸= 0次/分
[ui] 界面状态 → 表盘待机  灯= 10%  音量=  0%  已过=30600s  夜醒=1
  07:00:00  [清醒] 规律度=0.00 呼吸率=  0.0/分 体动=0.000  音量=0% 灯=10%
  07:00:05  [清醒] 规律度=0.00 呼吸率=  0.0/分 体动=0.000  音量=0% 灯=90%
  07:00:10  [清醒] 规律度=0.00 呼吸率=  0.0/分 体动=0.000  音量=0% 灯=29%
  07:00:15  [清醒] 规律度=0.00 呼吸率=  0.0/分 体动=0.000  音量=0% 灯=80%
  07:00:20  [清醒] 规律度=0.00 呼吸率=  0.0/分 体动=0.000  音量=0% 灯=67%
  07:00:25  [清醒] 规律度=0.00 呼吸率=  0.0/分 体动=0.000  音量=0% 灯=25%
  07:00:30  [清醒] 规律度=0.11 呼吸率=  0.0/分 体动=0.000  音量=0% 灯=90%
  07:00:35  [清醒] 规律度=0.10 呼吸率=  0.0/分 体动=0.000  音量=0% 灯=15%
  07:00:40  [清醒] 规律度=0.09 呼吸率=  0.0/分 体动=0.000  音量=0% 灯=90%
  07:00:45  [清醒] 规律度=0.13 呼吸率=  0.0/分 体动=0.000  音量=0% 灯=48%
  07:00:50  [清醒] 规律度=0.16 呼吸率=  0.0/分 体动=0.000  音量=0% 灯=53%
  07:00:55  [清醒] 规律度=0.11 呼吸率=  0.0/分 体动=0.000  音量=0% 灯=83%
  07:01:00  [清醒] 规律度=0.09 呼吸率=  0.0/分 体动=0.000  音量=0% 灯=10%
  07:01:05  [清醒] 规律度=0.12 呼吸率=  0.0/分 体动=0.000  音量=0% 灯=90%
  07:01:10  [清醒] 规律度=0.14 呼吸率=  0.0/分 体动=0.000  音量=0% 灯=29%
  07:01:15  [清醒] 规律度=0.11 呼吸率=  0.0/分 体动=0.000  音量=0% 灯=80%
  07:01:20  [清醒] 规律度=0.12 呼吸率=  0.0/分 体动=0.000  音量=0% 灯=67%
  07:01:25  [清醒] 规律度=0.11 呼吸率=  0.0/分 体动=0.000  音量=0% 灯=25%
  07:01:30  [清醒] 规律度=0.11 呼吸率=  0.0/分 体动=0.000  音量=0% 灯=90%
  07:01:35  [清醒] 规律度=0.14 呼吸率=  0.0/分 体动=0.000  音量=0% 灯=15%
  07:01:40  [清醒] 规律度=0.15 呼吸率=  0.0/分 体动=0.000  音量=0% 灯=90%
  07:01:45  [清醒] 规律度=0.09 呼吸率=  0.0/分 体动=0.000  音量=0% 灯=48%
  07:01:50  [清醒] 规律度=0.09 呼吸率=  0.0/分 体动=0.000  音量=0% 灯=53%
  07:01:55  [清醒] 规律度=0.10 呼吸率=  0.0/分 体动=0.000  音量=0% 灯=83%
  07:02:00  [清醒] 规律度=0.13 呼吸率=  0.0/分 体动=0.000  音量=0% 灯=10%
  07:02:05  [清醒] 规律度=0.14 呼吸率=  0.0/分 体动=0.000  音量=0% 灯=90%
  07:02:10  [清醒] 规律度=0.10 呼吸率=  0.0/分 体动=0.000  音量=0% 灯=29%
  07:02:15  [清醒] 规律度=0.11 呼吸率=  0.0/分 体动=0.000  音量=0% 灯=80%
  07:02:20  [清醒] 规律度=0.10 呼吸率=  0.0/分 体动=0.000  音量=0% 灯=67%
  07:02:25  [清醒] 规律度=0.10 呼吸率=  0.0/分 体动=0.000  音量=0% 灯=25%
  07:02:30  [清醒] 规律度=0.12 呼吸率=  0.0/分 体动=0.000  音量=0% 灯=90%
  07:02:35  [清醒] 规律度=0.12 呼吸率=  0.0/分 体动=0.000  音量=0% 灯=15%
  07:02:40  [清醒] 规律度=0.12 呼吸率=  0.0/分 体动=0.000  音量=0% 灯=90%
  07:02:45  [清醒] 规律度=0.13 呼吸率=  0.0/分 体动=0.000  音量=0% 灯=48%
  07:02:50  [清醒] 规律度=0.09 呼吸率=  0.0/分 体动=0.000  音量=0% 灯=53%
  07:02:55  [清醒] 规律度=0.11 呼吸率=  0.0/分 体动=0.000  音量=0% 灯=83%
  07:03:00  [清醒] 规律度=0.13 呼吸率=  0.0/分 体动=0.000  音量=0% 灯=10%
  07:03:05  [清醒] 规律度=0.13 呼吸率=  0.0/分 体动=0.000  音量=0% 灯=90%
  07:03:10  [清醒] 规律度=0.10 呼吸率=  0.0/分 体动=0.000  音量=0% 灯=29%
  07:03:15  [清醒] 规律度=0.13 呼吸率=  0.0/分 体动=0.000  音量=0% 灯=80%
  07:03:20  [清醒] 规律度=0.14 呼吸率=  0.0/分 体动=0.000  音量=0% 灯=67%
  07:03:25  [清醒] 规律度=0.12 呼吸率=  0.0/分 体动=0.000  音量=0% 灯=25%
  07:03:30  [清醒] 规律度=0.15 呼吸率=  0.0/分 体动=0.000  音量=0% 灯=90%
  07:03:35  [清醒] 规律度=0.15 呼吸率=  0.0/分 体动=0.000  音量=0% 灯=15%
  07:03:40  [清醒] 规律度=0.12 呼吸率=  0.0/分 体动=0.000  音量=0% 灯=90%
  07:03:45  [清醒] 规律度=0.11 呼吸率=  0.0/分 体动=0.000  音量=0% 灯=48%
  07:03:50  [清醒] 规律度=0.14 呼吸率=  0.0/分 体动=0.000  音量=0% 灯=53%
  07:03:55  [清醒] 规律度=0.11 呼吸率=  0.0/分 体动=0.000  音量=0% 灯=83%
  07:04:00  [清醒] 规律度=0.10 呼吸率=  0.0/分 体动=0.000  音量=0% 灯=10%
  07:04:05  [清醒] 规律度=0.12 呼吸率=  0.0/分 体动=0.000  音量=0% 灯=90%
  07:04:10  [清醒] 规律度=0.12 呼吸率=  0.0/分 体动=0.000  音量=0% 灯=29%
  07:04:15  [清醒] 规律度=0.10 呼吸率=  0.0/分 体动=0.000  音量=0% 灯=80%
  07:04:20  [清醒] 规律度=0.11 呼吸率=  0.0/分 体动=0.000  音量=0% 灯=67%
  07:04:25  [清醒] 规律度=0.19 呼吸率=  0.0/分 体动=0.000  音量=0% 灯=25%
  07:04:30  [清醒] 规律度=0.10 呼吸率=  0.0/分 体动=0.000  音量=0% 灯=90%
  07:04:35  [清醒] 规律度=0.10 呼吸率=  0.0/分 体动=0.000  音量=0% 灯=15%
  07:04:40  [清醒] 规律度=0.13 呼吸率=  0.0/分 体动=0.000  音量=0% 灯=90%
  07:04:45  [清醒] 规律度=0.13 呼吸率=  0.0/分 体动=0.000  音量=0% 灯=48%
  07:04:50  [清醒] 规律度=0.10 呼吸率=  0.0/分 体动=0.000  音量=0% 灯=53%
  07:04:55  [清醒] 规律度=0.10 呼吸率=  0.0/分 体动=0.000  音量=0% 灯=83%
[link] ↑ 上报入睡判定：清醒 置信=  0%  呼吸= 0次/分
  07:05:00  [清醒] 规律度=0.14 呼吸率=  0.0/分 体动=0.000  音量=0% 灯=10%
  07:05:05  [清醒] 规律度=0.13 呼吸率=  0.0/分 体动=0.000  音量=0% 灯=90%
  07:05:10  [清醒] 规律度=0.11 呼吸率=  0.0/分 体动=0.000  音量=0% 灯=29%
  07:05:15  [清醒] 规律度=0.14 呼吸率=  0.0/分 体动=0.000  音量=0% 灯=80%
  07:05:20  [清醒] 规律度=0.14 呼吸率=  0.0/分 体动=0.000  音量=0% 灯=67%
  07:05:25  [清醒] 规律度=0.10 呼吸率=  0.0/分 体动=0.000  音量=0% 灯=25%
  07:05:30  [清醒] 规律度=0.10 呼吸率=  0.0/分 体动=0.000  音量=0% 灯=90%
  07:05:35  [清醒] 规律度=0.12 呼吸率=  0.0/分 体动=0.000  音量=0% 灯=15%
  07:05:40  [清醒] 规律度=0.13 呼吸率=  0.0/分 体动=0.000  音量=0% 灯=90%
  07:05:45  [清醒] 规律度=0.14 呼吸率=  0.0/分 体动=0.000  音量=0% 灯=48%
  07:05:50  [清醒] 规律度=0.15 呼吸率=  0.0/分 体动=0.000  音量=0% 灯=53%
  07:05:55  [清醒] 规律度=0.15 呼吸率=  0.0/分 体动=0.000  音量=0% 灯=83%
  07:06:00  [清醒] 规律度=0.12 呼吸率=  0.0/分 体动=0.000  音量=0% 灯=10%
  07:06:05  [清醒] 规律度=0.10 呼吸率=  0.0/分 体动=0.000  音量=0% 灯=90%
  07:06:10  [清醒] 规律度=0.12 呼吸率=  0.0/分 体动=0.000  音量=0% 灯=29%
  07:06:15  [清醒] 规律度=0.11 呼吸率=  0.0/分 体动=0.000  音量=0% 灯=80%
  07:06:20  [清醒] 规律度=0.11 呼吸率=  0.0/分 体动=0.000  音量=0% 灯=67%
  07:06:25  [清醒] 规律度=0.11 呼吸率=  0.0/分 体动=0.000  音量=0% 灯=25%
  07:06:30  [清醒] 规律度=0.15 呼吸率=  0.0/分 体动=0.000  音量=0% 灯=90%
  07:06:35  [清醒] 规律度=0.12 呼吸率=  0.0/分 体动=0.000  音量=0% 灯=15%
  07:06:40  [清醒] 规律度=0.12 呼吸率=  0.0/分 体动=0.000  音量=0% 灯=90%
  07:06:45  [清醒] 规律度=0.12 呼吸率=  0.0/分 体动=0.000  音量=0% 灯=48%
  07:06:50  [清醒] 规律度=0.11 呼吸率=  0.0/分 体动=0.000  音量=0% 灯=53%
  07:06:55  [清醒] 规律度=0.12 呼吸率=  0.0/分 体动=0.000  音量=0% 灯=83%
  07:07:00  [清醒] 规律度=0.13 呼吸率=  0.0/分 体动=0.000  音量=0% 灯=10%
  07:07:05  [清醒] 规律度=0.13 呼吸率=  0.0/分 体动=0.000  音量=0% 灯=90%
  07:07:10  [清醒] 规律度=0.09 呼吸率=  0.0/分 体动=0.000  音量=0% 灯=29%
  07:07:15  [清醒] 规律度=0.12 呼吸率=  0.0/分 体动=0.000  音量=0% 灯=80%
  07:07:20  [清醒] 规律度=0.15 呼吸率=  0.0/分 体动=0.000  音量=0% 灯=67%
  07:07:25  [清醒] 规律度=0.12 呼吸率=  0.0/分 体动=0.000  音量=0% 灯=25%
  07:07:30  [清醒] 规律度=0.10 呼吸率=  0.0/分 体动=0.000  音量=0% 灯=90%
  07:07:35  [清醒] 规律度=0.11 呼吸率=  0.0/分 体动=0.000  音量=0% 灯=15%
  07:07:40  [清醒] 规律度=0.10 呼吸率=  0.0/分 体动=0.000  音量=0% 灯=90%
  07:07:45  [清醒] 规律度=0.10 呼吸率=  0.0/分 体动=0.000  音量=0% 灯=48%
  07:07:50  [清醒] 规律度=0.10 呼吸率=  0.0/分 体动=0.000  音量=0% 灯=53%
  07:07:55  [清醒] 规律度=0.11 呼吸率=  0.0/分 体动=0.000  音量=0% 灯=83%
  07:08:00  [清醒] 规律度=0.15 呼吸率=  0.0/分 体动=0.000  音量=0% 灯=10%
  07:08:05  [清醒] 规律度=0.13 呼吸率=  0.0/分 体动=0.000  音量=0% 灯=90%
  07:08:10  [清醒] 规律度=0.12 呼吸率=  0.0/分 体动=0.000  音量=0% 灯=29%
  07:08:15  [清醒] 规律度=0.15 呼吸率=  0.0/分 体动=0.000  音量=0% 灯=80%
  07:08:20  [清醒] 规律度=0.13 呼吸率=  0.0/分 体动=0.000  音量=0% 灯=67%
  07:08:25  [清醒] 规律度=0.12 呼吸率=  0.0/分 体动=0.000  音量=0% 灯=25%
  07:08:30  [清醒] 规律度=0.12 呼吸率=  0.0/分 体动=0.000  音量=0% 灯=90%
  07:08:35  [清醒] 规律度=0.12 呼吸率=  0.0/分 体动=0.000  音量=0% 灯=15%
  07:08:40  [清醒] 规律度=0.13 呼吸率=  0.0/分 体动=0.000  音量=0% 灯=90%
  07:08:45  [清醒] 规律度=0.16 呼吸率=  0.0/分 体动=0.000  音量=0% 灯=48%
  07:08:50  [清醒] 规律度=0.21 呼吸率=  0.0/分 体动=0.000  音量=0% 灯=53%
  07:08:55  [清醒] 规律度=0.16 呼吸率=  0.0/分 体动=0.000  音量=0% 灯=83%
  07:09:00  [清醒] 规律度=0.12 呼吸率=  0.0/分 体动=0.000  音量=0% 灯=10%
  07:09:05  [清醒] 规律度=0.11 呼吸率=  0.0/分 体动=0.000  音量=0% 灯=90%
  07:09:10  [清醒] 规律度=0.12 呼吸率=  0.0/分 体动=0.000  音量=0% 灯=29%
  07:09:15  [清醒] 规律度=0.12 呼吸率=  0.0/分 体动=0.000  音量=0% 灯=80%
  07:09:20  [清醒] 规律度=0.09 呼吸率=  0.0/分 体动=0.000  音量=0% 灯=67%
  07:09:25  [清醒] 规律度=0.12 呼吸率=  0.0/分 体动=0.000  音量=0% 灯=25%
  07:09:30  [清醒] 规律度=0.11 呼吸率=  0.0/分 体动=0.000  音量=0% 灯=90%
  07:09:35  [清醒] 规律度=0.13 呼吸率=  0.0/分 体动=0.000  音量=0% 灯=15%
  07:09:40  [清醒] 规律度=0.11 呼吸率=  0.0/分 体动=0.000  音量=0% 灯=90%
  07:09:45  [清醒] 规律度=0.10 呼吸率=  0.0/分 体动=0.000  音量=0% 灯=48%
  07:09:50  [清醒] 规律度=0.14 呼吸率=  0.0/分 体动=0.000  音量=0% 灯=53%
  07:09:55  [清醒] 规律度=0.13 呼吸率=  0.0/分 体动=0.000  音量=0% 灯=83%
[link] ↑ 上报入睡判定：清醒 置信=  0%  呼吸= 0次/分
  07:10:00  [清醒] 规律度=0.12 呼吸率=  0.0/分 体动=0.000  音量=0% 灯=10%
==============================================================
 主循环结束（真机编译 MIANYU_DEMO_BOUNDED=0 后为常开循环）。
==============================================================
==================================================
 安眠科技 · 真机主循环（HAL 接入版，PC 模拟器）
==================================================
